Policy_Type_Id,Policy_Type,Policy_Type_Desc,Policy_Id,Policy_Name,Customer_ID,Premium_Amt,Policy_Term,Policy_Start_Dt,Policy_End_Dt,Next_Premium_Dt,Actual_Premium_Paid_Dt,Total_Policy_Amt,Premium_Amt_Paid_TillDate,Region
PT001,Auto,Auto insurance policy,10001,Auto Policy 10001,1,25000,Annual,2014-02-06,2019-02-05,2014-09-20,2014-08-21,200000,14732.62,EAST
PT001,Auto,Auto insurance policy,10002,Auto Policy 10002,1,12500,Annual,2011-10-11,2016-10-09,2012-10-07,2012-09-07,500000,6117.62,EAST
PT005,Home,Home insurance policy,10003,Home Policy 10003,1,7500,Annual,2010-06-20,2015-06-19,2011-03-03,2011-02-01,500000,1846.81,EAST
PT005,Home,Home insurance policy,10004,Home Policy 10004,2,15000,Quarterly,2014-09-02,2016-09-01,2015-04-25,2015-03-26,1000000,8717.53,SOUTH
PT002,WholeLife,Whole life insurance policy,10005,WholeLife Policy 10005,3,5000,Quarterly,2012-01-02,2024-11-10,2021-01-09,2020-12-10,800000,3009.66,EAST
PT001,Auto,Auto insurance policy,10006,Auto Policy 10006,4,12500,Annual,2018-04-14,2023-04-13,2019-03-24,2019-02-22,400000,3354.47,NORTH
PT004,Health,Health insurance policy,10007,Health Policy 10007,4,12500,Quarterly,2008-12-14,2010-12-14,2009-12-15,2009-11-15,200000,3451.52,NORTH
PT004,Health,Health insurance policy,10008,Health Policy 10008,5,20000,Quarterly,2012-05-06,2014-05-06,2012-08-05,2012-07-06,800000,5267.46,NORTH
PT002,WholeLife,Whole life insurance policy,10009,WholeLife Policy 10009,5,25000,Annual,2018-01-10,2023-01-09,2019-04-02,2019-03-03,200000,7567.69,NORTH
PT002,WholeLife,Whole life insurance policy,10010,WholeLife Policy 10010,5,10000,Annual,2015-02-28,2020-02-27,2016-03-09,2016-02-08,500000,6045.52,NORTH
PT002,WholeLife,Whole life insurance policy,10011,WholeLife Policy 10011,6,10000,Quarterly,2020-04-14,2022-04-14,2021-07-24,2021-06-24,600000,8392.43,SOUTH
PT004,Health,Health insurance policy,10012,Health Policy 10012,7,15000,Monthly,2012-09-21,2013-09-21,2013-09-29,2013-08-30,200000,13357.43,EAST
PT004,Health,Health insurance policy,10013,Health Policy 10013,7,5000,Quarterly,2007-11-11,2009-11-10,2009-04-15,2009-03-16,400000,2921.1,EAST
PT001,Auto,Auto insurance policy,10014,Auto Policy 10014,8,25000,Annual,2020-10-10,2025-10-09,2021-02-03,2021-01-04,400000,20071.84,SOUTH
PT002,WholeLife,Whole life insurance policy,10015,WholeLife Policy 10015,9,15000,Annual,2014-09-07,2019-09-06,2015-09-22,2015-08-23,500000,6340.34,EAST
PT004,Health,Health insurance policy,10016,Health Policy 10016,10,15000,Quarterly,2013-07-23,2015-07-23,2014-08-26,2014-07-27,300000,4820.81,NORTH
PT002,WholeLife,Whole life insurance policy,10017,WholeLife Policy 10017,10,12500,Annual,2009-03-22,2014-03-21,2009-11-21,2009-10-22,1000000,9849.67,NORTH
PT003,Term,Term life insurance policy,10018,Term Policy 10018,11,7500,Monthly,2020-01-12,2021-01-11,2020-04-17,2020-03-18,200000,4904.04,SOUTH
PT004,Health,Health insurance policy,10019,Health Policy 10019,12,7500,Quarterly,2019-10-04,2021-10-03,2020-02-11,2020-01-12,200000,4871.78,SOUTH
PT004,Health,Health insurance policy,10020,Health Policy 10020,13,12500,Annual,2020-08-06,2025-08-05,2021-01-05,2020-12-06,600000,6475.95,SOUTH
PT004,Health,Health insurance policy,10021,Health Policy 10021,13,12500,Quarterly,2017-05-20,2019-05-20,2017-11-11,2017-10-12,400000,4125.67,SOUTH
PT001,Auto,Auto insurance policy,10022,Auto Policy 10022,14,25000,Quarterly,2017-12-18,2019-12-18,2018-06-17,2018-05-18,900000,17462.27,EAST
PT003,Term,Term life insurance policy,10023,Term Policy 10023,14,15000,Annual,2014-03-20,2019-03-19,2014-06-05,2014-05-06,400000,13271.45,EAST
PT005,Home,Home insurance policy,10024,Home Policy 10024,14,10000,Annual,2015-11-03,2020-11-01,2016-10-25,2016-09-25,200000,5370.73,EAST
PT001,Auto,Auto insurance policy,10025,Auto Policy 10025,15,20000,Annual,2008-03-09,2013-03-08,2009-07-21,2009-06-21,600000,17771.36,EAST
PT003,Term,Term life insurance policy,10026,Term Policy 10026,15,5000,Annual,2015-06-06,2020-06-04,2016-11-02,2016-10-03,600000,3135.25,EAST
PT002,WholeLife,Whole life insurance policy,10027,WholeLife Policy 10027,15,20000,Annual,2015-08-07,2020-08-05,2016-09-12,2016-08-13,800000,5093.15,EAST
PT005,Home,Home insurance policy,10028,Home Policy 10028,16,15000,Quarterly,2018-01-01,2020-01-01,2019-06-07,2019-05-08,200000,6607.23,EAST
PT001,Auto,Auto insurance policy,10029,Auto Policy 10029,16,15000,Quarterly,2015-07-08,2017-07-07,2016-06-25,2016-05-26,500000,10705.05,EAST
PT004,Health,Health insurance policy,10030,Health Policy 10030,16,10000,Quarterly,2012-12-01,2014-12-01,2013-02-17,2013-01-18,300000,6865.36,EAST
PT003,Term,Term life insurance policy,10031,Term Policy 10031,17,5000,Quarterly,2017-08-23,2019-08-23,2018-06-21,2018-05-22,800000,3023.49,SOUTH
PT005,Home,Home insurance policy,10032,Home Policy 10032,17,10000,Annual,2006-02-27,2011-02-26,2007-05-10,2007-04-10,1000000,6370.22,SOUTH
PT003,Term,Term life insurance policy,10033,Term Policy 10033,17,7500,Monthly,2015-11-16,2016-11-15,2016-02-23,2016-01-24,600000,5970.09,SOUTH
PT003,Term,Term life insurance policy,10034,Term Policy 10034,18,10000,Annual,2007-12-22,2012-12-20,2009-05-04,2009-04-04,400000,3798.69,WEST
PT001,Auto,Auto insurance policy,10035,Auto Policy 10035,18,15000,Monthly,2018-07-18,2019-07-18,2018-12-02,2018-11-02,800000,9921.13,WEST
PT002,WholeLife,Whole life insurance policy,10036,WholeLife Policy 10036,19,7500,Annual,2010-11-11,2015-11-10,2011-04-12,2011-03-13,500000,5696.7,SOUTH
PT001,Auto,Auto insurance policy,10037,Auto Policy 10037,19,7500,Monthly,2012-09-09,2013-09-09,2014-01-02,2013-12-03,600000,2309.29,SOUTH
PT004,Health,Health insurance policy,10038,Health Policy 10038,20,20000,Monthly,2013-08-05,2014-08-05,2014-10-10,2014-09-10,500000,12926.05,EAST
PT002,WholeLife,Whole life insurance policy,10039,WholeLife Policy 10039,20,25000,Annual,2017-12-16,2022-12-15,2018-03-13,2018-02-11,400000,16239.57,EAST
PT001,Auto,Auto insurance policy,10040,Auto Policy 10040,21,12500,Quarterly,2008-10-04,2010-10-04,2009-05-06,2009-04-06,500000,6667.33,WEST
PT002,WholeLife,Whole life insurance policy,10041,WholeLife Policy 10041,22,20000,Annual,2013-07-09,2018-07-08,2014-05-07,2014-04-07,500000,7676.75,SOUTH
PT005,Home,Home insurance policy,10042,Home Policy 10042,22,10000,Monthly,2014-10-02,2015-10-02,2015-07-18,2015-06-18,1000000,4674.03,SOUTH
PT003,Term,Term life insurance policy,10043,Term Policy 10043,22,5000,Annual,2016-11-22,2021-11-21,2018-05-05,2018-04-05,200000,2859.53,SOUTH
PT004,Health,Health insurance policy,10044,Health Policy 10044,23,25000,Annual,2018-09-11,2023-09-10,2019-04-30,2019-03-31,400000,9730.71,WEST
PT001,Auto,Auto insurance policy,10045,Auto Policy 10045,23,15000,Annual,2010-09-23,2015-09-22,2011-07-16,2011-06-16,500000,11118.09,WEST
PT002,WholeLife,Whole life insurance policy,10046,WholeLife Policy 10046,24,25000,Annual,2020-01-27,2025-01-25,2020-12-18,2020-11-18,300000,10904.62,EAST
PT002,WholeLife,Whole life insurance policy,10047,WholeLife Policy 10047,24,5000,Annual,2012-01-11,2017-01-09,2012-03-15,2012-02-14,800000,3910.91,EAST
PT001,Auto,Auto insurance policy,10048,Auto Policy 10048,24,15000,Monthly,2014-03-23,2015-03-23,2015-05-07,2015-04-07,200000,7682.39,EAST
PT003,Term,Term life insurance policy,10049,Term Policy 10049,25,5000,Monthly,2010-08-26,2011-08-26,2011-09-07,2011-08-08,200000,1321.79,WEST
PT002,WholeLife,Whole life insurance policy,10050,WholeLife Policy 10050,26,5000,Annual,2018-06-12,2023-06-11,2018-10-11,2018-09-11,800000,1302.35,EAST
PT005,Home,Home insurance policy,10051,Home Policy 10051,26,20000,Quarterly,2007-12-01,2009-11-30,2009-05-04,2009-04-04,1000000,13070.68,EAST
PT002,WholeLife,Whole life insurance policy,10052,WholeLife Policy 10052,26,7500,Annual,2007-06-28,2012-06-26,2008-01-24,2007-12-25,400000,3951.52,EAST
PT004,Health,Health insurance policy,10053,Health Policy 10053,27,20000,Quarterly,2011-03-15,2013-03-14,2012-06-11,2012-05-12,800000,14781.67,EAST
PT002,WholeLife,Whole life insurance policy,10054,WholeLife Policy 10054,28,25000,Quarterly,2006-08-30,2008-08-29,2007-05-12,2007-04-12,200000,11800.33,WEST
PT001,Auto,Auto insurance policy,10055,Auto Policy 10055,28,7500,Quarterly,2010-10-17,2012-10-16,2011-01-20,2010-12-21,500000,4081.54,WEST
PT005,Home,Home insurance policy,10056,Home Policy 10056,29,20000,Monthly,2013-10-22,2014-10-22,2014-02-14,2014-01-15,500000,6014.22,EAST
PT002,WholeLife,Whole life insurance policy,10057,WholeLife Policy 10057,30,5000,Annual,2018-10-09,2023-10-08,2019-12-09,2019-11-09,500000,1906.49,SOUTH
PT001,Auto,Auto insurance policy,10058,Auto Policy 10058,30,15000,Monthly,2006-08-21,2007-08-21,2007-02-25,2007-01-26,800000,11160.99,SOUTH
PT004,Health,Health insurance policy,10059,Health Policy 10059,31,20000,Annual,2008-05-04,2013-05-03,2008-07-22,2008-06-22,200000,13304.48,SOUTH
PT002,WholeLife,Whole life insurance policy,10060,WholeLife Policy 10060,32,12500,Quarterly,2020-09-13,2022-09-13,2020-11-13,2020-10-14,600000,7009.6,EAST
PT004,Health,Health insurance policy,10061,Health Policy 10061,32,12500,Quarterly,2015-09-22,2017-09-21,2016-11-27,2016-10-28,1000000,9333.2,EAST
PT005,Home,Home insurance policy,10062,Home Policy 10062,33,12500,Monthly,2010-01-25,2011-01-25,2011-05-18,2011-04-18,800000,9323.51,WEST
PT005,Home,Home insurance policy,10063,Home Policy 10063,34,10000,Quarterly,2017-01-03,2019-01-03,2017-08-06,2017-07-07,800000,4804.3,SOUTH
PT001,Auto,Auto insurance policy,10064,Auto Policy 10064,35,25000,Annual,2013-03-12,2018-03-11,2013-06-21,2013-05-22,400000,19720.68,NORTH
PT003,Term,Term life insurance policy,10065,Term Policy 10065,35,7500,Monthly,2019-07-13,2020-07-12,2019-10-01,2019-09-01,600000,6579.44,NORTH
PT002,WholeLife,Whole life insurance policy,10066,WholeLife Policy 10066,35,12500,Annual,2011-09-15,2016-09-13,2012-10-01,2012-09-01,200000,8527.37,NORTH
PT001,Auto,Auto insurance policy,10067,Auto Policy 10067,36,20000,Quarterly,2019-03-12,2021-03-11,2019-07-21,2019-06-21,300000,4499.78,SOUTH
PT001,Auto,Auto insurance policy,10068,Auto Policy 10068,36,12500,Monthly,2018-04-20,2019-04-20,2018-07-21,2018-06-21,500000,9436.47,SOUTH
PT003,Term,Term life insurance policy,10069,Term Policy 10069,37,25000,Annual,2016-03-17,2021-03-16,2017-01-01,2016-12-02,1000000,21915.05,NORTH
PT001,Auto,Auto insurance policy,10070,Auto Policy 10070,37,5000,Quarterly,2005-10-31,2007-10-31,2007-02-06,2007-01-07,400000,3523.54,NORTH
PT004,Health,Health insurance policy,10071,Health Policy 10071,37,25000,Monthly,2007-08-27,2008-08-26,2008-10-01,2008-09-01,800000,14154.59,NORTH
PT005,Home,Home insurance policy,10072,Home Policy 10072,38,15000,Annual,2008-05-05,2013-05-04,2008-08-09,2008-07-10,300000,3387.22,NORTH
PT002,WholeLife,Whole life insurance policy,10073,WholeLife Policy 10073,38,5000,Annual,2015-12-20,2020-12-18,2017-05-27,2017-04-27,500000,4213.07,NORTH
PT001,Auto,Auto insurance policy,10074,Auto Policy 10074,38,20000,Annual,2010-06-12,2015-06-11,2010-08-18,2010-07-19,300000,6411.49,NORTH
PT003,Term,Term life insurance policy,10075,Term Policy 10075,39,15000,Quarterly,2007-03-09,2009-03-08,2008-07-08,2008-06-08,300000,9205.95,WEST
PT001,Auto,Auto insurance policy,10076,Auto Policy 10076,40,25000,Annual,2016-02-25,2021-02-23,2016-08-15,2016-07-16,600000,6104.43,NORTH
PT004,Health,Health insurance policy,10077,Health Policy 10077,41,20000,Annual,2012-07-26,2017-07-25,2013-03-09,2013-02-07,500000,5691.23,SOUTH
PT005,Home,Home insurance policy,10078,Home Policy 10078,42,10000,Monthly,2017-03-30,2018-03-30,2018-07-09,2018-06-09,1000000,3492.62,WEST
PT001,Auto,Auto insurance policy,10079,Auto Policy 10079,42,10000,Monthly,2018-04-21,2019-04-21,2018-08-20,2018-07-21,200000,3917.25,WEST
PT004,Health,Health insurance policy,10080,Health Policy 10080,42,10000,Annual,2008-10-08,2013-10-07,2009-03-01,2009-01-30,600000,5070.63,WEST
PT001,Auto,Auto insurance policy,10081,Auto Policy 10081,43,25000,Monthly,2007-12-29,2008-12-28,2009-01-15,2008-12-16,1000000,15717.73,WEST
PT002,WholeLife,Whole life insurance policy,10082,WholeLife Policy 10082,43,5000,Quarterly,2005-05-09,2007-05-09,2005-07-11,2005-06-11,200000,1627.94,WEST
PT001,Auto,Auto insurance policy,10083,Auto Policy 10083,43,15000,Annual,2020-11-07,2025-11-06,2021-08-07,2021-07-08,400000,10281.79,WEST
PT002,WholeLife,Whole life insurance policy,10084,WholeLife Policy 10084,44,20000,Monthly,2009-08-16,2010-08-16,2010-07-09,2010-06-09,400000,10305.87,NORTH
PT002,WholeLife,Whole life insurance policy,10085,WholeLife Policy 10085,44,20000,Annual,2008-11-30,2013-11-29,2009-11-30,2009-10-31,200000,6520.01,NORTH
PT005,Home,Home insurance policy,10086,Home Policy 10086,45,25000,Annual,2006-12-23,2011-12-22,2007-07-25,2007-06-25,1000000,11087.44,NORTH
PT001,Auto,Auto insurance policy,10087,Auto Policy 10087,45,7500,Monthly,2017-07-05,2018-07-05,2018-06-01,2018-05-02,200000,6628.16,NORTH
PT003,Term,Term life insurance policy,10088,Term Policy 10088,46,7500,Annual,2017-02-08,2022-02-07,2018-05-08,2018-04-08,500000,4788.94,EAST
PT002,WholeLife,Whole life insurance policy,10089,WholeLife Policy 10089,46,7500,Monthly,2011-03-15,2012-03-14,2012-06-24,2012-05-25,200000,2283.39,EAST
PT004,Health,Health insurance policy,10090,Health Policy 10090,46,7500,Monthly,2016-02-28,2017-02-27,2016-05-20,2016-04-20,800000,1783.64,EAST
PT003,Term,Term life insurance policy,10091,Term Policy 10091,47,10000,Quarterly,2009-09-13,2011-09-13,2010-09-23,2010-08-24,400000,7636.08,SOUTH
PT004,Health,Health insurance policy,10092,Health Policy 10092,47,20000,Monthly,2005-12-21,2006-12-21,2006-11-21,2006-10-22,200000,6462.43,SOUTH
PT004,Health,Health insurance policy,10093,Health Policy 10093,48,5000,Monthly,2016-07-20,2017-07-20,2017-09-22,2017-08-23,300000,2556.87,WEST
PT003,Term,Term life insurance policy,10094,Term Policy 10094,49,20000,Monthly,2014-05-26,2015-05-26,2015-10-27,2015-09-27,800000,8559.59,NORTH
PT001,Auto,Auto insurance policy,10095,Auto Policy 10095,49,5000,Monthly,2012-04-25,2013-04-25,2013-07-06,2013-06-06,300000,2444.08,NORTH
PT002,WholeLife,Whole life insurance policy,10096,WholeLife Policy 10096,49,5000,Monthly,2013-06-04,2014-06-04,2014-05-29,2014-04-29,500000,2695.43,NORTH
PT002,WholeLife,Whole life insurance policy,10097,WholeLife Policy 10097,50,12500,Annual,2009-11-06,2014-11-05,2010-07-22,2010-06-22,300000,5767.99,WEST
PT004,Health,Health insurance policy,10098,Health Policy 10098,50,10000,Annual,2009-05-10,2014-05-09,2009-10-20,2009-09-20,400000,4351.24,WEST
PT005,Home,Home insurance policy,10099,Home Policy 10099,51,7500,Quarterly,2006-05-04,2008-05-03,2007-09-12,2007-08-13,200000,3944.06,SOUTH
PT002,WholeLife,Whole life insurance policy,10100,WholeLife Policy 10100,52,10000,Monthly,2012-09-15,2013-09-15,2013-02-02,2013-01-03,600000,7526.83,SOUTH
PT005,Home,Home insurance policy,10101,Home Policy 10101,52,15000,Annual,2008-10-24,2013-10-23,2009-04-19,2009-03-20,1000000,3907.98,SOUTH
PT004,Health,Health insurance policy,10102,Health Policy 10102,53,12500,Annual,2009-11-09,2014-11-08,2010-09-01,2010-08-02,1000000,4942.75,NORTH
PT004,Health,Health insurance policy,10103,Health Policy 10103,53,10000,Monthly,2010-07-14,2011-07-14,2011-07-05,2011-06-05,500000,3556.85,NORTH
PT005,Home,Home insurance policy,10104,Home Policy 10104,53,5000,Annual,2008-05-05,2013-05-04,2008-07-26,2008-06-26,500000,1140.21,NORTH
PT005,Home,Home insurance policy,10105,Home Policy 10105,54,15000,Quarterly,2005-10-03,2007-10-03,2006-08-04,2006-07-05,500000,11502.02,NORTH
PT001,Auto,Auto insurance policy,10106,Auto Policy 10106,54,7500,Quarterly,2015-02-24,2017-02-23,2016-02-04,2016-01-05,200000,5453.66,NORTH
PT004,Health,Health insurance policy,10107,Health Policy 10107,55,10000,Monthly,2009-11-21,2010-11-21,2010-05-22,2010-04-22,400000,6533.48,NORTH
PT001,Auto,Auto insurance policy,10108,Auto Policy 10108,55,20000,Quarterly,2005-05-11,2007-05-11,2005-09-30,2005-08-31,400000,13846.26,NORTH
PT005,Home,Home insurance policy,10109,Home Policy 10109,55,12500,Monthly,2018-02-03,2019-02-03,2019-05-04,2019-04-04,500000,3712.96,NORTH
PT004,Health,Health insurance policy,10110,Health Policy 10110,56,20000,Quarterly,2009-02-24,2011-02-24,2010-04-20,2010-03-21,500000,12867.63,SOUTH
PT001,Auto,Auto insurance policy,10111,Auto Policy 10111,56,10000,Annual,2013-08-19,2018-08-18,2013-11-03,2013-10-04,600000,4076.13,SOUTH
PT003,Term,Term life insurance policy,10112,Term Policy 10112,56,15000,Annual,2020-08-28,2025-08-27,2021-12-07,2021-11-07,600000,5175.04,SOUTH
PT001,Auto,Auto insurance policy,10113,Auto Policy 10113,57,20000,Quarterly,2018-12-01,2020-11-30,2019-10-20,2019-09-20,200000,17234.51,NORTH
PT003,Term,Term life insurance policy,10114,Term Policy 10114,57,12500,Monthly,2006-02-27,2007-02-27,2006-12-22,2006-11-22,400000,7917.42,NORTH
PT003,Term,Term life insurance policy,10115,Term Policy 10115,57,20000,Monthly,2013-03-21,2014-03-21,2014-05-15,2014-04-15,600000,4938.08,NORTH
PT002,WholeLife,Whole life insurance policy,10116,WholeLife Policy 10116,58,7500,Quarterly,2008-02-08,2010-02-07,2008-06-05,2008-05-06,600000,4907.45,WEST
PT005,Home,Home insurance policy,10117,Home Policy 10117,58,25000,Monthly,2020-10-06,2021-10-06,2021-12-29,2021-11-29,800000,8945.15,WEST
PT003,Term,Term life insurance policy,10118,Term Policy 10118,58,20000,Annual,2010-12-31,2015-12-30,2011-07-20,2011-06-20,500000,4762.44,WEST
PT003,Term,Term life insurance policy,10119,Term Policy 10119,59,15000,Quarterly,2015-02-24,2017-02-23,2016-06-22,2016-05-23,600000,4288.45,SOUTH
PT005,Home,Home insurance policy,10120,Home Policy 10120,59,10000,Annual,2020-03-19,2025-03-18,2021-03-31,2021-03-01,500000,4577.02,SOUTH
PT001,Auto,Auto insurance policy,10121,Auto Policy 10121,60,5000,Quarterly,2009-03-23,2011-03-23,2009-12-08,2009-11-08,200000,4142.81,WEST
PT003,Term,Term life insurance policy,10122,Term Policy 10122,60,7500,Monthly,2006-09-23,2007-09-23,2007-01-18,2006-12-19,400000,5159.68,WEST
PT004,Health,Health insurance policy,10123,Health Policy 10123,60,15000,Monthly,2008-05-17,2009-05-17,2008-07-27,2008-06-27,800000,6078.28,WEST
PT005,Home,Home insurance policy,10124,Home Policy 10124,61,10000,Quarterly,2007-12-18,2009-12-17,2008-09-30,2008-08-31,500000,7163.96,EAST
PT001,Auto,Auto insurance policy,10125,Auto Policy 10125,61,5000,Monthly,2011-07-17,2012-07-16,2012-12-04,2012-11-04,200000,3806.96,EAST
PT005,Home,Home insurance policy,10126,Home Policy 10126,61,12500,Quarterly,2019-06-18,2021-06-17,2020-02-08,2020-01-09,600000,8237.9,EAST
PT004,Health,Health insurance policy,10127,Health Policy 10127,62,20000,Annual,2018-04-23,2023-04-22,2019-08-27,2019-07-28,600000,11678.56,SOUTH
PT004,Health,Health insurance policy,10128,Health Policy 10128,62,7500,Annual,2011-10-28,2016-10-26,2012-05-31,2012-05-01,1000000,2401.62,SOUTH
PT002,WholeLife,Whole life insurance policy,10129,WholeLife Policy 10129,63,10000,Quarterly,2015-11-11,2017-11-10,2017-03-17,2017-02-15,1000000,2331.23,SOUTH
PT003,Term,Term life insurance policy,10130,Term Policy 10130,63,7500,Quarterly,2011-05-19,2013-05-18,2011-10-08,2011-09-08,600000,5237.01,SOUTH
PT002,WholeLife,Whole life insurance policy,10131,WholeLife Policy 10131,64,20000,Annual,2008-12-07,2013-12-06,2010-03-18,2010-02-16,800000,6148.79,EAST
PT002,WholeLife,Whole life insurance policy,10132,WholeLife Policy 10132,64,10000,Monthly,2007-08-16,2008-08-15,2007-12-18,2007-11-18,600000,5086.22,EAST
PT002,WholeLife,Whole life insurance policy,10133,WholeLife Policy 10133,65,20000,Annual,2009-08-08,2014-08-07,2010-09-12,2010-08-13,200000,8437.21,WEST
PT003,Term,Term life insurance policy,10134,Term Policy 10134,65,12500,Quarterly,2008-04-26,2010-04-26,2008-09-16,2008-08-17,600000,7169.38,WEST
PT001,Auto,Auto insurance policy,10135,Auto Policy 10135,66,25000,Quarterly,2014-01-28,2016-01-28,2014-11-18,2014-10-19,300000,21236.7,SOUTH
PT001,Auto,Auto insurance policy,10136,Auto Policy 10136,67,10000,Annual,2017-04-02,2022-04-01,2018-05-28,2018-04-28,800000,4068.9,EAST
PT005,Home,Home insurance policy,10137,Home Policy 10137,68,25000,Monthly,2019-12-17,2020-12-16,2021-02-22,2021-01-23,600000,20870.41,SOUTH
PT004,Health,Health insurance policy,10138,Health Policy 10138,68,5000,Annual,2012-08-06,2017-08-05,2013-06-07,2013-05-08,800000,4150.61,SOUTH
PT005,Home,Home insurance policy,10139,Home Policy 10139,69,5000,Quarterly,2007-08-16,2009-08-15,2008-08-26,2008-07-27,500000,3943.07,SOUTH
PT003,Term,Term life insurance policy,10140,Term Policy 10140,70,5000,Quarterly,2007-01-28,2009-01-27,2008-02-20,2008-01-21,600000,1683.02,SOUTH
PT005,Home,Home insurance policy,10141,Home Policy 10141,70,7500,Quarterly,2009-12-25,2011-12-25,2010-04-06,2010-03-07,200000,4326.66,SOUTH
PT001,Auto,Auto insurance policy,10142,Auto Policy 10142,71,7500,Quarterly,2016-06-24,2018-06-24,2017-02-01,2017-01-02,500000,4666.65,WEST
PT005,Home,Home insurance policy,10143,Home Policy 10143,71,10000,Annual,2006-04-05,2011-04-04,2006-08-18,2006-07-19,500000,7011.75,WEST
PT003,Term,Term life insurance policy,10144,Term Policy 10144,72,5000,Quarterly,2013-08-30,2015-08-30,2014-04-23,2014-03-24,400000,2229.74,SOUTH
PT004,Health,Health insurance policy,10145,Health Policy 10145,72,7500,Monthly,2017-08-01,2018-08-01,2018-12-28,2018-11-28,800000,3832.16,SOUTH
PT004,Health,Health insurance policy,10146,Health Policy 10146,73,25000,Monthly,2011-06-23,2012-06-22,2012-11-23,2012-10-24,800000,12417.06,NORTH
PT004,Health,Health insurance policy,10147,Health Policy 10147,73,15000,Annual,2008-02-18,2013-02-16,2008-06-30,2008-05-31,200000,5181.73,NORTH
PT005,Home,Home insurance policy,10148,Home Policy 10148,74,15000,Monthly,2012-07-10,2013-07-10,2013-03-19,2013-02-17,1000000,3928.71,WEST
PT004,Health,Health insurance policy,10149,Health Policy 10149,74,12500,Quarterly,2019-05-01,2021-04-30,2020-04-09,2020-03-10,300000,6543.55,WEST
PT002,WholeLife,Whole life insurance policy,10150,WholeLife Policy 10150,75,25000,Monthly,2009-06-21,2010-06-21,2010-01-15,2009-12-16,500000,14692.67,NORTH
PT001,Auto,Auto insurance policy,10151,Auto Policy 10151,75,10000,Annual,2011-10-10,2016-10-08,2012-09-20,2012-08-21,500000,7178.99,NORTH
PT002,WholeLife,Whole life insurance policy,10152,WholeLife Policy 10152,75,7500,Monthly,2005-08-08,2006-08-08,2006-03-09,2006-02-07,400000,6519.14,NORTH
PT004,Health,Health insurance policy,10153,Health Policy 10153,76,20000,Annual,2007-10-15,2012-10-13,2008-07-14,2008-06-14,400000,6511.21,NORTH
PT002,WholeLife,Whole life insurance policy,10154,WholeLife Policy 10154,76,25000,Monthly,2005-08-22,2006-08-22,2006-06-30,2006-05-31,400000,22400.83,NORTH
PT001,Auto,Auto insurance policy,10155,Auto Policy 10155,76,10000,Annual,2018-06-08,2023-06-07,2019-04-10,2019-03-11,600000,5959.02,NORTH
PT004,Health,Health insurance policy,10156,Health Policy 10156,77,10000,Monthly,2020-07-28,2021-07-28,2021-10-06,2021-09-06,600000,6026.85,EAST
PT003,Term,Term life insurance policy,10157,Term Policy 10157,77,5000,Annual,2008-08-27,2013-08-26,2009-04-07,2009-03-08,300000,2613.65,EAST
PT002,WholeLife,Whole life insurance policy,10158,WholeLife Policy 10158,78,5000,Monthly,2013-01-06,2014-01-06,2013-09-07,2013-08-08,400000,2468.3,EAST
PT003,Term,Term life insurance policy,10159,Term Policy 10159,78,10000,Quarterly,2006-02-04,2008-02-04,2007-02-26,2007-01-27,600000,8554.22,EAST
PT005,Home,Home insurance policy,10160,Home Policy 10160,78,7500,Annual,2009-05-07,2014-05-06,2009-08-23,2009-07-24,1000000,4643.5,EAST
PT005,Home,Home insurance policy,10161,Home Policy 10161,79,25000,Quarterly,2012-03-27,2014-03-27,2013-05-11,2013-04-11,1000000,18997.85,NORTH
PT003,Term,Term life insurance policy,10162,Term Policy 10162,80,15000,Annual,2007-02-25,2012-02-24,2008-06-20,2008-05-21,400000,4509.03,SOUTH
PT002,WholeLife,Whole life insurance policy,10163,WholeLife Policy 10163,80,10000,Quarterly,2016-08-15,2018-08-15,2017-06-19,2017-05-20,1000000,4883.96,SOUTH
PT001,Auto,Auto insurance policy,10164,Auto Policy 10164,81,15000,Monthly,2009-11-20,2010-11-20,2011-03-20,2011-02-18,300000,4978.38,WEST
PT005,Home,Home insurance policy,10165,Home Policy 10165,82,25000,Annual,2020-06-20,2025-06-19,2021-08-18,2021-07-19,600000,14644.47,WEST
PT001,Auto,Auto insurance policy,10166,Auto Policy 10166,82,5000,Quarterly,2014-05-12,2016-05-11,2015-09-03,2015-08-04,200000,1459.31,WEST
PT001,Auto,Auto insurance policy,10167,Auto Policy 10167,82,10000,Quarterly,2015-10-04,2017-10-03,2016-06-05,2016-05-06,800000,2973.1,WEST
PT005,Home,Home insurance policy,10168,Home Policy 10168,83,7500,Quarterly,2016-09-25,2018-09-25,2017-04-28,2017-03-29,800000,1650.99,EAST
PT001,Auto,Auto insurance policy,10169,Auto Policy 10169,83,25000,Monthly,2009-12-27,2010-12-27,2010-05-08,2010-04-08,800000,17040.83,EAST
PT002,WholeLife,Whole life insurance policy,10170,WholeLife Policy 10170,84,5000,Monthly,2009-09-16,2010-09-16,2010-11-03,2010-10-04,500000,3670.58,SOUTH
PT001,Auto,Auto insurance policy,10171,Auto Policy 10171,84,25000,Monthly,2006-09-29,2007-09-29,2007-12-20,2007-11-20,500000,12546.83,SOUTH
PT001,Auto,Auto insurance policy,10172,Auto Policy 10172,85,15000,Annual,2005-09-26,2010-09-25,2005-12-25,2005-11-25,600000,7925.36,WEST
PT001,Auto,Auto insurance policy,10173,Auto Policy 10173,86,20000,Quarterly,2006-06-27,2008-06-26,2007-09-16,2007-08-17,200000,5351.05,NORTH
PT001,Auto,Auto insurance policy,10174,Auto Policy 10174,86,15000,Monthly,2018-07-01,2019-07-01,2018-12-02,2018-11-02,300000,10041.31,NORTH
PT001,Auto,Auto insurance policy,10175,Auto Policy 10175,87,10000,Annual,2008-04-07,2013-04-06,2008-12-01,2008-11-01,600000,4465.42,NORTH
PT005,Home,Home insurance policy,10176,Home Policy 10176,88,15000,Annual,2010-06-05,2015-06-04,2010-09-23,2010-08-24,200000,11605.66,EAST
PT001,Auto,Auto insurance policy,10177,Auto Policy 10177,88,20000,Monthly,2016-11-11,2017-11-11,2017-06-03,2017-05-04,300000,6404.83,EAST
PT005,Home,Home insurance policy,10178,Home Policy 10178,88,5000,Annual,2005-02-05,2010-02-04,2005-12-20,2005-11-20,300000,3979.54,EAST
PT003,Term,Term life insurance policy,10179,Term Policy 10179,89,7500,Annual,2020-08-29,2025-08-28,2021-10-07,2021-09-07,500000,6528.18,WEST
PT002,WholeLife,Whole life insurance policy,10180,WholeLife Policy 10180,89,12500,Quarterly,2012-12-16,2014-12-16,2013-11-04,2013-10-05,300000,4491.1,WEST
PT003,Term,Term life insurance policy,10181,Term Policy 10181,90,5000,Quarterly,2007-10-10,2009-10-09,2008-02-16,2008-01-17,600000,2735.36,EAST
PT003,Term,Term life insurance policy,10182,Term Policy 10182,91,5000,Annual,2017-07-01,2022-06-30,2018-02-13,2018-01-14,200000,2727.99,WEST
PT004,Health,Health insurance policy,10183,Health Policy 10183,91,15000,Quarterly,2011-05-13,2013-05-12,2011-12-18,2011-11-18,800000,10213.99,WEST
PT002,WholeLife,Whole life insurance policy,10184,WholeLife Policy 10184,92,10000,Quarterly,2017-06-04,2019-06-04,2018-03-10,2018-02-08,1000000,3321.49,EAST
PT001,Auto,Auto insurance policy,10185,Auto Policy 10185,92,10000,Annual,2015-09-02,2020-08-31,2015-11-07,2015-10-08,300000,8991.06,EAST
PT001,Auto,Auto insurance policy,10186,Auto Policy 10186,93,15000,Quarterly,2013-11-22,2015-11-22,2015-01-02,2014-12-03,800000,3892.56,WEST
PT002,WholeLife,Whole life insurance policy,10187,WholeLife Policy 10187,93,20000,Quarterly,2013-11-09,2015-11-09,2014-03-01,2014-01-30,600000,14380.05,WEST
PT001,Auto,Auto insurance policy,10188,Auto Policy 10188,94,10000,Monthly,2013-02-27,2014-02-27,2014-02-26,2014-01-27,300000,7908.21,NORTH
PT001,Auto,Auto insurance policy,10189,Auto Policy 10189,95,20000,Quarterly,2010-03-23,2012-03-22,2010-10-11,2010-09-11,500000,14707.44,WEST
PT005,Home,Home insurance policy,10190,Home Policy 10190,95,25000,Quarterly,2018-04-26,2020-04-25,2019-08-09,2019-07-10,1000000,16267.05,WEST
PT003,Term,Term life insurance policy,10191,Term Policy 10191,96,15000,Annual,2015-09-03,2020-09-01,2016-07-07,2016-06-07,500000,8369.85,SOUTH
PT002,WholeLife,Whole life insurance policy,10192,WholeLife Policy 10192,96,5000,Monthly,2015-03-14,2016-03-13,2016-01-18,2015-12-19,400000,2740.46,SOUTH
PT002,WholeLife,Whole life insurance policy,10193,WholeLife Policy 10193,97,20000,Monthly,2005-09-01,2006-09-01,2006-12-30,2006-11-30,200000,4955.2,EAST
PT001,Auto,Auto insurance policy,10194,Auto Policy 10194,97,15000,Quarterly,2009-01-07,2011-01-07,2009-08-22,2009-07-23,800000,4603.73,EAST
PT005,Home,Home insurance policy,10195,Home Policy 10195,97,25000,Monthly,2018-12-24,2019-12-24,2020-01-26,2019-12-27,200000,18153.17,EAST
PT004,Health,Health insurance policy,10196,Health Policy 10196,98,20000,Quarterly,2009-07-13,2011-07-13,2010-05-20,2010-04-20,500000,11067.13,WEST
PT005,Home,Home insurance policy,10197,Home Policy 10197,98,15000,Annual,2012-09-15,2017-09-14,2013-12-10,2013-11-10,200000,3331.78,WEST
PT001,Auto,Auto insurance policy,10198,Auto Policy 10198,99,10000,Quarterly,2013-08-09,2015-08-09,2014-04-18,2014-03-19,1000000,5097.89,SOUTH
PT001,Auto,Auto insurance policy,10199,Auto Policy 10199,99,15000,Monthly,2005-09-27,2006-09-27,2007-02-09,2007-01-10,800000,11183.52,SOUTH
PT002,WholeLife,Whole life insurance policy,10200,WholeLife Policy 10200,100,7500,Quarterly,2016-01-10,2018-01-09,2017-03-11,2017-02-09,400000,3542.67,EAST
PT001,Auto,Auto insurance policy,10201,Auto Policy 10201,100,12500,Annual,2017-10-05,2022-10-04,2018-09-13,2018-08-14,800000,8497.02,EAST
PT005,Home,Home insurance policy,10202,Home Policy 10202,100,15000,Quarterly,2015-07-16,2017-07-15,2015-12-03,2015-11-03,1000000,8320.19,EAST
PT003,Term,Term life insurance policy,10203,Term Policy 10203,101,12500,Annual,2016-02-05,2021-02-03,2017-03-17,2017-02-15,600000,5586.68,NORTH
PT003,Term,Term life insurance policy,10204,Term Policy 10204,101,5000,Monthly,2012-03-10,2013-03-10,2012-06-01,2012-05-02,600000,1448.69,NORTH
PT003,Term,Term life insurance policy,10205,Term Policy 10205,102,25000,Monthly,2018-02-05,2019-02-05,2018-09-27,2018-08-28,800000,11660.03,SOUTH
PT004,Health,Health insurance policy,10206,Health Policy 10206,102,12500,Quarterly,2012-09-28,2014-09-28,2012-12-25,2012-11-25,400000,8285.85,SOUTH
PT002,WholeLife,Whole life insurance policy,10207,WholeLife Policy 10207,103,15000,Quarterly,2019-07-16,2021-07-15,2020-12-23,2020-11-23,200000,10223.91,EAST
PT001,Auto,Auto insurance policy,10208,Auto Policy 10208,104,5000,Monthly,2012-07-28,2013-07-28,2013-03-11,2013-02-09,600000,1130.82,EAST
PT004,Health,Health insurance policy,10209,Health Policy 10209,104,12500,Annual,2017-09-28,2022-09-27,2017-12-07,2017-11-07,400000,8589.64,EAST
PT001,Auto,Auto insurance policy,10210,Auto Policy 10210,105,15000,Quarterly,2012-02-06,2014-02-05,2012-09-18,2012-08-19,500000,9011.66,SOUTH
PT004,Health,Health insurance policy,10211,Health Policy 10211,105,20000,Annual,2007-03-31,2012-03-29,2007-11-18,2007-10-19,300000,10954.24,SOUTH
PT003,Term,Term life insurance policy,10212,Term Policy 10212,105,10000,Annual,2008-09-27,2013-09-26,2009-07-07,2009-06-07,400000,3412.31,SOUTH
PT001,Auto,Auto insurance policy,10213,Auto Policy 10213,106,10000,Monthly,2017-01-07,2018-01-07,2017-04-01,2017-03-02,400000,4081.24,EAST
PT005,Home,Home insurance policy,10214,Home Policy 10214,106,15000,Monthly,2014-01-07,2015-01-07,2014-04-24,2014-03-25,800000,10535.92,EAST
PT005,Home,Home insurance policy,10215,Home Policy 10215,106,10000,Annual,2007-02-16,2012-02-15,2007-05-21,2007-04-21,400000,5965.0,EAST
PT004,Health,Health insurance policy,10216,Health Policy 10216,107,10000,Monthly,2014-07-31,2015-07-31,2014-11-07,2014-10-08,1000000,6560.76,EAST
PT003,Term,Term life insurance policy,10217,Term Policy 10217,107,12500,Quarterly,2016-04-27,2018-04-27,2017-03-29,2017-02-27,800000,5241.84,EAST
PT004,Health,Health insurance policy,10218,Health Policy 10218,107,15000,Quarterly,2014-01-09,2016-01-09,2014-10-28,2014-09-28,600000,10051.38,EAST
PT002,WholeLife,Whole life insurance policy,10219,WholeLife Policy 10219,108,20000,Annual,2005-06-02,2010-06-01,2006-10-16,2006-09-16,600000,6611.55,SOUTH
PT004,Health,Health insurance policy,10220,Health Policy 10220,108,25000,Annual,2009-10-11,2014-10-10,2010-08-06,2010-07-07,800000,9688.88,SOUTH
PT005,Home,Home insurance policy,10221,Home Policy 10221,108,15000,Quarterly,2018-10-13,2020-10-12,2019-10-28,2019-09-28,800000,3628.76,SOUTH
PT003,Term,Term life insurance policy,10222,Term Policy 10222,109,7500,Monthly,2015-05-17,2016-05-16,2016-08-01,2016-07-02,300000,5097.86,NORTH
PT004,Health,Health insurance policy,10223,Health Policy 10223,110,25000,Quarterly,2014-03-15,2016-03-14,2015-08-23,2015-07-24,1000000,6127.48,WEST
PT002,WholeLife,Whole life insurance policy,10224,WholeLife Policy 10224,110,25000,Quarterly,2014-04-02,2016-04-01,2015-04-27,2015-03-28,400000,7810.23,WEST
PT005,Home,Home insurance policy,10225,Home Policy 10225,111,7500,Quarterly,2010-04-19,2012-04-18,2010-09-02,2010-08-03,200000,2507.56,NORTH
PT002,WholeLife,Whole life insurance policy,10226,WholeLife Policy 10226,111,12500,Quarterly,2011-12-19,2013-12-18,2012-09-27,2012-08-28,600000,6192.67,NORTH
PT001,Auto,Auto insurance policy,10227,Auto Policy 10227,111,10000,Monthly,2009-07-13,2010-07-13,2009-09-25,2009-08-26,300000,3808.78,NORTH
PT005,Home,Home insurance policy,10228,Home Policy 10228,112,25000,Annual,2008-12-12,2013-12-11,2010-02-14,2010-01-15,200000,13502.23,NORTH
PT001,Auto,Auto insurance policy,10229,Auto Policy 10229,112,10000,Monthly,2006-03-30,2007-03-30,2006-10-28,2006-09-28,600000,8070.2,NORTH
PT003,Term,Term life insurance policy,10230,Term Policy 10230,113,5000,Annual,2020-01-25,2025-01-23,2021-05-28,2021-04-28,500000,3534.82,SOUTH
PT002,WholeLife,Whole life insurance policy,10231,WholeLife Policy 10231,113,15000,Monthly,2010-04-18,2011-04-18,2011-02-28,2011-01-29,800000,12795.82,SOUTH
PT005,Home,Home insurance policy,10232,Home Policy 10232,114,12500,Quarterly,2016-10-12,2018-10-12,2017-04-11,2017-03-12,200000,7748.44,SOUTH
PT003,Term,Term life insurance policy,10233,Term Policy 10233,114,20000,Annual,2012-05-21,2017-05-20,2013-09-05,2013-08-06,500000,14477.24,SOUTH
PT002,WholeLife,Whole life insurance policy,10234,WholeLife Policy 10234,114,7500,Monthly,2014-06-27,2015-06-27,2014-11-23,2014-10-24,200000,2624.07,SOUTH
PT004,Health,Health insurance policy,10235,Health Policy 10235,115,25000,Quarterly,2014-02-28,2016-02-28,2014-05-27,2014-04-27,600000,13581.28,EAST
PT003,Term,Term life insurance policy,10236,Term Policy 10236,115,10000,Monthly,2020-09-10,2021-09-10,2021-06-13,2021-05-14,600000,5323.98,EAST
PT003,Term,Term life insurance policy,10237,Term Policy 10237,116,12500,Quarterly,2008-04-02,2010-04-02,2008-12-06,2008-11-06,800000,9686.95,SOUTH
PT005,Home,Home insurance policy,10238,Home Policy 10238,117,20000,Annual,2005-10-13,2010-10-12,2006-01-08,2005-12-09,1000000,13669.55,EAST
PT002,WholeLife,Whole life insurance policy,10239,WholeLife Policy 10239,118,12500,Annual,2010-09-04,2015-09-03,2011-09-26,2011-08-27,400000,10886.73,EAST
PT003,Term,Term life insurance policy,10240,Term Policy 10240,118,15000,Monthly,2020-05-15,2021-05-15,2020-11-12,2020-10-13,1000000,12005.29,EAST
PT004,Health,Health insurance policy,10241,Health Policy 10241,118,10000,Quarterly,2005-03-06,2007-03-06,2005-06-20,2005-05-21,400000,8554.26,EAST
PT003,Term,Term life insurance policy,10242,Term Policy 10242,119,12500,Monthly,2009-09-20,2010-09-20,2010-04-30,2010-03-31,800000,10195.34,NORTH
PT004,Health,Health insurance policy,10243,Health Policy 10243,120,25000,Quarterly,2005-10-05,2007-10-05,2007-01-29,2006-12-30,200000,18640.49,WEST
PT004,Health,Health insurance policy,10244,Health Policy 10244,120,12500,Annual,2015-07-27,2020-07-25,2016-03-13,2016-02-12,1000000,8777.13,WEST
PT001,Auto,Auto insurance policy,10245,Auto Policy 10245,120,10000,Annual,2008-08-06,2013-08-05,2008-11-07,2008-10-08,600000,4462.99,WEST
PT005,Home,Home insurance policy,10246,Home Policy 10246,121,20000,Quarterly,2012-04-30,2014-04-30,2013-07-24,2013-06-24,200000,4729.38,WEST
PT002,WholeLife,Whole life insurance policy,10247,WholeLife Policy 10247,121,25000,Quarterly,2019-02-19,2021-02-18,2019-06-28,2019-05-29,800000,5053.83,WEST
PT002,WholeLife,Whole life insurance policy,10248,WholeLife Policy 10248,121,10000,Quarterly,2019-02-04,2021-02-03,2019-05-17,2019-04-17,600000,2775.8,WEST
PT005,Home,Home insurance policy,10249,Home Policy 10249,122,25000,Monthly,2019-07-25,2020-07-24,2020-09-08,2020-08-09,600000,12180.53,WEST
PT004,Health,Health insurance policy,10250,Health Policy 10250,123,7500,Annual,2015-09-24,2020-09-22,2016-02-19,2016-01-20,400000,5109.2,SOUTH
PT003,Term,Term life insurance policy,10251,Term Policy 10251,123,5000,Monthly,2011-04-28,2012-04-27,2012-01-01,2011-12-02,500000,1636.61,SOUTH
PT005,Home,Home insurance policy,10252,Home Policy 10252,124,5000,Monthly,2010-01-13,2011-01-13,2011-02-08,2011-01-09,600000,3142.01,NORTH
PT002,WholeLife,Whole life insurance policy,10253,WholeLife Policy 10253,124,7500,Quarterly,2006-12-30,2008-12-29,2008-02-22,2008-01-23,400000,5972.11,NORTH
PT004,Health,Health insurance policy,10254,Health Policy 10254,125,15000,Quarterly,2018-11-11,2020-11-10,2019-03-27,2019-02-25,400000,3935.14,EAST
PT002,WholeLife,Whole life insurance policy,10255,WholeLife Policy 10255,126,5000,Monthly,2017-09-21,2018-09-21,2018-08-16,2018-07-17,800000,2523.06,NORTH
PT004,Health,Health insurance policy,10256,Health Policy 10256,126,5000,Quarterly,2020-02-10,2022-02-09,2021-04-10,2021-03-11,300000,1711.01,NORTH
PT003,Term,Term life insurance policy,10257,Term Policy 10257,127,7500,Quarterly,2016-02-01,2018-01-31,2017-06-13,2017-05-14,500000,2584.68,WEST
PT002,WholeLife,Whole life insurance policy,10258,WholeLife Policy 10258,127,20000,Annual,2011-05-08,2016-05-06,2012-02-06,2012-01-07,300000,6525.18,WEST
PT001,Auto,Auto insurance policy,10259,Auto Policy 10259,128,7500,Quarterly,2011-07-06,2013-07-05,2012-04-21,2012-03-22,600000,6263.47,NORTH
PT005,Home,Home insurance policy,10260,Home Policy 10260,129,12500,Annual,2020-05-07,2025-05-06,2020-07-11,2020-06-11,200000,6602.71,EAST
PT003,Term,Term life insurance policy,10261,Term Policy 10261,129,20000,Quarterly,2020-07-18,2022-07-18,2021-09-16,2021-08-17,300000,9368.94,EAST
PT005,Home,Home insurance policy,10262,Home Policy 10262,130,5000,Monthly,2010-10-01,2011-10-01,2010-12-30,2010-11-30,600000,1182.39,NORTH
PT002,WholeLife,Whole life insurance policy,10263,WholeLife Policy 10263,130,15000,Quarterly,2015-07-25,2017-07-24,2016-11-06,2016-10-07,800000,9281.44,NORTH
PT001,Auto,Auto insurance policy,10264,Auto Policy 10264,131,15000,Quarterly,2005-02-13,2007-02-13,2005-10-26,2005-09-26,600000,6176.33,NORTH
PT004,Health,Health insurance policy,10265,Health Policy 10265,131,7500,Quarterly,2020-01-21,2022-01-20,2020-04-11,2020-03-12,600000,4547.56,NORTH
PT003,Term,Term life insurance policy,10266,Term Policy 10266,131,12500,Annual,2008-10-23,2013-10-22,2010-03-16,2010-02-14,400000,6595.74,NORTH
PT003,Term,Term life insurance policy,10267,Term Policy 10267,132,12500,Annual,2020-12-06,2025-12-05,2021-06-17,2021-05-18,300000,3522.37,EAST
PT002,WholeLife,Whole life insurance policy,10268,WholeLife Policy 10268,133,20000,Quarterly,2016-03-13,2018-03-13,2016-12-18,2016-11-18,400000,7960.96,NORTH
PT005,Home,Home insurance policy,10269,Home Policy 10269,134,10000,Annual,2010-12-01,2015-11-30,2012-05-01,2012-04-01,500000,3154.89,NORTH
PT004,Health,Health insurance policy,10270,Health Policy 10270,134,25000,Annual,2008-05-24,2013-05-23,2009-06-13,2009-05-14,800000,18968.85,NORTH
PT002,WholeLife,Whole life insurance policy,10271,WholeLife Policy 10271,135,7500,Monthly,2008-05-02,2009-05-02,2008-07-19,2008-06-19,300000,3968.8,NORTH
PT004,Health,Health insurance policy,10272,Health Policy 10272,136,12500,Monthly,2014-10-16,2015-10-16,2015-07-29,2015-06-29,200000,5619.55,NORTH
PT005,Home,Home insurance policy,10273,Home Policy 10273,137,12500,Quarterly,2015-11-19,2017-11-18,2017-03-26,2017-02-24,200000,8797.93,SOUTH
PT002,WholeLife,Whole life insurance policy,10274,WholeLife Policy 10274,137,5000,Quarterly,2007-10-10,2009-10-09,2009-02-25,2009-01-26,300000,1994.41,SOUTH
PT002,WholeLife,Whole life insurance policy,10275,WholeLife Policy 10275,137,15000,Quarterly,2016-05-30,2018-05-30,2017-05-24,2017-04-24,800000,5230.16,SOUTH
PT005,Home,Home insurance policy,10276,Home Policy 10276,138,12500,Monthly,2017-10-20,2018-10-20,2018-04-24,2018-03-25,200000,9222.22,WEST
PT001,Auto,Auto insurance policy,10277,Auto Policy 10277,139,10000,Monthly,2012-05-16,2013-05-16,2013-06-28,2013-05-29,800000,2853.94,NORTH
PT003,Term,Term life insurance policy,10278,Term Policy 10278,139,25000,Monthly,2018-03-30,2019-03-30,2018-08-15,2018-07-16,400000,5505.3,NORTH
PT004,Health,Health insurance policy,10279,Health Policy 10279,139,12500,Annual,2020-11-15,2025-11-14,2021-12-01,2021-11-01,500000,10858.01,NORTH
PT001,Auto,Auto insurance policy,10280,Auto Policy 10280,140,20000,Monthly,2012-05-22,2013-05-22,2013-03-09,2013-02-07,600000,8548.82,WEST
PT005,Home,Home insurance policy,10281,Home Policy 10281,140,25000,Monthly,2007-11-26,2008-11-25,2009-03-10,2009-02-08,200000,16263.77,WEST
PT003,Term,Term life insurance policy,10282,Term Policy 10282,140,5000,Annual,2006-03-31,2011-03-30,2007-04-03,2007-03-04,600000,2334.87,WEST
PT003,Term,Term life insurance policy,10283,Term Policy 10283,141,25000,Monthly,2008-12-29,2009-12-29,2009-09-19,2009-08-20,1000000,6560.8,WEST
PT002,WholeLife,Whole life insurance policy,10284,WholeLife Policy 10284,141,25000,Quarterly,2008-08-27,2010-08-27,2009-03-20,2009-02-18,500000,16325.44,WEST
PT002,WholeLife,Whole life insurance policy,10285,WholeLife Policy 10285,142,12500,Quarterly,2007-09-15,2009-09-14,2008-06-22,2008-05-23,1000000,8939.03,EAST
PT003,Term,Term life insurance policy,10286,Term Policy 10286,142,7500,Annual,2020-05-13,2025-05-12,2021-06-17,2021-05-18,400000,2004.59,EAST
PT003,Term,Term life insurance policy,10287,Term Policy 10287,142,12500,Monthly,2016-07-01,2017-07-01,2017-11-26,2017-10-27,500000,5895.78,EAST
PT005,Home,Home insurance policy,10288,Home Policy 10288,143,5000,Quarterly,2018-06-19,2020-06-18,2019-03-22,2019-02-20,1000000,3838.48,EAST
PT005,Home,Home insurance policy,10289,Home Policy 10289,143,20000,Quarterly,2009-03-07,2011-03-07,2009-06-22,2009-05-23,500000,4566.13,EAST
PT004,Health,Health insurance policy,10290,Health Policy 10290,144,20000,Monthly,2020-03-04,2021-03-04,2021-05-03,2021-04-03,800000,6170.98,NORTH
PT004,Health,Health insurance policy,10291,Health Policy 10291,144,20000,Annual,2016-10-29,2021-10-28,2017-02-08,2017-01-09,600000,8069.84,NORTH
PT001,Auto,Auto insurance policy,10292,Auto Policy 10292,145,7500,Quarterly,2015-09-18,2017-09-17,2016-11-01,2016-10-02,300000,6240.24,SOUTH
PT002,WholeLife,Whole life insurance policy,10293,WholeLife Policy 10293,145,10000,Quarterly,2016-09-25,2018-09-25,2016-12-18,2016-11-18,600000,5856.96,SOUTH
PT005,Home,Home insurance policy,10294,Home Policy 10294,146,12500,Annual,2007-06-01,2012-05-30,2007-09-17,2007-08-18,500000,6565.74,SOUTH
PT005,Home,Home insurance policy,10295,Home Policy 10295,147,10000,Quarterly,2010-09-07,2012-09-06,2010-12-17,2010-11-17,600000,7380.53,NORTH
PT001,Auto,Auto insurance policy,10296,Auto Policy 10296,147,20000,Annual,2007-07-23,2012-07-21,2007-12-21,2007-11-21,500000,15006.48,NORTH
PT004,Health,Health insurance policy,10297,Health Policy 10297,147,12500,Monthly,2006-01-06,2007-01-06,2006-08-06,2006-07-07,800000,5247.03,NORTH
PT004,Health,Health insurance policy,10298,Health Policy 10298,148,15000,Quarterly,2020-01-13,2022-01-12,2020-07-26,2020-06-26,1000000,6584.01,EAST
PT002,WholeLife,Whole life insurance policy,10299,WholeLife Policy 10299,148,5000,Monthly,2009-09-26,2010-09-26,2010-09-30,2010-08-31,800000,1907.61,EAST
PT001,Auto,Auto insurance policy,10300,Auto Policy 10300,148,5000,Annual,2014-09-24,2019-09-23,2015-06-13,2015-05-14,200000,1408.37,EAST
PT004,Health,Health insurance policy,10301,Health Policy 10301,149,12500,Annual,2015-04-28,2020-04-26,2016-05-28,2016-04-28,1000000,10950.78,EAST
PT004,Health,Health insurance policy,10302,Health Policy 10302,150,25000,Annual,2011-10-17,2016-10-15,2012-06-17,2012-05-18,600000,17086.59,WEST
PT004,Health,Health insurance policy,10303,Health Policy 10303,150,7500,Monthly,2011-10-16,2012-10-15,2011-12-22,2011-11-22,300000,2501.71,WEST
PT001,Auto,Auto insurance policy,10304,Auto Policy 10304,150,25000,Monthly,2020-08-11,2021-08-11,2021-01-25,2020-12-26,200000,13419.55,WEST
PT002,WholeLife,Whole life insurance policy,10305,WholeLife Policy 10305,151,25000,Annual,2014-10-10,2019-10-09,2015-09-10,2015-08-11,1000000,8341.0,WEST
PT004,Health,Health insurance policy,10306,Health Policy 10306,152,12500,Quarterly,2008-04-28,2010-04-28,2008-08-25,2008-07-26,200000,3953.42,NORTH
PT002,WholeLife,Whole life insurance policy,10307,WholeLife Policy 10307,152,12500,Quarterly,2020-10-04,2022-10-04,2020-12-13,2020-11-13,500000,10023.22,NORTH
PT002,WholeLife,Whole life insurance policy,10308,WholeLife Policy 10308,153,15000,Quarterly,2009-07-08,2011-07-08,2010-11-06,2010-10-07,1000000,7113.2,EAST
PT003,Term,Term life insurance policy,10309,Term Policy 10309,153,20000,Monthly,2005-03-06,2006-03-06,2006-05-05,2006-04-05,1000000,10045.03,EAST
PT004,Health,Health insurance policy,10310,Health Policy 10310,153,15000,Annual,2016-02-13,2021-02-11,2017-04-22,2017-03-23,600000,8820.2,EAST
PT001,Auto,Auto insurance policy,10311,Auto Policy 10311,154,12500,Quarterly,2015-12-08,2017-12-07,2016-12-04,2016-11-04,600000,8840.37,SOUTH
PT004,Health,Health insurance policy,10312,Health Policy 10312,154,5000,Annual,2010-03-15,2015-03-14,2010-05-23,2010-04-23,600000,2477.02,SOUTH
PT005,Home,Home insurance policy,10313,Home Policy 10313,155,20000,Quarterly,2006-06-05,2008-06-04,2007-11-02,2007-10-03,500000,10626.73,WEST
PT004,Health,Health insurance policy,10314,Health Policy 10314,155,10000,Annual,2018-12-20,2023-12-19,2020-02-10,2020-01-11,500000,5053.61,WEST
PT003,Term,Term life insurance policy,10315,Term Policy 10315,156,10000,Quarterly,2009-04-24,2011-04-24,2009-10-19,2009-09-19,500000,5553.45,SOUTH
PT003,Term,Term life insurance policy,10316,Term Policy 10316,157,20000,Annual,2018-07-04,2023-07-03,2018-11-08,2018-10-09,500000,16364.43,EAST
PT004,Health,Health insurance policy,10317,Health Policy 10317,157,20000,Annual,2014-05-08,2019-05-07,2015-01-07,2014-12-08,800000,15143.62,EAST
PT002,WholeLife,Whole life insurance policy,10318,WholeLife Policy 10318,157,10000,Monthly,2018-12-13,2019-12-13,2020-02-29,2020-01-30,800000,2603.34,EAST
PT002,WholeLife,Whole life insurance policy,10319,WholeLife Policy 10319,158,7500,Monthly,2008-11-20,2009-11-20,2009-09-27,2009-08-28,600000,2029.74,SOUTH
PT004,Health,Health insurance policy,10320,Health Policy 10320,158,7500,Quarterly,2016-01-28,2018-01-27,2017-01-07,2016-12-08,300000,1747.01,SOUTH
PT003,Term,Term life insurance policy,10321,Term Policy 10321,159,20000,Quarterly,2010-11-07,2012-11-06,2011-04-05,2011-03-06,300000,15591.28,NORTH
PT001,Auto,Auto insurance policy,10322,Auto Policy 10322,160,12500,Quarterly,2006-06-06,2008-06-05,2007-06-17,2007-05-18,200000,4483.54,WEST
PT005,Home,Home insurance policy,10323,Home Policy 10323,160,10000,Quarterly,2010-01-10,2012-01-10,2011-04-16,2011-03-17,400000,4486.69,WEST
PT001,Auto,Auto insurance policy,10324,Auto Policy 10324,160,7500,Quarterly,2017-06-30,2019-06-30,2018-08-17,2018-07-18,1000000,6086.9,WEST
PT001,Auto,Auto insurance policy,10325,Auto Policy 10325,161,12500,Monthly,2020-11-04,2021-11-04,2021-08-25,2021-07-26,1000000,10923.16,SOUTH
PT001,Auto,Auto insurance policy,10326,Auto Policy 10326,161,15000,Annual,2007-05-18,2012-05-16,2008-09-28,2008-08-29,1000000,12947.53,SOUTH
PT005,Home,Home insurance policy,10327,Home Policy 10327,161,5000,Annual,2005-12-10,2010-12-09,2006-12-27,2006-11-27,300000,1413.21,SOUTH
PT003,Term,Term life insurance policy,10328,Term Policy 10328,162,10000,Annual,2008-07-10,2013-07-09,2009-04-22,2009-03-23,800000,7333.75,NORTH
PT001,Auto,Auto insurance policy,10329,Auto Policy 10329,163,10000,Annual,2008-06-17,2013-06-16,2009-10-09,2009-09-09,400000,2964.41,EAST
PT002,WholeLife,Whole life insurance policy,10330,WholeLife Policy 10330,163,25000,Quarterly,2014-11-07,2016-11-06,2015-01-09,2014-12-10,1000000,9293.03,EAST
PT003,Term,Term life insurance policy,10331,Term Policy 10331,164,7500,Annual,2011-06-08,2016-06-06,2011-12-21,2011-11-21,200000,3455.29,SOUTH
PT004,Health,Health insurance policy,10332,Health Policy 10332,164,20000,Annual,2013-02-02,2018-02-01,2013-06-19,2013-05-20,300000,14544.89,SOUTH
PT004,Health,Health insurance policy,10333,Health Policy 10333,165,25000,Monthly,2010-02-13,2011-02-13,2010-11-11,2010-10-12,500000,21065.35,WEST
PT004,Health,Health insurance policy,10334,Health Policy 10334,165,10000,Annual,2016-07-30,2021-07-29,2017-05-12,2017-04-12,200000,3019.09,WEST
PT001,Auto,Auto insurance policy,10335,Auto Policy 10335,165,5000,Monthly,2016-08-09,2017-08-09,2017-03-18,2017-02-16,400000,2405.78,WEST
PT004,Health,Health insurance policy,10336,Health Policy 10336,166,25000,Quarterly,2006-05-19,2008-05-18,2007-06-21,2007-05-22,200000,21144.08,WEST
PT005,Home,Home insurance policy,10337,Home Policy 10337,167,20000,Annual,2006-04-19,2011-04-18,2007-05-22,2007-04-22,1000000,16261.39,NORTH
PT004,Health,Health insurance policy,10338,Health Policy 10338,168,20000,Annual,2014-01-07,2019-01-06,2015-05-29,2015-04-29,600000,8260.52,NORTH
PT003,Term,Term life insurance policy,10339,Term Policy 10339,168,25000,Monthly,2012-09-20,2013-09-20,2014-02-22,2014-01-23,400000,14236.36,NORTH
PT004,Health,Health insurance policy,10340,Health Policy 10340,169,7500,Annual,2015-01-04,2020-01-03,2016-01-18,2015-12-19,600000,5638.79,SOUTH
PT004,Health,Health insurance policy,10341,Health Policy 10341,170,25000,Quarterly,2020-08-23,2022-08-23,2021-09-19,2021-08-20,1000000,12078.85,SOUTH
PT002,WholeLife,Whole life insurance policy,10342,WholeLife Policy 10342,170,5000,Monthly,2011-10-07,2012-10-06,2012-05-25,2012-04-25,600000,2364.98,SOUTH
PT002,WholeLife,Whole life insurance policy,10343,WholeLife Policy 10343,170,10000,Annual,2016-09-03,2021-09-02,2016-12-19,2016-11-19,300000,5581.7,SOUTH
PT005,Home,Home insurance policy,10344,Home Policy 10344,171,7500,Annual,2012-08-23,2017-08-22,2012-11-05,2012-10-06,200000,6174.18,WEST
PT005,Home,Home insurance policy,10345,Home Policy 10345,171,7500,Quarterly,2018-04-16,2020-04-15,2019-07-16,2019-06-16,1000000,3095.7,WEST
PT005,Home,Home insurance policy,10346,Home Policy 10346,172,5000,Annual,2007-06-24,2012-06-22,2008-02-29,2008-01-30,1000000,1909.15,SOUTH
PT005,Home,Home insurance policy,10347,Home Policy 10347,172,5000,Monthly,2012-12-13,2013-12-13,2014-01-10,2013-12-11,1000000,4294.7,SOUTH
PT003,Term,Term life insurance policy,10348,Term Policy 10348,173,5000,Annual,2017-11-03,2022-11-02,2018-06-24,2018-05-25,500000,4440.33,SOUTH
PT005,Home,Home insurance policy,10349,Home Policy 10349,173,20000,Annual,2017-09-08,2022-09-07,2018-08-07,2018-07-08,800000,15822.94,SOUTH
PT003,Term,Term life insurance policy,10350,Term Policy 10350,174,20000,Quarterly,2011-09-18,2013-09-17,2013-01-07,2012-12-08,1000000,14007.96,EAST
PT002,WholeLife,Whole life insurance policy,10351,WholeLife Policy 10351,175,20000,Annual,2013-06-21,2018-06-20,2013-10-12,2013-09-12,300000,8589.86,WEST
PT005,Home,Home insurance policy,10352,Home Policy 10352,175,12500,Quarterly,2009-04-27,2011-04-27,2009-09-09,2009-08-10,200000,8726.85,WEST
PT004,Health,Health insurance policy,10353,Health Policy 10353,175,5000,Monthly,2006-11-03,2007-11-03,2008-03-31,2008-03-01,500000,1455.22,WEST
PT004,Health,Health insurance policy,10354,Health Policy 10354,176,20000,Quarterly,2006-10-02,2008-10-01,2007-06-25,2007-05-26,600000,12235.35,NORTH
PT004,Health,Health insurance policy,10355,Health Policy 10355,177,12500,Annual,2010-12-01,2015-11-30,2011-09-03,2011-08-04,800000,11219.48,EAST
PT004,Health,Health insurance policy,10356,Health Policy 10356,177,7500,Monthly,2014-05-09,2015-05-09,2014-09-11,2014-08-12,600000,4045.01,EAST
PT004,Health,Health insurance policy,10357,Health Policy 10357,177,15000,Annual,2007-11-26,2012-11-24,2008-10-21,2008-09-21,1000000,4239.61,EAST
PT004,Health,Health insurance policy,10358,Health Policy 10358,178,20000,Monthly,2015-08-14,2016-08-13,2016-07-25,2016-06-25,300000,9170.65,WEST
PT005,Home,Home insurance policy,10359,Home Policy 10359,179,5000,Monthly,2014-03-02,2015-03-02,2015-02-17,2015-01-18,400000,2013.57,WEST
PT002,WholeLife,Whole life insurance policy,10360,WholeLife Policy 10360,180,10000,Quarterly,2007-08-23,2009-08-22,2008-03-25,2008-02-24,400000,4057.87,EAST
PT001,Auto,Auto insurance policy,10361,Auto Policy 10361,180,25000,Monthly,2008-03-16,2009-03-16,2008-12-16,2008-11-16,600000,5851.39,EAST
PT003,Term,Term life insurance policy,10362,Term Policy 10362,180,7500,Monthly,2011-05-12,2012-05-11,2012-07-23,2012-06-23,1000000,4066.17,EAST
PT005,Home,Home insurance policy,10363,Home Policy 10363,181,25000,Monthly,2012-10-27,2013-10-27,2013-07-27,2013-06-27,200000,13420.59,WEST
PT005,Home,Home insurance policy,10364,Home Policy 10364,182,25000,Quarterly,2015-02-23,2017-02-22,2015-12-23,2015-11-23,500000,19603.05,SOUTH
PT005,Home,Home insurance policy,10365,Home Policy 10365,182,15000,Monthly,2007-12-24,2008-12-23,2008-10-14,2008-09-14,800000,10997.63,SOUTH
PT004,Health,Health insurance policy,10366,Health Policy 10366,183,10000,Annual,2008-05-05,2013-05-04,2009-08-17,2009-07-18,200000,6373.39,WEST
PT005,Home,Home insurance policy,10367,Home Policy 10367,183,7500,Quarterly,2014-03-10,2016-03-09,2014-10-29,2014-09-29,500000,4340.22,WEST
PT004,Health,Health insurance policy,10368,Health Policy 10368,183,5000,Annual,2011-03-23,2016-03-21,2011-08-14,2011-07-15,1000000,3475.23,WEST
PT003,Term,Term life insurance policy,10369,Term Policy 10369,184,5000,Annual,2017-08-02,2022-08-01,2018-07-14,2018-06-14,800000,1298.03,NORTH
PT005,Home,Home insurance policy,10370,Home Policy 10370,184,25000,Annual,2017-02-25,2022-02-24,2018-02-11,2018-01-12,200000,14130.69,NORTH
PT004,Health,Health insurance policy,10371,Health Policy 10371,184,5000,Monthly,2016-04-10,2017-04-10,2017-03-08,2017-02-06,800000,1629.1,NORTH
PT003,Term,Term life insurance policy,10372,Term Policy 10372,185,25000,Monthly,2009-08-13,2010-08-13,2010-12-15,2010-11-15,800000,20533.98,WEST
PT001,Auto,Auto insurance policy,10373,Auto Policy 10373,186,10000,Annual,2016-12-19,2021-12-18,2017-12-15,2017-11-15,500000,2314.89,WEST
PT001,Auto,Auto insurance policy,10374,Auto Policy 10374,186,7500,Quarterly,2012-08-16,2014-08-16,2012-10-27,2012-09-27,500000,6013.15,WEST
PT004,Health,Health insurance policy,10375,Health Policy 10375,187,5000,Monthly,2010-10-08,2011-10-08,2011-09-10,2011-08-11,200000,1588.55,WEST
PT002,WholeLife,Whole life insurance policy,10376,WholeLife Policy 10376,187,25000,Quarterly,2009-02-05,2011-02-05,2009-06-23,2009-05-24,200000,10368.9,WEST
PT002,WholeLife,Whole life insurance policy,10377,WholeLife Policy 10377,188,10000,Annual,2006-04-28,2011-04-27,2006-07-10,2006-06-10,300000,6993.1,SOUTH
PT003,Term,Term life insurance policy,10378,Term Policy 10378,188,10000,Monthly,2013-09-30,2014-09-30,2014-06-28,2014-05-29,300000,8251.08,SOUTH
PT004,Health,Health insurance policy,10379,Health Policy 10379,189,7500,Monthly,2007-09-18,2008-09-17,2008-12-06,2008-11-06,300000,4634.27,EAST
PT002,WholeLife,Whole life insurance policy,10380,WholeLife Policy 10380,189,25000,Annual,2016-01-22,2021-01-20,2016-10-05,2016-09-05,600000,21613.75,EAST
PT001,Auto,Auto insurance policy,10381,Auto Policy 10381,190,15000,Quarterly,2012-02-21,2014-02-20,2012-05-24,2012-04-24,500000,8083.8,SOUTH
PT004,Health,Health insurance policy,10382,Health Policy 10382,190,5000,Monthly,2019-03-18,2020-03-17,2020-02-24,2020-01-25,400000,4372.16,SOUTH
PT001,Auto,Auto insurance policy,10383,Auto Policy 10383,191,20000,Annual,2010-07-11,2015-07-10,2010-11-12,2010-10-13,1000000,8264.58,NORTH
PT004,Health,Health insurance policy,10384,Health Policy 10384,191,25000,Monthly,2015-01-02,2016-01-02,2015-11-14,2015-10-15,800000,8560.5,NORTH
PT002,WholeLife,Whole life insurance policy,10385,WholeLife Policy 10385,191,7500,Annual,2013-05-17,2018-05-16,2013-11-18,2013-10-19,1000000,4322.06,NORTH
PT005,Home,Home insurance policy,10386,Home Policy 10386,192,5000,Monthly,2015-02-18,2016-02-18,2015-12-12,2015-11-12,1000000,4363.9,NORTH
PT005,Home,Home insurance policy,10387,Home Policy 10387,192,7500,Annual,2011-06-28,2016-06-26,2011-09-26,2011-08-27,200000,6400.91,NORTH
PT003,Term,Term life insurance policy,10388,Term Policy 10388,193,25000,Quarterly,2018-05-30,2020-05-29,2019-02-08,2019-01-09,800000,22486.73,EAST
PT002,WholeLife,Whole life insurance policy,10389,WholeLife Policy 10389,193,10000,Annual,2018-02-15,2023-02-14,2018-07-07,2018-06-07,200000,7174.28,EAST
PT001,Auto,Auto insurance policy,10390,Auto Policy 10390,194,12500,Monthly,2011-09-29,2012-09-28,2012-01-29,2011-12-30,800000,9766.86,WEST
PT005,Home,Home insurance policy,10391,Home Policy 10391,194,7500,Quarterly,2011-04-09,2013-04-08,2012-02-21,2012-01-22,600000,6526.44,WEST
PT003,Term,Term life insurance policy,10392,Term Policy 10392,194,20000,Quarterly,2020-04-19,2022-04-19,2021-07-08,2021-06-08,400000,13908.56,WEST
PT002,WholeLife,Whole life insurance policy,10393,WholeLife Policy 10393,195,10000,Quarterly,2019-11-09,2021-11-08,2020-08-30,2020-07-31,300000,8712.95,WEST
PT003,Term,Term life insurance policy,10394,Term Policy 10394,195,7500,Annual,2005-05-11,2010-05-10,2005-07-11,2005-06-11,800000,4696.13,WEST
PT001,Auto,Auto insurance policy,10395,Auto Policy 10395,196,12500,Monthly,2020-02-02,2021-02-01,2021-07-04,2021-06-04,600000,8594.29,EAST
PT004,Health,Health insurance policy,10396,Health Policy 10396,197,25000,Monthly,2017-01-26,2018-01-26,2018-02-23,2018-01-24,800000,6356.65,SOUTH
PT001,Auto,Auto insurance policy,10397,Auto Policy 10397,197,20000,Quarterly,2020-01-24,2022-01-23,2020-09-20,2020-08-21,200000,17608.55,SOUTH
PT005,Home,Home insurance policy,10398,Home Policy 10398,198,7500,Quarterly,2013-01-11,2015-01-11,2014-04-09,2014-03-10,1000000,5762.32,NORTH
PT001,Auto,Auto insurance policy,10399,Auto Policy 10399,198,10000,Quarterly,2007-10-20,2009-10-19,2008-08-02,2008-07-03,300000,2065.54,NORTH
PT001,Auto,Auto insurance policy,10400,Auto Policy 10400,199,20000,Annual,2011-04-23,2016-04-21,2011-09-28,2011-08-29,400000,5259.53,SOUTH
PT005,Home,Home insurance policy,10401,Home Policy 10401,199,25000,Quarterly,2019-01-09,2021-01-08,2019-07-01,2019-06-01,800000,9099.51,SOUTH
PT004,Health,Health insurance policy,10402,Health Policy 10402,199,10000,Monthly,2013-02-21,2014-02-21,2014-07-29,2014-06-29,500000,6928.33,SOUTH
PT002,WholeLife,Whole life insurance policy,10403,WholeLife Policy 10403,200,25000,Monthly,2005-02-28,2006-02-28,2005-11-17,2005-10-18,800000,6941.56,EAST
PT003,Term,Term life insurance policy,10404,Term Policy 10404,200,12500,Annual,2017-10-07,2022-10-06,2018-09-14,2018-08-15,300000,4195.49,EAST
PT005,Home,Home insurance policy,10405,Home Policy 10405,200,15000,Annual,2020-01-29,2025-01-27,2020-06-26,2020-05-27,600000,3686.29,EAST
PT001,Auto,Auto insurance policy,10406,Auto Policy 10406,201,15000,Quarterly,2007-11-10,2009-11-09,2008-05-04,2008-04-04,1000000,12250.53,NORTH
PT003,Term,Term life insurance policy,10407,Term Policy 10407,202,5000,Annual,2009-04-21,2014-04-20,2010-06-02,2010-05-03,800000,2865.3,NORTH
PT003,Term,Term life insurance policy,10408,Term Policy 10408,202,12500,Annual,2020-04-08,2025-04-07,2021-01-11,2020-12-12,200000,8108.46,NORTH
PT001,Auto,Auto insurance policy,10409,Auto Policy 10409,202,25000,Quarterly,2012-03-31,2014-03-31,2012-10-17,2012-09-17,500000,7130.06,NORTH
PT004,Health,Health insurance policy,10410,Health Policy 10410,203,15000,Quarterly,2016-02-12,2018-02-11,2016-05-04,2016-04-04,1000000,12279.93,NORTH
PT002,WholeLife,Whole life insurance policy,10411,WholeLife Policy 10411,203,12500,Quarterly,2006-01-20,2008-01-20,2006-11-05,2006-10-06,600000,5267.12,NORTH
PT004,Health,Health insurance policy,10412,Health Policy 10412,203,5000,Quarterly,2009-05-14,2011-05-14,2010-08-30,2010-07-31,600000,1088.8,NORTH
PT002,WholeLife,Whole life insurance policy,10413,WholeLife Policy 10413,204,5000,Quarterly,2020-06-19,2022-06-19,2020-11-26,2020-10-27,300000,1575.69,EAST
PT003,Term,Term life insurance policy,10414,Term Policy 10414,204,20000,Annual,2006-05-30,2011-05-29,2006-08-12,2006-07-13,200000,10719.53,EAST
PT001,Auto,Auto insurance policy,10415,Auto Policy 10415,204,10000,Annual,2018-04-17,2023-04-16,2018-10-22,2018-09-22,1000000,3730.07,EAST
PT002,WholeLife,Whole life insurance policy,10416,WholeLife Policy 10416,205,25000,Monthly,2012-08-23,2013-08-23,2013-07-15,2013-06-15,400000,18896.94,SOUTH
PT001,Auto,Auto insurance policy,10417,Auto Policy 10417,205,12500,Annual,2018-06-16,2023-06-15,2018-10-02,2018-09-02,1000000,7971.8,SOUTH
PT001,Auto,Auto insurance policy,10418,Auto Policy 10418,206,5000,Monthly,2006-12-02,2007-12-02,2007-07-10,2007-06-10,500000,4115.29,SOUTH
PT001,Auto,Auto insurance policy,10419,Auto Policy 10419,206,25000,Monthly,2007-11-11,2008-11-10,2008-02-07,2008-01-08,500000,10275.74,SOUTH
PT004,Health,Health insurance policy,10420,Health Policy 10420,206,20000,Monthly,2006-06-23,2007-06-23,2007-06-04,2007-05-05,200000,4730.84,SOUTH
PT004,Health,Health insurance policy,10421,Health Policy 10421,207,25000,Annual,2007-02-25,2012-02-24,2007-08-23,2007-07-24,500000,20130.2,SOUTH
PT005,Home,Home insurance policy,10422,Home Policy 10422,207,12500,Quarterly,2005-03-28,2007-03-28,2006-07-08,2006-06-08,500000,6245.93,SOUTH
PT005,Home,Home insurance policy,10423,Home Policy 10423,208,20000,Quarterly,2007-04-10,2009-04-09,2008-07-13,2008-06-13,800000,4363.61,WEST
PT005,Home,Home insurance policy,10424,Home Policy 10424,208,7500,Annual,2012-05-12,2017-05-11,2012-09-01,2012-08-02,200000,1564.52,WEST
PT001,Auto,Auto insurance policy,10425,Auto Policy 10425,208,15000,Monthly,2018-04-19,2019-04-19,2019-05-10,2019-04-10,300000,8343.43,WEST
PT004,Health,Health insurance policy,10426,Health Policy 10426,209,15000,Annual,2015-10-19,2020-10-17,2016-03-22,2016-02-21,500000,5553.1,WEST
PT001,Auto,Auto insurance policy,10427,Auto Policy 10427,209,10000,Monthly,2006-05-11,2007-05-11,2007-02-18,2007-01-19,600000,5591.88,WEST
PT003,Term,Term life insurance policy,10428,Term Policy 10428,210,15000,Annual,2011-12-25,2016-12-23,2012-05-07,2012-04-07,1000000,4547.8,NORTH
PT003,Term,Term life insurance policy,10429,Term Policy 10429,210,10000,Quarterly,2018-07-14,2020-07-13,2018-09-16,2018-08-17,400000,5623.76,NORTH
PT002,WholeLife,Whole life insurance policy,10430,WholeLife Policy 10430,210,15000,Monthly,2006-04-15,2007-04-15,2007-08-15,2007-07-16,1000000,8874.22,NORTH
PT004,Health,Health insurance policy,10431,Health Policy 10431,211,7500,Monthly,2012-09-17,2013-09-17,2014-02-24,2014-01-25,800000,2556.62,WEST
PT003,Term,Term life insurance policy,10432,Term Policy 10432,212,12500,Annual,2009-04-01,2014-03-31,2010-05-20,2010-04-20,800000,11091.83,EAST
PT003,Term,Term life insurance policy,10433,Term Policy 10433,213,10000,Annual,2017-12-22,2022-12-21,2018-07-23,2018-06-23,600000,4930.87,WEST
PT002,WholeLife,Whole life insurance policy,10434,WholeLife Policy 10434,213,25000,Quarterly,2007-05-09,2009-05-08,2008-03-17,2008-02-16,200000,8839.6,WEST
PT001,Auto,Auto insurance policy,10435,Auto Policy 10435,213,20000,Monthly,2019-04-30,2020-04-29,2020-02-22,2020-01-23,300000,12734.88,WEST
PT004,Health,Health insurance policy,10436,Health Policy 10436,214,12500,Annual,2012-06-08,2017-06-07,2013-02-27,2013-01-28,300000,4112.14,WEST
PT003,Term,Term life insurance policy,10437,Term Policy 10437,215,10000,Monthly,2005-03-23,2006-03-23,2006-03-02,2006-01-31,200000,2806.33,WEST
PT004,Health,Health insurance policy,10438,Health Policy 10438,216,15000,Annual,2009-05-12,2014-05-11,2010-01-11,2009-12-12,1000000,3461.0,NORTH
PT001,Auto,Auto insurance policy,10439,Auto Policy 10439,216,10000,Monthly,2009-06-20,2010-06-20,2009-12-09,2009-11-09,300000,8197.68,NORTH
PT002,WholeLife,Whole life insurance policy,10440,WholeLife Policy 10440,217,7500,Annual,2012-08-15,2017-08-14,2013-01-22,2012-12-23,300000,1612.83,WEST
PT003,Term,Term life insurance policy,10441,Term Policy 10441,217,25000,Monthly,2007-04-09,2008-04-08,2007-08-17,2007-07-18,800000,11631.15,WEST
PT001,Auto,Auto insurance policy,10442,Auto Policy 10442,217,10000,Monthly,2012-08-04,2013-08-04,2013-02-02,2013-01-03,500000,4587.48,WEST
PT002,WholeLife,Whole life insurance policy,10443,WholeLife Policy 10443,218,12500,Annual,2016-10-26,2021-10-25,2017-01-27,2016-12-28,800000,3536.82,EAST
PT002,WholeLife,Whole life insurance policy,10444,WholeLife Policy 10444,218,15000,Monthly,2009-04-03,2010-04-03,2010-05-23,2010-04-23,500000,6929.68,EAST
PT004,Health,Health insurance policy,10445,Health Policy 10445,219,5000,Monthly,2019-04-09,2020-04-08,2020-04-18,2020-03-19,1000000,3055.64,SOUTH
PT005,Home,Home insurance policy,10446,Home Policy 10446,219,10000,Monthly,2011-08-07,2012-08-06,2011-11-02,2011-10-03,300000,6406.21,SOUTH
PT003,Term,Term life insurance policy,10447,Term Policy 10447,219,15000,Annual,2007-11-02,2012-10-31,2008-04-17,2008-03-18,500000,10636.63,SOUTH
PT005,Home,Home insurance policy,10448,Home Policy 10448,220,15000,Monthly,2006-06-16,2007-06-16,2007-09-03,2007-08-04,500000,12265.43,SOUTH
PT005,Home,Home insurance policy,10449,Home Policy 10449,220,15000,Quarterly,2013-05-24,2015-05-24,2013-10-22,2013-09-22,500000,6379.14,SOUTH
PT005,Home,Home insurance policy,10450,Home Policy 10450,221,20000,Quarterly,2020-07-30,2022-07-30,2021-05-28,2021-04-28,500000,7756.7,SOUTH
PT004,Health,Health insurance policy,10451,Health Policy 10451,221,20000,Annual,2019-04-25,2024-04-23,2019-10-08,2019-09-08,200000,7073.37,SOUTH
PT004,Health,Health insurance policy,10452,Health Policy 10452,222,7500,Quarterly,2010-04-05,2012-04-04,2011-01-07,2010-12-08,400000,6165.72,SOUTH
PT002,WholeLife,Whole life insurance policy,10453,WholeLife Policy 10453,223,15000,Quarterly,2013-05-23,2015-05-23,2013-09-28,2013-08-29,200000,10892.04,EAST
PT003,Term,Term life insurance policy,10454,Term Policy 10454,223,10000,Annual,2014-12-21,2019-12-20,2015-12-14,2015-11-14,300000,2288.0,EAST
PT005,Home,Home insurance policy,10455,Home Policy 10455,223,12500,Quarterly,2018-12-07,2020-12-06,2019-10-02,2019-09-02,500000,6284.42,EAST
PT004,Health,Health insurance policy,10456,Health Policy 10456,224,12500,Quarterly,2012-02-11,2014-02-10,2012-07-11,2012-06-11,200000,6364.77,SOUTH
PT003,Term,Term life insurance policy,10457,Term Policy 10457,224,10000,Monthly,2019-06-23,2020-06-22,2020-01-19,2019-12-20,200000,7898.22,SOUTH
PT005,Home,Home insurance policy,10458,Home Policy 10458,225,25000,Monthly,2019-06-09,2020-06-08,2019-12-02,2019-11-02,400000,6722.16,SOUTH
PT001,Auto,Auto insurance policy,10459,Auto Policy 10459,225,15000,Monthly,2013-01-30,2014-01-30,2013-09-17,2013-08-18,300000,5064.79,SOUTH
PT003,Term,Term life insurance policy,10460,Term Policy 10460,225,20000,Quarterly,2010-08-11,2012-08-10,2011-11-07,2011-10-08,1000000,13569.55,SOUTH
PT002,WholeLife,Whole life insurance policy,10461,WholeLife Policy 10461,226,7500,Annual,2020-10-29,2025-10-28,2022-01-17,2021-12-18,1000000,5259.97,WEST
PT005,Home,Home insurance policy,10462,Home Policy 10462,226,25000,Monthly,2010-11-10,2011-11-10,2011-06-02,2011-05-03,400000,19390.4,WEST
PT004,Health,Health insurance policy,10463,Health Policy 10463,227,5000,Annual,2018-01-03,2023-01-02,2019-02-01,2019-01-02,500000,2794.26,NORTH
PT002,WholeLife,Whole life insurance policy,10464,WholeLife Policy 10464,227,7500,Monthly,2013-12-01,2014-12-01,2015-02-17,2015-01-18,800000,2601.84,NORTH
PT005,Home,Home insurance policy,10465,Home Policy 10465,228,25000,Annual,2018-03-02,2023-03-01,2019-05-05,2019-04-05,500000,19251.96,SOUTH
PT001,Auto,Auto insurance policy,10466,Auto Policy 10466,229,12500,Monthly,2012-01-09,2013-01-08,2013-03-01,2013-01-30,1000000,6154.77,EAST
PT004,Health,Health insurance policy,10467,Health Policy 10467,229,5000,Annual,2015-02-04,2020-02-03,2015-06-15,2015-05-16,400000,3021.28,EAST
PT003,Term,Term life insurance policy,10468,Term Policy 10468,230,25000,Quarterly,2005-03-21,2007-03-21,2006-07-21,2006-06-21,800000,11206.59,SOUTH
PT004,Health,Health insurance policy,10469,Health Policy 10469,231,25000,Annual,2014-07-20,2019-07-19,2015-10-13,2015-09-13,500000,18626.26,EAST
PT003,Term,Term life insurance policy,10470,Term Policy 10470,232,5000,Annual,2012-04-25,2017-04-24,2013-07-31,2013-07-01,600000,1112.73,NORTH
PT002,WholeLife,Whole life insurance policy,10471,WholeLife Policy 10471,232,15000,Quarterly,2008-06-13,2010-06-13,2009-09-25,2009-08-26,800000,9331.53,NORTH
PT005,Home,Home insurance policy,10472,Home Policy 10472,232,12500,Quarterly,2017-11-15,2019-11-15,2018-08-02,2018-07-03,300000,3057.46,NORTH
PT002,WholeLife,Whole life insurance policy,10473,WholeLife Policy 10473,233,10000,Monthly,2015-08-26,2016-08-25,2016-06-12,2016-05-13,600000,6473.02,SOUTH
PT003,Term,Term life insurance policy,10474,Term Policy 10474,233,5000,Monthly,2007-02-03,2008-02-03,2008-01-12,2007-12-13,800000,1621.73,SOUTH
PT005,Home,Home insurance policy,10475,Home Policy 10475,234,7500,Monthly,2015-12-17,2016-12-16,2016-03-21,2016-02-20,300000,6284.56,SOUTH
PT004,Health,Health insurance policy,10476,Health Policy 10476,234,7500,Monthly,2011-05-15,2012-05-14,2012-06-15,2012-05-16,400000,4253.08,SOUTH
PT004,Health,Health insurance policy,10477,Health Policy 10477,234,15000,Quarterly,2006-04-16,2008-04-15,2006-09-10,2006-08-11,200000,6431.11,SOUTH
PT004,Health,Health insurance policy,10478,Health Policy 10478,235,7500,Monthly,2008-07-10,2009-07-10,2009-04-10,2009-03-11,600000,4010.82,SOUTH
PT001,Auto,Auto insurance policy,10479,Auto Policy 10479,235,7500,Monthly,2013-09-22,2014-09-22,2014-03-06,2014-02-04,1000000,3126.23,SOUTH
PT004,Health,Health insurance policy,10480,Health Policy 10480,236,15000,Annual,2008-07-24,2013-07-23,2009-07-19,2009-06-19,400000,5131.21,WEST
PT004,Health,Health insurance policy,10481,Health Policy 10481,236,5000,Monthly,2011-03-07,2012-03-06,2011-12-20,2011-11-20,300000,1223.9,WEST
PT004,Health,Health insurance policy,10482,Health Policy 10482,236,15000,Monthly,2018-07-26,2019-07-26,2020-01-03,2019-12-04,400000,8976.91,WEST
PT004,Health,Health insurance policy,10483,Health Policy 10483,237,5000,Annual,2015-05-19,2020-05-17,2015-09-02,2015-08-03,800000,2007.69,SOUTH
PT004,Health,Health insurance policy,10484,Health Policy 10484,237,25000,Annual,2012-10-11,2017-10-10,2014-01-19,2013-12-20,800000,10205.35,SOUTH
PT002,WholeLife,Whole life insurance policy,10485,WholeLife Policy 10485,238,7500,Monthly,2014-04-24,2015-04-24,2015-07-03,2015-06-03,600000,3768.4,NORTH
PT004,Health,Health insurance policy,10486,Health Policy 10486,238,20000,Monthly,2019-10-14,2020-10-13,2020-01-30,2019-12-31,600000,9509.72,NORTH
PT001,Auto,Auto insurance policy,10487,Auto Policy 10487,238,10000,Monthly,2010-05-18,2011-05-18,2011-04-18,2011-03-19,800000,4043.23,NORTH
PT002,WholeLife,Whole life insurance policy,10488,WholeLife Policy 10488,239,25000,Quarterly,2016-01-26,2018-01-25,2016-05-27,2016-04-27,600000,22418.04,NORTH
PT001,Auto,Auto insurance policy,10489,Auto Policy 10489,240,12500,Quarterly,2016-04-25,2018-04-25,2016-09-16,2016-08-17,500000,4711.71,WEST
PT001,Auto,Auto insurance policy,10490,Auto Policy 10490,241,5000,Monthly,2015-05-15,2016-05-14,2016-07-03,2016-06-03,800000,3364.68,NORTH
PT004,Health,Health insurance policy,10491,Health Policy 10491,241,20000,Quarterly,2013-07-20,2015-07-20,2014-11-30,2014-10-31,500000,6721.65,NORTH
PT001,Auto,Auto insurance policy,10492,Auto Policy 10492,241,5000,Quarterly,2005-03-29,2007-03-29,2006-09-09,2006-08-10,800000,1477.68,NORTH
PT004,Health,Health insurance policy,10493,Health Policy 10493,242,5000,Quarterly,2015-11-16,2017-11-15,2016-10-21,2016-09-21,200000,3299.58,EAST
PT004,Health,Health insurance policy,10494,Health Policy 10494,242,25000,Quarterly,2008-02-23,2010-02-22,2009-06-27,2009-05-28,400000,7823.91,EAST
PT001,Auto,Auto insurance policy,10495,Auto Policy 10495,242,7500,Monthly,2018-08-13,2019-08-13,2018-12-14,2018-11-14,400000,4306.93,EAST
PT002,WholeLife,Whole life insurance policy,10496,WholeLife Policy 10496,243,25000,Annual,2006-09-28,2011-09-27,2007-11-08,2007-10-09,200000,9781.91,WEST
PT004,Health,Health insurance policy,10497,Health Policy 10497,243,7500,Monthly,2013-01-12,2014-01-12,2013-03-30,2013-02-28,800000,6186.61,WEST
PT002,WholeLife,Whole life insurance policy,10498,WholeLife Policy 10498,244,5000,Annual,2014-12-01,2019-11-30,2015-12-21,2015-11-21,1000000,3840.29,WEST
PT001,Auto,Auto insurance policy,10499,Auto Policy 10499,244,10000,Annual,2013-10-05,2018-10-04,2013-12-30,2013-11-30,500000,6187.44,WEST
PT001,Auto,Auto insurance policy,10500,Auto Policy 10500,244,7500,Monthly,2013-06-19,2014-06-19,2014-11-26,2014-10-27,400000,2752.34,WEST
PT001,Auto,Auto insurance policy,10501,Auto Policy 10501,245,5000,Monthly,2014-06-17,2015-06-17,2015-10-10,2015-09-10,400000,1672.53,SOUTH
PT001,Auto,Auto insurance policy,10502,Auto Policy 10502,246,25000,Monthly,2009-12-12,2010-12-12,2011-04-11,2011-03-12,1000000,16621.9,SOUTH
PT002,WholeLife,Whole life insurance policy,10503,WholeLife Policy 10503,246,15000,Quarterly,2005-12-27,2007-12-27,2007-04-18,2007-03-19,200000,6434.99,SOUTH
PT005,Home,Home insurance policy,10504,Home Policy 10504,246,15000,Monthly,2019-01-22,2020-01-22,2019-12-25,2019-11-25,300000,7148.17,SOUTH
PT001,Auto,Auto insurance policy,10505,Auto Policy 10505,247,5000,Monthly,2010-03-19,2011-03-19,2010-10-30,2010-09-30,400000,1607.68,EAST
PT004,Health,Health insurance policy,10506,Health Policy 10506,247,5000,Quarterly,2019-09-02,2021-09-01,2020-02-17,2020-01-18,500000,2605.72,EAST
PT003,Term,Term life insurance policy,10507,Term Policy 10507,248,10000,Annual,2019-07-31,2024-07-29,2019-11-02,2019-10-03,200000,8198.22,EAST
PT003,Term,Term life insurance policy,10508,Term Policy 10508,249,5000,Quarterly,2018-06-07,2020-06-06,2019-05-07,2019-04-07,800000,3769.41,WEST
PT005,Home,Home insurance policy,10509,Home Policy 10509,249,5000,Quarterly,2008-11-05,2010-11-05,2009-06-19,2009-05-20,600000,4434.96,WEST
PT004,Health,Health insurance policy,10510,Health Policy 10510,250,7500,Annual,2020-03-16,2025-03-15,2020-08-12,2020-07-13,400000,4835.61,SOUTH
PT003,Term,Term life insurance policy,10511,Term Policy 10511,250,5000,Quarterly,2019-12-12,2021-12-11,2020-02-19,2020-01-20,400000,3129.87,SOUTH
PT005,Home,Home insurance policy,10512,Home Policy 10512,250,15000,Quarterly,2015-01-26,2017-01-25,2016-04-09,2016-03-10,800000,5440.47,SOUTH
PT001,Auto,Auto insurance policy,10513,Auto Policy 10513,251,15000,Monthly,2010-03-21,2011-03-21,2011-08-22,2011-07-23,1000000,4302.59,WEST
PT002,WholeLife,Whole life insurance policy,10514,WholeLife Policy 10514,251,15000,Monthly,2014-08-12,2015-08-12,2014-11-10,2014-10-11,200000,4444.33,WEST
PT004,Health,Health insurance policy,10515,Health Policy 10515,251,7500,Monthly,2011-08-27,2012-08-26,2012-02-07,2012-01-08,500000,4870.7,WEST
PT005,Home,Home insurance policy,10516,Home Policy 10516,252,10000,Annual,2014-12-15,2019-12-14,2015-07-05,2015-06-05,300000,4222.77,EAST
PT005,Home,Home insurance policy,10517,Home Policy 10517,253,25000,Annual,2014-04-22,2019-04-21,2015-07-10,2015-06-10,400000,5414.63,WEST
PT003,Term,Term life insurance policy,10518,Term Policy 10518,254,7500,Monthly,2012-09-08,2013-09-08,2012-12-04,2012-11-04,600000,6259.82,WEST
PT002,WholeLife,Whole life insurance policy,10519,WholeLife Policy 10519,254,20000,Annual,2020-06-01,2025-05-31,2021-06-07,2021-05-08,300000,16217.88,WEST
PT005,Home,Home insurance policy,10520,Home Policy 10520,254,12500,Monthly,2012-03-19,2013-03-19,2012-05-21,2012-04-21,800000,3065.4,WEST
PT001,Auto,Auto insurance policy,10521,Auto Policy 10521,255,20000,Monthly,2009-04-26,2010-04-26,2009-10-07,2009-09-07,300000,5757.85,EAST
PT002,WholeLife,Whole life insurance policy,10522,WholeLife Policy 10522,255,25000,Annual,2018-04-17,2023-04-16,2018-09-28,2018-08-29,1000000,9135.43,EAST
PT004,Health,Health insurance policy,10523,Health Policy 10523,256,7500,Quarterly,2015-06-24,2017-06-23,2015-12-02,2015-11-02,800000,2785.86,SOUTH
PT005,Home,Home insurance policy,10524,Home Policy 10524,257,10000,Quarterly,2010-08-02,2012-08-01,2011-05-18,2011-04-18,600000,8774.08,WEST
PT003,Term,Term life insurance policy,10525,Term Policy 10525,258,10000,Monthly,2015-10-17,2016-10-16,2016-06-26,2016-05-27,500000,3174.36,EAST
PT004,Health,Health insurance policy,10526,Health Policy 10526,259,20000,Annual,2016-05-02,2021-05-01,2017-07-25,2017-06-25,500000,6182.3,SOUTH
PT004,Health,Health insurance policy,10527,Health Policy 10527,259,12500,Quarterly,2005-06-12,2007-06-12,2005-09-22,2005-08-23,1000000,9140.01,SOUTH
PT005,Home,Home insurance policy,10528,Home Policy 10528,260,15000,Monthly,2017-01-18,2018-01-18,2017-06-16,2017-05-17,800000,5701.56,WEST
PT004,Health,Health insurance policy,10529,Health Policy 10529,260,10000,Quarterly,2011-11-11,2013-11-10,2012-10-23,2012-09-23,500000,6242.18,WEST
PT003,Term,Term life insurance policy,10530,Term Policy 10530,261,12500,Annual,2008-01-25,2013-01-23,2008-06-12,2008-05-13,300000,10516.15,EAST
PT001,Auto,Auto insurance policy,10531,Auto Policy 10531,262,20000,Annual,2016-03-25,2021-03-24,2017-01-30,2016-12-31,400000,9663.77,NORTH
PT004,Health,Health insurance policy,10532,Health Policy 10532,263,12500,Quarterly,2013-05-15,2015-05-15,2014-06-07,2014-05-08,400000,11140.82,SOUTH
PT001,Auto,Auto insurance policy,10533,Auto Policy 10533,263,5000,Monthly,2014-03-03,2015-03-03,2015-02-15,2015-01-16,500000,1568.27,SOUTH
PT003,Term,Term life insurance policy,10534,Term Policy 10534,264,20000,Annual,2012-10-26,2017-10-25,2013-11-15,2013-10-16,500000,13638.85,EAST
PT001,Auto,Auto insurance policy,10535,Auto Policy 10535,264,12500,Quarterly,2019-08-08,2021-08-07,2020-02-10,2020-01-11,800000,4620.59,EAST
PT003,Term,Term life insurance policy,10536,Term Policy 10536,265,20000,Annual,2019-02-25,2024-02-24,2020-04-17,2020-03-18,200000,13319.46,WEST
PT003,Term,Term life insurance policy,10537,Term Policy 10537,266,20000,Quarterly,2018-07-31,2020-07-30,2019-02-06,2019-01-07,300000,7463.81,SOUTH
PT002,WholeLife,Whole life insurance policy,10538,WholeLife Policy 10538,267,25000,Monthly,2005-04-12,2006-04-12,2006-05-06,2006-04-06,200000,17453.17,EAST
PT004,Health,Health insurance policy,10539,Health Policy 10539,267,15000,Annual,2013-12-02,2018-12-01,2014-10-23,2014-09-23,200000,12554.47,EAST
PT004,Health,Health insurance policy,10540,Health Policy 10540,267,10000,Quarterly,2008-09-20,2010-09-20,2009-04-22,2009-03-23,800000,5504.53,EAST
PT004,Health,Health insurance policy,10541,Health Policy 10541,268,20000,Quarterly,2018-02-23,2020-02-23,2019-05-14,2019-04-14,500000,16269.61,EAST
PT001,Auto,Auto insurance policy,10542,Auto Policy 10542,268,15000,Annual,2007-06-15,2012-06-13,2008-09-25,2008-08-26,1000000,6616.12,EAST
PT002,WholeLife,Whole life insurance policy,10543,WholeLife Policy 10543,268,7500,Annual,2011-01-13,2016-01-12,2011-10-03,2011-09-03,800000,5169.8,EAST
PT002,WholeLife,Whole life insurance policy,10544,WholeLife Policy 10544,269,5000,Monthly,2016-01-12,2017-01-11,2017-04-12,2017-03-13,200000,3437.11,WEST
PT004,Health,Health insurance policy,10545,Health Policy 10545,270,20000,Quarterly,2019-09-06,2021-09-05,2020-01-31,2020-01-01,500000,6469.62,NORTH
PT002,WholeLife,Whole life insurance policy,10546,WholeLife Policy 10546,270,7500,Monthly,2020-10-16,2021-10-16,2021-03-18,2021-02-16,500000,4138.72,NORTH
PT001,Auto,Auto insurance policy,10547,Auto Policy 10547,270,25000,Annual,2015-02-09,2020-02-08,2015-07-14,2015-06-14,300000,8516.46,NORTH
PT002,WholeLife,Whole life insurance policy,10548,WholeLife Policy 10548,271,25000,Quarterly,2009-04-21,2011-04-21,2010-01-31,2010-01-01,500000,15969.65,EAST
PT005,Home,Home insurance policy,10549,Home Policy 10549,271,7500,Annual,2007-06-14,2012-06-12,2008-01-10,2007-12-11,200000,1949.96,EAST
PT001,Auto,Auto insurance policy,10550,Auto Policy 10550,271,10000,Monthly,2011-03-18,2012-03-17,2012-03-11,2012-02-10,200000,3643.46,EAST
PT001,Auto,Auto insurance policy,10551,Auto Policy 10551,272,10000,Monthly,2005-03-19,2006-03-19,2005-05-21,2005-04-21,1000000,6657.26,SOUTH
PT001,Auto,Auto insurance policy,10552,Auto Policy 10552,272,15000,Monthly,2007-03-05,2008-03-04,2007-05-07,2007-04-07,1000000,6944.49,SOUTH
PT003,Term,Term life insurance policy,10553,Term Policy 10553,273,25000,Quarterly,2015-11-25,2017-11-24,2016-11-28,2016-10-29,400000,12515.44,WEST
PT003,Term,Term life insurance policy,10554,Term Policy 10554,273,10000,Quarterly,2020-04-17,2022-04-17,2020-10-16,2020-09-16,1000000,8586.94,WEST
PT004,Health,Health insurance policy,10555,Health Policy 10555,273,5000,Annual,2013-06-28,2018-06-27,2014-11-17,2014-10-18,400000,2155.89,WEST
PT001,Auto,Auto insurance policy,10556,Auto Policy 10556,274,12500,Annual,2015-04-02,2020-03-31,2016-08-01,2016-07-02,800000,10269.74,SOUTH
PT001,Auto,Auto insurance policy,10557,Auto Policy 10557,275,25000,Monthly,2018-07-02,2019-07-02,2019-01-21,2018-12-22,600000,21643.58,NORTH
PT003,Term,Term life insurance policy,10558,Term Policy 10558,276,20000,Annual,2015-02-20,2020-02-19,2016-07-09,2016-06-09,800000,10652.79,EAST
PT002,WholeLife,Whole life insurance policy,10559,WholeLife Policy 10559,277,25000,Annual,2005-01-26,2010-01-25,2005-04-04,2005-03-05,400000,16091.1,SOUTH
PT001,Auto,Auto insurance policy,10560,Auto Policy 10560,277,12500,Annual,2012-04-20,2017-04-19,2013-04-25,2013-03-26,300000,6739.69,SOUTH
PT005,Home,Home insurance policy,10561,Home Policy 10561,278,12500,Quarterly,2006-10-29,2008-10-28,2007-11-30,2007-10-31,500000,9999.63,SOUTH
PT001,Auto,Auto insurance policy,10562,Auto Policy 10562,278,15000,Quarterly,2013-08-19,2015-08-19,2014-10-17,2014-09-17,300000,4503.2,SOUTH
PT005,Home,Home insurance policy,10563,Home Policy 10563,278,15000,Annual,2017-10-29,2022-10-28,2018-03-03,2018-02-01,200000,8228.21,SOUTH
PT003,Term,Term life insurance policy,10564,Term Policy 10564,279,25000,Annual,2020-02-05,2025-02-03,2020-06-30,2020-05-31,500000,20687.15,SOUTH
PT004,Health,Health insurance policy,10565,Health Policy 10565,280,7500,Annual,2019-11-12,2024-11-10,2020-04-28,2020-03-29,300000,2394.77,SOUTH
PT001,Auto,Auto insurance policy,10566,Auto Policy 10566,281,20000,Quarterly,2007-05-15,2009-05-14,2007-10-04,2007-09-04,200000,17006.05,WEST
PT003,Term,Term life insurance policy,10567,Term Policy 10567,281,7500,Quarterly,2013-08-08,2015-08-08,2014-02-15,2014-01-16,800000,4996.15,WEST
PT001,Auto,Auto insurance policy,10568,Auto Policy 10568,281,15000,Monthly,2019-12-05,2020-12-04,2021-02-08,2021-01-09,800000,8165.57,WEST
PT003,Term,Term life insurance policy,10569,Term Policy 10569,282,25000,Annual,2010-01-08,2015-01-07,2010-04-11,2010-03-12,600000,16269.76,WEST
PT004,Health,Health insurance policy,10570,Health Policy 10570,282,20000,Annual,2013-07-24,2018-07-23,2014-07-06,2014-06-06,1000000,17527.47,WEST
PT004,Health,Health insurance policy,10571,Health Policy 10571,282,10000,Monthly,2010-03-27,2011-03-27,2010-10-21,2010-09-21,200000,2613.76,WEST
PT003,Term,Term life insurance policy,10572,Term Policy 10572,283,20000,Monthly,2018-04-14,2019-04-14,2019-04-02,2019-03-03,200000,9148.32,SOUTH
PT004,Health,Health insurance policy,10573,Health Policy 10573,284,5000,Annual,2017-12-10,2022-12-09,2018-03-11,2018-02-09,400000,3065.21,EAST
PT002,WholeLife,Whole life insurance policy,10574,WholeLife Policy 10574,284,10000,Quarterly,2013-09-15,2015-09-15,2014-05-19,2014-04-19,1000000,7582.63,EAST
PT005,Home,Home insurance policy,10575,Home Policy 10575,285,15000,Annual,2019-11-21,2024-11-19,2020-03-14,2020-02-13,300000,7150.78,EAST
PT004,Health,Health insurance policy,10576,Health Policy 10576,286,25000,Monthly,2012-02-02,2013-02-01,2013-06-04,2013-05-05,400000,8830.82,SOUTH
PT004,Health,Health insurance policy,10577,Health Policy 10577,286,10000,Annual,2008-04-22,2013-04-21,2009-07-08,2009-06-08,300000,6657.45,SOUTH
PT001,Auto,Auto insurance policy,10578,Auto Policy 10578,286,10000,Quarterly,2018-06-08,2020-06-07,2019-07-25,2019-06-25,600000,2864.25,SOUTH
PT005,Home,Home insurance policy,10579,Home Policy 10579,287,25000,Annual,2015-09-24,2020-09-22,2016-08-02,2016-07-03,300000,10101.16,NORTH
PT004,Health,Health insurance policy,10580,Health Policy 10580,287,7500,Quarterly,2006-04-27,2008-04-26,2007-06-27,2007-05-28,1000000,2605.72,NORTH
PT002,WholeLife,Whole life insurance policy,10581,WholeLife Policy 10581,287,5000,Annual,2020-09-16,2025-09-15,2021-12-17,2021-11-17,1000000,1626.57,NORTH
PT004,Health,Health insurance policy,10582,Health Policy 10582,288,25000,Annual,2011-09-17,2016-09-15,2011-11-27,2011-10-28,300000,14589.0,EAST
PT003,Term,Term life insurance policy,10583,Term Policy 10583,288,12500,Annual,2014-06-23,2019-06-22,2015-09-13,2015-08-14,400000,5924.42,EAST
PT005,Home,Home insurance policy,10584,Home Policy 10584,289,20000,Quarterly,2011-05-08,2013-05-07,2012-06-29,2012-05-30,300000,15987.53,SOUTH
PT001,Auto,Auto insurance policy,10585,Auto Policy 10585,290,25000,Quarterly,2007-12-09,2009-12-08,2008-11-30,2008-10-31,1000000,20152.47,NORTH
PT001,Auto,Auto insurance policy,10586,Auto Policy 10586,290,12500,Quarterly,2020-11-30,2022-11-30,2021-04-22,2021-03-23,800000,7550.13,NORTH
PT004,Health,Health insurance policy,10587,Health Policy 10587,291,7500,Monthly,2011-07-13,2012-07-12,2012-10-26,2012-09-26,300000,5429.01,EAST
PT001,Auto,Auto insurance policy,10588,Auto Policy 10588,291,25000,Annual,2013-02-15,2018-02-14,2013-06-07,2013-05-08,600000,16870.56,EAST
PT004,Health,Health insurance policy,10589,Health Policy 10589,292,25000,Annual,2014-07-31,2019-07-30,2014-10-27,2014-09-27,300000,6680.84,EAST
PT002,WholeLife,Whole life insurance policy,10590,WholeLife Policy 10590,293,15000,Monthly,2006-03-06,2007-03-06,2006-10-25,2006-09-25,800000,9230.62,EAST
PT002,WholeLife,Whole life insurance policy,10591,WholeLife Policy 10591,293,12500,Annual,2019-01-24,2024-01-23,2019-04-11,2019-03-12,300000,3539.52,EAST
PT004,Health,Health insurance policy,10592,Health Policy 10592,294,15000,Annual,2011-10-16,2016-10-14,2012-11-13,2012-10-14,300000,10824.6,EAST
PT001,Auto,Auto insurance policy,10593,Auto Policy 10593,294,12500,Annual,2015-05-27,2020-05-25,2016-06-13,2016-05-14,400000,8215.46,EAST
PT001,Auto,Auto insurance policy,10594,Auto Policy 10594,295,5000,Monthly,2007-09-11,2008-09-10,2008-07-17,2008-06-17,200000,3244.93,SOUTH
PT005,Home,Home insurance policy,10595,Home Policy 10595,295,15000,Monthly,2010-01-17,2011-01-17,2011-01-05,2010-12-06,600000,8034.73,SOUTH
PT001,Auto,Auto insurance policy,10596,Auto Policy 10596,296,12500,Monthly,2018-04-19,2019-04-19,2019-05-14,2019-04-14,500000,8648.95,EAST
PT003,Term,Term life insurance policy,10597,Term Policy 10597,296,5000,Monthly,2017-10-26,2018-10-26,2018-01-26,2017-12-27,400000,3498.19,EAST
PT005,Home,Home insurance policy,10598,Home Policy 10598,296,25000,Quarterly,2009-02-23,2011-02-23,2009-05-04,2009-04-04,800000,11891.44,EAST
PT005,Home,Home insurance policy,10599,Home Policy 10599,297,15000,Monthly,2015-12-17,2016-12-16,2016-12-10,2016-11-10,1000000,8659.31,NORTH
PT001,Auto,Auto insurance policy,10600,Auto Policy 10600,297,5000,Annual,2009-08-27,2014-08-26,2011-01-10,2010-12-11,300000,3096.86,NORTH
PT002,WholeLife,Whole life insurance policy,10601,WholeLife Policy 10601,297,12500,Annual,2005-02-13,2010-02-12,2005-09-21,2005-08-22,1000000,3576.65,NORTH
PT005,Home,Home insurance policy,10602,Home Policy 10602,298,7500,Annual,2009-08-17,2014-08-16,2010-07-30,2010-06-30,200000,2847.99,SOUTH
PT001,Auto,Auto insurance policy,10603,Auto Policy 10603,299,10000,Annual,2007-10-19,2012-10-17,2008-09-21,2008-08-22,400000,3201.22,WEST
PT001,Auto,Auto insurance policy,10604,Auto Policy 10604,300,5000,Quarterly,2010-07-28,2012-07-27,2012-01-02,2011-12-03,600000,3739.81,EAST
PT005,Home,Home insurance policy,10605,Home Policy 10605,300,15000,Monthly,2014-12-24,2015-12-24,2016-02-12,2016-01-13,500000,6285.83,EAST
PT003,Term,Term life insurance policy,10606,Term Policy 10606,300,15000,Annual,2018-08-06,2023-08-05,2019-09-22,2019-08-23,300000,4039.6,EAST
PT002,WholeLife,Whole life insurance policy,10607,WholeLife Policy 10607,301,7500,Monthly,2005-10-28,2006-10-28,2007-03-10,2007-02-08,400000,5871.3,SOUTH
PT005,Home,Home insurance policy,10608,Home Policy 10608,302,15000,Monthly,2017-05-20,2018-05-20,2017-12-08,2017-11-08,400000,4349.17,NORTH
PT004,Health,Health insurance policy,10609,Health Policy 10609,303,10000,Annual,2006-09-02,2011-09-01,2007-05-15,2007-04-15,400000,6548.38,SOUTH
PT002,WholeLife,Whole life insurance policy,10610,WholeLife Policy 10610,303,5000,Quarterly,2013-12-22,2015-12-22,2015-02-01,2015-01-02,400000,2488.7,SOUTH
PT002,WholeLife,Whole life insurance policy,10611,WholeLife Policy 10611,303,5000,Monthly,2017-01-08,2018-01-08,2018-03-19,2018-02-17,800000,1942.9,SOUTH
PT002,WholeLife,Whole life insurance policy,10612,WholeLife Policy 10612,304,20000,Annual,2013-05-07,2018-05-06,2014-08-30,2014-07-31,800000,11159.98,WEST
PT002,WholeLife,Whole life insurance policy,10613,WholeLife Policy 10613,304,10000,Monthly,2014-06-01,2015-06-01,2015-03-10,2015-02-08,1000000,4652.59,WEST
PT005,Home,Home insurance policy,10614,Home Policy 10614,304,10000,Monthly,2010-07-21,2011-07-21,2011-06-18,2011-05-19,200000,2769.93,WEST
PT004,Health,Health insurance policy,10615,Health Policy 10615,305,20000,Quarterly,2006-06-25,2008-06-24,2007-02-25,2007-01-26,200000,16729.44,SOUTH
PT003,Term,Term life insurance policy,10616,Term Policy 10616,305,10000,Monthly,2008-04-13,2009-04-13,2008-08-01,2008-07-02,200000,4640.09,SOUTH
PT002,WholeLife,Whole life insurance policy,10617,WholeLife Policy 10617,305,25000,Monthly,2013-06-29,2014-06-29,2013-11-25,2013-10-26,200000,14213.32,SOUTH
PT005,Home,Home insurance policy,10618,Home Policy 10618,306,15000,Monthly,2015-12-25,2016-12-24,2017-02-15,2017-01-16,400000,9007.66,SOUTH
PT003,Term,Term life insurance policy,10619,Term Policy 10619,306,15000,Quarterly,2017-05-16,2019-05-16,2018-10-17,2018-09-17,200000,3503.61,SOUTH
PT004,Health,Health insurance policy,10620,Health Policy 10620,307,25000,Quarterly,2009-01-20,2011-01-20,2010-03-03,2010-02-01,800000,21940.0,SOUTH
PT005,Home,Home insurance policy,10621,Home Policy 10621,307,25000,Annual,2017-05-17,2022-05-16,2018-03-17,2018-02-15,500000,15365.43,SOUTH
PT001,Auto,Auto insurance policy,10622,Auto Policy 10622,308,20000,Annual,2020-05-27,2025-05-26,2021-06-27,2021-05-28,300000,5769.16,NORTH
PT004,Health,Health insurance policy,10623,Health Policy 10623,308,10000,Annual,2017-09-24,2022-09-23,2019-03-08,2019-02-06,200000,7077.93,NORTH
PT002,WholeLife,Whole life insurance policy,10624,WholeLife Policy 10624,309,12500,Annual,2020-03-18,2025-03-17,2021-01-06,2020-12-07,800000,4102.16,NORTH
PT003,Term,Term life insurance policy,10625,Term Policy 10625,309,10000,Annual,2015-07-07,2020-07-05,2016-04-11,2016-03-12,400000,5644.16,NORTH
PT002,WholeLife,Whole life insurance policy,10626,WholeLife Policy 10626,310,25000,Annual,2011-11-06,2016-11-04,2012-06-09,2012-05-10,200000,12114.01,NORTH
PT003,Term,Term life insurance policy,10627,Term Policy 10627,310,5000,Annual,2007-01-09,2012-01-08,2008-03-17,2008-02-16,200000,1840.13,NORTH
PT001,Auto,Auto insurance policy,10628,Auto Policy 10628,310,5000,Annual,2008-09-14,2013-09-13,2009-11-28,2009-10-29,200000,2000.48,NORTH
PT001,Auto,Auto insurance policy,10629,Auto Policy 10629,311,15000,Annual,2014-07-06,2019-07-05,2014-11-12,2014-10-13,800000,8036.39,WEST
PT005,Home,Home insurance policy,10630,Home Policy 10630,311,15000,Annual,2020-05-14,2025-05-13,2020-09-14,2020-08-15,800000,7257.45,WEST
PT002,WholeLife,Whole life insurance policy,10631,WholeLife Policy 10631,312,12500,Annual,2005-03-01,2010-02-28,2006-01-28,2005-12-29,800000,9059.59,WEST
PT002,WholeLife,Whole life insurance policy,10632,WholeLife Policy 10632,312,20000,Annual,2019-10-31,2024-10-29,2020-01-20,2019-12-21,600000,12503.23,WEST
PT002,WholeLife,Whole life insurance policy,10633,WholeLife Policy 10633,312,7500,Annual,2020-02-17,2025-02-15,2020-05-25,2020-04-25,300000,3427.02,WEST
PT005,Home,Home insurance policy,10634,Home Policy 10634,313,12500,Monthly,2012-12-04,2013-12-04,2013-08-15,2013-07-16,500000,3991.73,SOUTH
PT003,Term,Term life insurance policy,10635,Term Policy 10635,314,25000,Monthly,2020-03-25,2021-03-25,2021-08-02,2021-07-03,600000,18412.24,EAST
PT003,Term,Term life insurance policy,10636,Term Policy 10636,315,10000,Quarterly,2011-09-17,2013-09-16,2012-03-04,2012-02-03,400000,2015.64,NORTH
PT005,Home,Home insurance policy,10637,Home Policy 10637,316,10000,Monthly,2013-10-30,2014-10-30,2014-09-18,2014-08-19,800000,7780.09,SOUTH
PT001,Auto,Auto insurance policy,10638,Auto Policy 10638,316,25000,Annual,2015-05-22,2020-05-20,2015-08-19,2015-07-20,500000,11225.52,SOUTH
PT005,Home,Home insurance policy,10639,Home Policy 10639,316,10000,Quarterly,2015-04-30,2017-04-29,2015-08-22,2015-07-23,400000,2036.08,SOUTH
PT002,WholeLife,Whole life insurance policy,10640,WholeLife Policy 10640,317,5000,Quarterly,2014-01-07,2016-01-07,2014-10-14,2014-09-14,200000,2722.16,EAST
PT001,Auto,Auto insurance policy,10641,Auto Policy 10641,317,7500,Annual,2016-11-13,2021-11-12,2017-03-16,2017-02-14,500000,6293.82,EAST
PT001,Auto,Auto insurance policy,10642,Auto Policy 10642,317,10000,Annual,2008-06-28,2013-06-27,2009-04-24,2009-03-25,300000,4767.51,EAST
PT003,Term,Term life insurance policy,10643,Term Policy 10643,318,15000,Monthly,2014-08-10,2015-08-10,2015-02-23,2015-01-24,1000000,4141.3,SOUTH
PT004,Health,Health insurance policy,10644,Health Policy 10644,318,7500,Quarterly,2019-09-21,2021-09-20,2020-05-19,2020-04-19,300000,5422.23,SOUTH
PT003,Term,Term life insurance policy,10645,Term Policy 10645,319,5000,Monthly,2020-11-27,2021-11-27,2021-06-20,2021-05-21,300000,1140.9,SOUTH
PT004,Health,Health insurance policy,10646,Health Policy 10646,320,7500,Monthly,2012-06-06,2013-06-06,2012-11-14,2012-10-15,800000,6478.97,EAST
PT003,Term,Term life insurance policy,10647,Term Policy 10647,320,12500,Quarterly,2007-09-01,2009-08-31,2008-07-10,2008-06-10,600000,9498.43,EAST
PT002,WholeLife,Whole life insurance policy,10648,WholeLife Policy 10648,321,15000,Quarterly,2012-04-15,2014-04-15,2013-06-28,2013-05-29,800000,11852.16,SOUTH
PT004,Health,Health insurance policy,10649,Health Policy 10649,321,5000,Monthly,2007-12-13,2008-12-12,2008-02-21,2008-01-22,1000000,1441.43,SOUTH
PT003,Term,Term life insurance policy,10650,Term Policy 10650,321,25000,Monthly,2016-03-20,2017-03-20,2016-09-17,2016-08-18,800000,5910.7,SOUTH
PT004,Health,Health insurance policy,10651,Health Policy 10651,322,5000,Annual,2018-05-24,2023-05-23,2019-03-25,2019-02-23,500000,2013.13,WEST
PT004,Health,Health insurance policy,10652,Health Policy 10652,322,7500,Quarterly,2006-11-08,2008-11-07,2007-03-26,2007-02-24,600000,5328.56,WEST
PT002,WholeLife,Whole life insurance policy,10653,WholeLife Policy 10653,323,25000,Monthly,2011-04-23,2012-04-22,2012-06-14,2012-05-15,400000,9328.7,EAST
PT002,WholeLife,Whole life insurance policy,10654,WholeLife Policy 10654,324,25000,Annual,2015-08-19,2020-08-17,2015-12-09,2015-11-09,1000000,17270.04,EAST
PT005,Home,Home insurance policy,10655,Home Policy 10655,324,7500,Monthly,2018-09-16,2019-09-16,2019-09-13,2019-08-14,1000000,4801.77,EAST
PT002,WholeLife,Whole life insurance policy,10656,WholeLife Policy 10656,325,12500,Monthly,2007-09-14,2008-09-13,2008-04-01,2008-03-02,200000,11165.99,EAST
PT004,Health,Health insurance policy,10657,Health Policy 10657,326,7500,Annual,2005-05-25,2010-05-24,2006-10-09,2006-09-09,200000,1767.52,WEST
PT005,Home,Home insurance policy,10658,Home Policy 10658,327,20000,Annual,2011-11-16,2016-11-14,2012-05-07,2012-04-07,300000,8706.49,SOUTH
PT004,Health,Health insurance policy,10659,Health Policy 10659,327,12500,Annual,2006-05-18,2011-05-17,2006-08-12,2006-07-13,800000,5162.54,SOUTH
PT003,Term,Term life insurance policy,10660,Term Policy 10660,328,20000,Quarterly,2011-04-18,2013-04-17,2011-10-21,2011-09-21,500000,8477.77,WEST
PT001,Auto,Auto insurance policy,10661,Auto Policy 10661,328,5000,Monthly,2009-01-28,2010-01-28,2010-03-02,2010-01-31,200000,3606.64,WEST
PT003,Term,Term life insurance policy,10662,Term Policy 10662,329,15000,Quarterly,2015-08-04,2017-08-03,2016-05-10,2016-04-10,200000,4940.82,NORTH
PT003,Term,Term life insurance policy,10663,Term Policy 10663,330,5000,Quarterly,2012-07-01,2014-07-01,2013-08-07,2013-07-08,200000,1047.82,SOUTH
PT005,Home,Home insurance policy,10664,Home Policy 10664,330,10000,Quarterly,2007-12-04,2009-12-03,2009-03-22,2009-02-20,800000,4529.69,SOUTH
PT005,Home,Home insurance policy,10665,Home Policy 10665,331,7500,Quarterly,2018-07-25,2020-07-24,2019-02-11,2019-01-12,800000,2602.67,EAST
PT004,Health,Health insurance policy,10666,Health Policy 10666,331,7500,Monthly,2006-12-16,2007-12-16,2008-02-29,2008-01-30,800000,4659.63,EAST
PT001,Auto,Auto insurance policy,10667,Auto Policy 10667,331,25000,Annual,2018-02-27,2023-02-26,2018-08-04,2018-07-05,300000,17331.55,EAST
PT001,Auto,Auto insurance policy,10668,Auto Policy 10668,332,10000,Annual,2017-04-05,2022-04-04,2018-06-10,2018-05-11,400000,5319.39,EAST
PT005,Home,Home insurance policy,10669,Home Policy 10669,333,7500,Monthly,2008-06-12,2009-06-12,2009-03-13,2009-02-11,300000,4390.1,WEST
PT005,Home,Home insurance policy,10670,Home Policy 10670,334,12500,Quarterly,2012-10-16,2014-10-16,2013-12-17,2013-11-17,800000,3527.5,EAST
PT004,Health,Health insurance policy,10671,Health Policy 10671,334,12500,Quarterly,2006-07-09,2008-07-08,2007-05-22,2007-04-22,600000,9420.25,EAST
PT005,Home,Home insurance policy,10672,Home Policy 10672,335,7500,Annual,2011-02-24,2016-02-23,2011-05-18,2011-04-18,400000,6517.97,WEST
PT002,WholeLife,Whole life insurance policy,10673,WholeLife Policy 10673,336,20000,Quarterly,2013-12-01,2015-12-01,2015-04-20,2015-03-21,600000,11188.83,WEST
PT002,WholeLife,Whole life insurance policy,10674,WholeLife Policy 10674,337,12500,Annual,2014-10-27,2019-10-26,2016-01-29,2015-12-30,600000,5914.66,EAST
PT003,Term,Term life insurance policy,10675,Term Policy 10675,338,5000,Monthly,2009-08-23,2010-08-23,2010-08-10,2010-07-11,300000,1762.33,WEST
PT001,Auto,Auto insurance policy,10676,Auto Policy 10676,338,15000,Quarterly,2016-07-02,2018-07-02,2017-09-03,2017-08-04,800000,8513.27,WEST
PT003,Term,Term life insurance policy,10677,Term Policy 10677,338,20000,Quarterly,2009-12-10,2011-12-10,2010-11-17,2010-10-18,400000,5667.45,WEST
PT001,Auto,Auto insurance policy,10678,Auto Policy 10678,339,10000,Monthly,2016-12-19,2017-12-19,2018-01-10,2017-12-11,200000,3036.98,SOUTH
PT002,WholeLife,Whole life insurance policy,10679,WholeLife Policy 10679,340,20000,Monthly,2011-01-25,2012-01-25,2012-05-20,2012-04-20,300000,6939.61,SOUTH
PT001,Auto,Auto insurance policy,10680,Auto Policy 10680,340,10000,Annual,2005-01-12,2010-01-11,2006-01-16,2005-12-17,800000,8805.53,SOUTH
PT001,Auto,Auto insurance policy,10681,Auto Policy 10681,341,10000,Annual,2020-10-28,2025-10-27,2021-03-05,2021-02-03,800000,4858.4,EAST
PT005,Home,Home insurance policy,10682,Home Policy 10682,341,5000,Quarterly,2011-08-13,2013-08-12,2012-12-02,2012-11-02,800000,1036.43,EAST
PT002,WholeLife,Whole life insurance policy,10683,WholeLife Policy 10683,342,10000,Monthly,2011-04-11,2012-04-10,2012-03-11,2012-02-10,200000,6601.22,NORTH
PT005,Home,Home insurance policy,10684,Home Policy 10684,342,20000,Annual,2007-05-22,2012-05-20,2008-02-01,2008-01-02,800000,17239.19,NORTH
PT005,Home,Home insurance policy,10685,Home Policy 10685,343,25000,Monthly,2017-05-10,2018-05-10,2017-10-29,2017-09-29,500000,10674.6,NORTH
PT002,WholeLife,Whole life insurance policy,10686,WholeLife Policy 10686,343,25000,Annual,2018-01-17,2023-01-16,2019-04-07,2019-03-08,1000000,11920.61,NORTH
PT002,WholeLife,Whole life insurance policy,10687,WholeLife Policy 10687,344,7500,Quarterly,2014-09-25,2016-09-24,2015-01-10,2014-12-11,500000,4103.8,WEST
PT004,Health,Health insurance policy,10688,Health Policy 10688,344,7500,Monthly,2009-02-24,2010-02-24,2010-01-01,2009-12-02,600000,6452.61,WEST
PT003,Term,Term life insurance policy,10689,Term Policy 10689,345,7500,Quarterly,2005-06-22,2007-06-22,2006-10-13,2006-09-13,300000,3569.54,WEST
PT002,WholeLife,Whole life insurance policy,10690,WholeLife Policy 10690,346,5000,Monthly,2006-07-23,2007-07-23,2007-01-24,2006-12-25,500000,2592.58,EAST
PT004,Health,Health insurance policy,10691,Health Policy 10691,346,15000,Annual,2007-04-02,2012-03-31,2008-06-07,2008-05-08,300000,10879.66,EAST
PT001,Auto,Auto insurance policy,10692,Auto Policy 10692,346,12500,Monthly,2018-07-14,2019-07-14,2018-09-22,2018-08-23,500000,3462.81,EAST
PT001,Auto,Auto insurance policy,10693,Auto Policy 10693,347,25000,Monthly,2007-12-19,2008-12-18,2008-07-03,2008-06-03,200000,7496.12,EAST
PT005,Home,Home insurance policy,10694,Home Policy 10694,348,25000,Monthly,2005-04-21,2006-04-21,2006-03-24,2006-02-22,200000,17882.3,EAST
PT003,Term,Term life insurance policy,10695,Term Policy 10695,348,7500,Monthly,2020-11-13,2021-11-13,2021-09-14,2021-08-15,300000,5488.28,EAST
PT004,Health,Health insurance policy,10696,Health Policy 10696,348,10000,Quarterly,2008-08-29,2010-08-29,2009-01-15,2008-12-16,500000,3706.66,EAST
PT003,Term,Term life insurance policy,10697,Term Policy 10697,349,5000,Annual,2019-01-28,2024-01-27,2020-05-24,2020-04-24,200000,1155.84,WEST
PT005,Home,Home insurance policy,10698,Home Policy 10698,349,15000,Monthly,2011-08-28,2012-08-27,2012-05-26,2012-04-26,1000000,4489.27,WEST
PT002,WholeLife,Whole life insurance policy,10699,WholeLife Policy 10699,349,12500,Monthly,2005-07-16,2006-07-16,2005-11-28,2005-10-29,500000,5591.46,WEST
PT002,WholeLife,Whole life insurance policy,10700,WholeLife Policy 10700,350,20000,Quarterly,2020-05-08,2022-05-08,2021-09-01,2021-08-02,800000,16622.61,SOUTH
PT004,Health,Health insurance policy,10701,Health Policy 10701,350,7500,Monthly,2008-10-21,2009-10-21,2009-05-13,2009-04-13,200000,3375.87,SOUTH
PT003,Term,Term life insurance policy,10702,Term Policy 10702,351,5000,Quarterly,2007-08-28,2009-08-27,2008-08-31,2008-08-01,200000,1528.86,SOUTH
PT004,Health,Health insurance policy,10703,Health Policy 10703,351,15000,Quarterly,2016-11-24,2018-11-24,2018-01-05,2017-12-06,300000,7465.07,SOUTH
PT003,Term,Term life insurance policy,10704,Term Policy 10704,351,10000,Quarterly,2019-01-06,2021-01-05,2019-07-23,2019-06-23,200000,8413.64,SOUTH
PT003,Term,Term life insurance policy,10705,Term Policy 10705,352,25000,Annual,2010-12-15,2015-12-14,2012-03-22,2012-02-21,200000,5038.13,EAST
PT002,WholeLife,Whole life insurance policy,10706,WholeLife Policy 10706,352,10000,Monthly,2019-09-17,2020-09-16,2020-06-02,2020-05-03,300000,5126.87,EAST
PT004,Health,Health insurance policy,10707,Health Policy 10707,352,15000,Monthly,2006-07-06,2007-07-06,2007-09-11,2007-08-12,500000,5924.0,EAST
PT003,Term,Term life insurance policy,10708,Term Policy 10708,353,25000,Monthly,2007-11-11,2008-11-10,2008-07-08,2008-06-08,500000,10588.03,WEST
PT004,Health,Health insurance policy,10709,Health Policy 10709,354,15000,Quarterly,2020-07-21,2022-07-21,2021-08-10,2021-07-11,1000000,6501.38,NORTH
PT002,WholeLife,Whole life insurance policy,10710,WholeLife Policy 10710,354,15000,Quarterly,2013-08-06,2015-08-06,2014-07-07,2014-06-07,500000,8604.59,NORTH
PT005,Home,Home insurance policy,10711,Home Policy 10711,355,5000,Quarterly,2010-03-01,2012-02-29,2011-05-01,2011-04-01,600000,2476.44,WEST
PT005,Home,Home insurance policy,10712,Home Policy 10712,355,7500,Annual,2020-07-22,2025-07-21,2020-11-03,2020-10-04,800000,2734.76,WEST
PT001,Auto,Auto insurance policy,10713,Auto Policy 10713,355,10000,Monthly,2009-07-24,2010-07-24,2010-05-22,2010-04-22,600000,8703.31,WEST
PT001,Auto,Auto insurance policy,10714,Auto Policy 10714,356,25000,Quarterly,2012-11-01,2014-11-01,2014-03-19,2014-02-17,1000000,18626.32,NORTH
PT003,Term,Term life insurance policy,10715,Term Policy 10715,357,25000,Monthly,2015-04-30,2016-04-29,2016-04-06,2016-03-07,1000000,22006.84,SOUTH
PT002,WholeLife,Whole life insurance policy,10716,WholeLife Policy 10716,358,5000,Monthly,2009-09-23,2010-09-23,2010-01-31,2010-01-01,800000,1410.33,EAST
PT002,WholeLife,Whole life insurance policy,10717,WholeLife Policy 10717,358,5000,Annual,2013-06-20,2018-06-19,2014-03-24,2014-02-22,800000,2300.89,EAST
PT001,Auto,Auto insurance policy,10718,Auto Policy 10718,359,5000,Annual,2019-11-13,2024-11-11,2021-03-15,2021-02-13,500000,3078.74,EAST
PT002,WholeLife,Whole life insurance policy,10719,WholeLife Policy 10719,359,10000,Monthly,2005-09-05,2006-09-05,2005-12-14,2005-11-14,300000,3715.32,EAST
PT001,Auto,Auto insurance policy,10720,Auto Policy 10720,359,7500,Quarterly,2017-10-07,2019-10-07,2018-03-09,2018-02-07,1000000,3966.26,EAST
PT005,Home,Home insurance policy,10721,Home Policy 10721,360,12500,Quarterly,2020-09-01,2022-09-01,2021-11-04,2021-10-05,500000,5451.7,WEST
PT001,Auto,Auto insurance policy,10722,Auto Policy 10722,361,7500,Monthly,2011-06-08,2012-06-07,2012-10-31,2012-10-01,200000,4872.88,WEST
PT005,Home,Home insurance policy,10723,Home Policy 10723,361,7500,Annual,2008-11-22,2013-11-21,2009-08-11,2009-07-12,200000,5871.57,WEST
PT004,Health,Health insurance policy,10724,Health Policy 10724,361,25000,Annual,2017-06-06,2022-06-05,2018-11-18,2018-10-19,400000,15011.14,WEST
PT002,WholeLife,Whole life insurance policy,10725,WholeLife Policy 10725,362,10000,Monthly,2014-07-03,2015-07-03,2015-05-26,2015-04-26,200000,4642.92,NORTH
PT002,WholeLife,Whole life insurance policy,10726,WholeLife Policy 10726,362,15000,Quarterly,2009-10-02,2011-10-02,2010-03-23,2010-02-21,200000,7119.06,NORTH
PT005,Home,Home insurance policy,10727,Home Policy 10727,363,25000,Monthly,2018-07-28,2019-07-28,2019-05-23,2019-04-23,800000,13354.78,WEST
PT004,Health,Health insurance policy,10728,Health Policy 10728,363,5000,Monthly,2013-07-14,2014-07-14,2014-03-21,2014-02-19,1000000,3263.27,WEST
PT002,WholeLife,Whole life insurance policy,10729,WholeLife Policy 10729,363,5000,Monthly,2011-01-21,2012-01-21,2011-09-23,2011-08-24,200000,3111.17,WEST
PT001,Auto,Auto insurance policy,10730,Auto Policy 10730,364,7500,Quarterly,2010-05-17,2012-05-16,2010-09-08,2010-08-09,600000,1842.93,NORTH
PT005,Home,Home insurance policy,10731,Home Policy 10731,364,7500,Quarterly,2005-03-31,2007-03-31,2005-09-10,2005-08-11,600000,4851.54,NORTH
PT002,WholeLife,Whole life insurance policy,10732,WholeLife Policy 10732,365,15000,Monthly,2011-01-15,2012-01-15,2011-04-07,2011-03-08,600000,8919.26,NORTH
PT001,Auto,Auto insurance policy,10733,Auto Policy 10733,366,5000,Quarterly,2006-01-29,2008-01-29,2006-04-03,2006-03-04,400000,4431.9,WEST
PT003,Term,Term life insurance policy,10734,Term Policy 10734,366,7500,Annual,2013-12-06,2018-12-05,2015-02-23,2015-01-24,400000,3550.87,WEST
PT002,WholeLife,Whole life insurance policy,10735,WholeLife Policy 10735,367,5000,Annual,2020-10-05,2025-10-04,2021-06-30,2021-05-31,400000,4137.79,EAST
PT005,Home,Home insurance policy,10736,Home Policy 10736,367,25000,Annual,2007-04-08,2012-04-06,2007-08-22,2007-07-23,1000000,5414.49,EAST
PT004,Health,Health insurance policy,10737,Health Policy 10737,368,10000,Monthly,2018-02-25,2019-02-25,2018-07-12,2018-06-12,300000,6776.62,WEST
PT001,Auto,Auto insurance policy,10738,Auto Policy 10738,368,20000,Monthly,2019-01-15,2020-01-15,2020-06-10,2020-05-11,300000,7019.06,WEST
PT002,WholeLife,Whole life insurance policy,10739,WholeLife Policy 10739,369,15000,Annual,2008-08-12,2013-08-11,2009-08-18,2009-07-19,800000,9839.65,NORTH
PT003,Term,Term life insurance policy,10740,Term Policy 10740,369,10000,Monthly,2015-01-14,2016-01-14,2015-09-15,2015-08-16,400000,6364.3,NORTH
PT004,Health,Health insurance policy,10741,Health Policy 10741,369,25000,Annual,2005-11-24,2010-11-23,2006-08-09,2006-07-10,800000,9184.44,NORTH
PT005,Home,Home insurance policy,10742,Home Policy 10742,370,15000,Monthly,2006-09-07,2007-09-07,2007-07-18,2007-06-18,800000,4022.76,EAST
PT001,Auto,Auto insurance policy,10743,Auto Policy 10743,370,15000,Quarterly,2008-03-14,2010-03-14,2009-06-25,2009-05-26,1000000,11205.18,EAST
PT001,Auto,Auto insurance policy,10744,Auto Policy 10744,370,12500,Monthly,2016-03-11,2017-03-11,2016-08-04,2016-07-05,400000,10672.99,EAST
PT001,Auto,Auto insurance policy,10745,Auto Policy 10745,371,10000,Annual,2011-04-14,2016-04-12,2011-07-28,2011-06-28,400000,2497.94,EAST
PT004,Health,Health insurance policy,10746,Health Policy 10746,372,10000,Quarterly,2010-10-15,2012-10-14,2012-03-06,2012-02-05,1000000,5094.32,SOUTH
PT002,WholeLife,Whole life insurance policy,10747,WholeLife Policy 10747,372,12500,Annual,2007-10-13,2012-10-11,2008-06-15,2008-05-16,200000,10016.28,SOUTH
PT004,Health,Health insurance policy,10748,Health Policy 10748,372,20000,Annual,2014-03-05,2019-03-04,2014-12-15,2014-11-15,300000,9134.25,SOUTH
PT003,Term,Term life insurance policy,10749,Term Policy 10749,373,20000,Monthly,2013-05-20,2014-05-20,2014-04-04,2014-03-05,500000,10301.29,WEST
PT001,Auto,Auto insurance policy,10750,Auto Policy 10750,373,5000,Annual,2018-12-03,2023-12-02,2020-03-11,2020-02-10,800000,1856.86,WEST
PT005,Home,Home insurance policy,10751,Home Policy 10751,373,25000,Monthly,2005-03-07,2006-03-07,2005-10-01,2005-09-01,200000,11576.88,WEST
PT004,Health,Health insurance policy,10752,Health Policy 10752,374,12500,Monthly,2006-08-21,2007-08-21,2007-06-13,2007-05-14,1000000,8355.07,EAST
PT003,Term,Term life insurance policy,10753,Term Policy 10753,374,20000,Quarterly,2015-06-14,2017-06-13,2016-11-15,2016-10-16,600000,15456.06,EAST
PT001,Auto,Auto insurance policy,10754,Auto Policy 10754,374,20000,Monthly,2006-12-05,2007-12-05,2008-05-17,2008-04-17,200000,17433.67,EAST
PT004,Health,Health insurance policy,10755,Health Policy 10755,375,10000,Quarterly,2009-06-23,2011-06-23,2010-01-31,2010-01-01,200000,4396.96,EAST
PT005,Home,Home insurance policy,10756,Home Policy 10756,375,20000,Monthly,2015-11-28,2016-11-27,2016-09-26,2016-08-27,800000,5600.57,EAST
PT001,Auto,Auto insurance policy,10757,Auto Policy 10757,376,12500,Monthly,2017-03-24,2018-03-24,2018-04-15,2018-03-16,300000,4367.86,EAST
PT005,Home,Home insurance policy,10758,Home Policy 10758,376,25000,Annual,2005-09-14,2010-09-13,2005-12-14,2005-11-14,500000,21388.04,EAST
PT004,Health,Health insurance policy,10759,Health Policy 10759,377,5000,Monthly,2015-08-15,2016-08-14,2016-12-31,2016-12-01,300000,1080.3,WEST
PT004,Health,Health insurance policy,10760,Health Policy 10760,377,20000,Quarterly,2011-01-20,2013-01-19,2011-05-02,2011-04-02,300000,5984.33,WEST
PT004,Health,Health insurance policy,10761,Health Policy 10761,378,25000,Quarterly,2006-11-01,2008-10-31,2007-08-19,2007-07-20,800000,20247.56,NORTH
PT005,Home,Home insurance policy,10762,Home Policy 10762,378,10000,Annual,2009-10-20,2014-10-19,2011-02-17,2011-01-18,300000,2376.2,NORTH
PT003,Term,Term life insurance policy,10763,Term Policy 10763,379,7500,Monthly,2011-08-30,2012-08-29,2012-05-30,2012-04-30,400000,4028.53,WEST
PT005,Home,Home insurance policy,10764,Home Policy 10764,379,20000,Monthly,2020-06-13,2021-06-13,2021-02-09,2021-01-10,500000,16776.37,WEST
PT004,Health,Health insurance policy,10765,Health Policy 10765,380,25000,Annual,2005-03-23,2010-03-22,2005-08-31,2005-08-01,600000,6361.65,NORTH
PT005,Home,Home insurance policy,10766,Home Policy 10766,380,10000,Monthly,2018-10-30,2019-10-30,2020-02-23,2020-01-24,800000,8572.78,NORTH
PT003,Term,Term life insurance policy,10767,Term Policy 10767,380,12500,Monthly,2005-04-27,2006-04-27,2006-03-08,2006-02-06,300000,10062.64,NORTH
PT004,Health,Health insurance policy,10768,Health Policy 10768,381,20000,Annual,2010-11-23,2015-11-22,2011-09-09,2011-08-10,200000,17206.53,WEST
PT004,Health,Health insurance policy,10769,Health Policy 10769,382,5000,Annual,2019-05-02,2024-04-30,2019-10-20,2019-09-20,200000,3609.98,EAST
PT004,Health,Health insurance policy,10770,Health Policy 10770,383,25000,Annual,2020-08-15,2025-08-14,2021-08-17,2021-07-18,300000,11607.24,EAST
PT002,WholeLife,Whole life insurance policy,10771,WholeLife Policy 10771,384,15000,Annual,2009-04-15,2014-04-14,2009-12-20,2009-11-20,200000,11544.68,WEST
PT001,Auto,Auto insurance policy,10772,Auto Policy 10772,384,15000,Quarterly,2011-10-10,2013-10-09,2013-02-25,2013-01-26,1000000,4309.83,WEST
PT004,Health,Health insurance policy,10773,Health Policy 10773,385,10000,Quarterly,2014-04-15,2016-04-14,2015-08-12,2015-07-13,400000,5797.27,EAST
PT005,Home,Home insurance policy,10774,Home Policy 10774,385,7500,Monthly,2012-07-14,2013-07-14,2013-04-19,2013-03-20,500000,3458.89,EAST
PT005,Home,Home insurance policy,10775,Home Policy 10775,386,12500,Annual,2008-08-25,2013-08-24,2009-03-18,2009-02-16,500000,9894.55,SOUTH
PT004,Health,Health insurance policy,10776,Health Policy 10776,386,20000,Quarterly,2019-03-23,2021-03-22,2020-08-27,2020-07-28,600000,15997.96,SOUTH
PT001,Auto,Auto insurance policy,10777,Auto Policy 10777,386,20000,Monthly,2007-05-01,2008-04-30,2008-05-10,2008-04-10,200000,17054.95,SOUTH
PT004,Health,Health insurance policy,10778,Health Policy 10778,387,5000,Annual,2018-12-29,2023-12-28,2019-10-12,2019-09-12,800000,2761.77,SOUTH
PT003,Term,Term life insurance policy,10779,Term Policy 10779,388,7500,Monthly,2014-06-08,2015-06-08,2015-03-27,2015-02-25,1000000,4395.84,EAST
PT002,WholeLife,Whole life insurance policy,10780,WholeLife Policy 10780,389,10000,Monthly,2015-07-14,2016-07-13,2016-12-22,2016-11-22,1000000,5247.63,SOUTH
PT004,Health,Health insurance policy,10781,Health Policy 10781,390,25000,Quarterly,2005-03-04,2007-03-04,2006-01-17,2005-12-18,300000,9963.08,EAST
PT003,Term,Term life insurance policy,10782,Term Policy 10782,390,20000,Quarterly,2011-11-24,2013-11-23,2012-01-25,2011-12-26,300000,16602.62,EAST
PT004,Health,Health insurance policy,10783,Health Policy 10783,390,5000,Monthly,2005-09-25,2006-09-25,2007-01-02,2006-12-03,300000,2310.42,EAST
PT005,Home,Home insurance policy,10784,Home Policy 10784,391,7500,Quarterly,2012-02-14,2014-02-13,2012-11-20,2012-10-21,600000,2769.61,SOUTH
PT004,Health,Health insurance policy,10785,Health Policy 10785,391,20000,Annual,2009-04-28,2014-04-27,2010-08-25,2010-07-26,500000,4722.13,SOUTH
PT005,Home,Home insurance policy,10786,Home Policy 10786,391,20000,Monthly,2014-08-17,2015-08-17,2015-10-23,2015-09-23,500000,6432.04,SOUTH
PT005,Home,Home insurance policy,10787,Home Policy 10787,392,7500,Quarterly,2008-07-21,2010-07-21,2009-09-17,2009-08-18,200000,5706.15,EAST
PT005,Home,Home insurance policy,10788,Home Policy 10788,392,15000,Annual,2007-08-28,2012-08-26,2008-05-14,2008-04-14,1000000,11851.82,EAST
PT003,Term,Term life insurance policy,10789,Term Policy 10789,393,10000,Monthly,2017-05-27,2018-05-27,2017-09-11,2017-08-12,300000,2652.86,WEST
PT004,Health,Health insurance policy,10790,Health Policy 10790,393,25000,Annual,2005-04-05,2010-04-04,2005-08-21,2005-07-22,600000,5486.82,WEST
PT005,Home,Home insurance policy,10791,Home Policy 10791,393,12500,Annual,2006-10-08,2011-10-07,2007-12-22,2007-11-22,200000,8923.98,WEST
PT003,Term,Term life insurance policy,10792,Term Policy 10792,394,20000,Monthly,2009-03-09,2010-03-09,2009-10-07,2009-09-07,300000,6713.6,NORTH
PT002,WholeLife,Whole life insurance policy,10793,WholeLife Policy 10793,394,20000,Quarterly,2013-06-25,2015-06-25,2014-01-11,2013-12-12,200000,5161.49,NORTH
PT001,Auto,Auto insurance policy,10794,Auto Policy 10794,395,25000,Annual,2019-04-27,2024-04-25,2019-08-21,2019-07-22,200000,13034.74,EAST
PT001,Auto,Auto insurance policy,10795,Auto Policy 10795,396,10000,Monthly,2007-05-28,2008-05-27,2008-10-27,2008-09-27,400000,3264.39,WEST
PT001,Auto,Auto insurance policy,10796,Auto Policy 10796,396,25000,Quarterly,2016-02-01,2018-01-31,2016-10-18,2016-09-18,300000,6761.76,WEST
PT001,Auto,Auto insurance policy,10797,Auto Policy 10797,396,12500,Monthly,2014-04-13,2015-04-13,2014-07-21,2014-06-21,800000,4340.09,WEST
PT004,Health,Health insurance policy,10798,Health Policy 10798,397,12500,Annual,2012-01-13,2017-01-11,2012-06-03,2012-05-04,1000000,4073.31,EAST
PT001,Auto,Auto insurance policy,10799,Auto Policy 10799,397,15000,Annual,2009-01-03,2014-01-02,2010-01-08,2009-12-09,800000,11975.49,EAST
PT003,Term,Term life insurance policy,10800,Term Policy 10800,398,15000,Quarterly,2012-10-11,2014-10-11,2013-09-15,2013-08-16,600000,3052.65,EAST
