Policy_Id,Customer_ID,Premium_Amt,Total_Policy_Amt,Premium_Amt_Paid_TillDate,Next_Premium_Dt,Actual_Premium_Paid_Dt,Region
10759,377,5000,300000,1080.3,2016-12-31,2015-11-13,WEST
10760,377,20000,300000,5984.33,2011-05-02,2011-01-20,WEST
10760,377,20000,300000,5984.33,2011-05-02,2011-02-19,WEST
10761,378,25000,800000,20247.56,2007-08-19,2006-11-01,NORTH
10761,378,25000,800000,20247.56,2007-08-19,2006-12-01,NORTH
10761,378,25000,800000,20247.56,2007-08-19,2006-12-31,NORTH
10761,378,25000,800000,20247.56,2007-08-19,2007-01-30,NORTH
10761,378,25000,800000,20247.56,2007-08-19,2007-03-01,NORTH
10762,378,10000,300000,2376.2,2011-02-17,2009-10-20,NORTH
10762,378,10000,300000,2376.2,2011-02-17,2009-11-19,NORTH
10763,379,7500,400000,4028.53,2012-05-30,2011-08-30,WEST
10763,379,7500,400000,4028.53,2012-05-30,2011-09-29,WEST
10763,379,7500,400000,4028.53,2012-05-30,2011-10-29,WEST
10763,379,7500,400000,4028.53,2012-05-30,2011-11-28,WEST
10764,379,20000,500000,16776.37,2021-02-09,2020-06-13,WEST
10764,379,20000,500000,16776.37,2021-02-09,2020-07-13,WEST
10765,380,25000,600000,6361.65,2005-08-31,2005-03-23,NORTH
10765,380,25000,600000,6361.65,2005-08-31,2005-04-22,NORTH
10765,380,25000,600000,6361.65,2005-08-31,2005-05-22,NORTH
10765,380,25000,600000,6361.65,2005-08-31,2005-06-21,NORTH
10765,380,25000,600000,6361.65,2005-08-31,2005-07-21,NORTH
10766,380,10000,800000,8572.78,2020-02-23,2018-10-30,NORTH
10767,380,12500,300000,10062.64,2006-03-08,2005-04-27,NORTH
10767,380,12500,300000,10062.64,2006-03-08,2005-05-27,NORTH
10767,380,12500,300000,10062.64,2006-03-08,2005-06-26,NORTH
10767,380,12500,300000,10062.64,2006-03-08,2005-07-26,NORTH
10768,381,20000,200000,17206.53,2011-09-09,2010-11-23,WEST
10768,381,20000,200000,17206.53,2011-09-09,2010-12-23,WEST
10768,381,20000,200000,17206.53,2011-09-09,2011-01-22,WEST
10769,382,5000,200000,3609.98,2019-10-20,2019-05-02,EAST
10769,382,5000,200000,3609.98,2019-10-20,2019-06-01,EAST
10770,383,25000,300000,11607.24,2021-08-17,2020-08-15,EAST
10770,383,25000,300000,11607.24,2021-08-17,2020-09-14,EAST
10771,384,15000,200000,11544.68,2009-12-20,2009-04-15,WEST
10772,384,15000,1000000,4309.83,2013-02-25,2011-10-10,WEST
10772,384,15000,1000000,4309.83,2013-02-25,2011-11-09,WEST
10773,385,10000,400000,5797.27,2015-08-12,2014-04-15,EAST
10773,385,10000,400000,5797.27,2015-08-12,2014-05-15,EAST
10773,385,10000,400000,5797.27,2015-08-12,2014-06-14,EAST
10773,385,10000,400000,5797.27,2015-08-12,2014-07-14,EAST
10774,385,7500,500000,3458.89,2013-04-19,2012-07-14,EAST
10774,385,7500,500000,3458.89,2013-04-19,2012-08-13,EAST
10774,385,7500,500000,3458.89,2013-04-19,2012-09-12,EAST
10774,385,7500,500000,3458.89,2013-04-19,2012-10-12,EAST
10774,385,7500,500000,3458.89,2013-04-19,2012-11-11,EAST
10775,386,12500,500000,9894.55,2009-03-18,2008-08-25,SOUTH
10775,386,12500,500000,9894.55,2009-03-18,2008-09-24,SOUTH
10775,386,12500,500000,9894.55,2009-03-18,2008-10-24,SOUTH
10776,386,20000,600000,15997.96,2020-08-27,2019-03-23,SOUTH
10776,386,20000,600000,15997.96,2020-08-27,2019-04-22,SOUTH
10777,386,20000,200000,17054.95,2008-05-10,2007-05-01,SOUTH
10777,386,20000,200000,17054.95,2008-05-10,2007-05-31,SOUTH
10777,386,20000,200000,17054.95,2008-05-10,2007-06-30,SOUTH
10777,386,20000,200000,17054.95,2008-05-10,2007-07-30,SOUTH
10777,386,20000,200000,17054.95,2008-05-10,2007-08-29,SOUTH
10778,387,5000,800000,2761.77,2019-10-12,2018-12-29,SOUTH
10778,387,5000,800000,2761.77,2019-10-12,2019-01-28,SOUTH
10778,387,5000,800000,2761.77,2019-10-12,2019-02-27,SOUTH
10778,387,5000,800000,2761.77,2019-10-12,2019-03-29,SOUTH
10778,387,5000,800000,2761.77,2019-10-12,2019-04-28,SOUTH
10779,388,7500,1000000,4395.84,2015-03-27,2014-06-08,EAST
10779,388,7500,1000000,4395.84,2015-03-27,2014-07-08,EAST
10779,388,7500,1000000,4395.84,2015-03-27,2014-08-07,EAST
10780,389,10000,1000000,5247.63,2016-12-22,2015-07-14,SOUTH
10780,389,10000,1000000,5247.63,2016-12-22,2015-08-13,SOUTH
10780,389,10000,1000000,5247.63,2016-12-22,2015-09-12,SOUTH
10780,389,10000,1000000,5247.63,2016-12-22,2015-10-12,SOUTH
10781,390,25000,300000,9963.08,2006-01-17,2005-03-04,EAST
10781,390,25000,300000,9963.08,2006-01-17,2005-04-03,EAST
10781,390,25000,300000,9963.08,2006-01-17,2005-05-03,EAST
10782,390,20000,300000,16602.62,2012-01-25,2011-11-24,EAST
10782,390,20000,300000,16602.62,2012-01-25,2011-12-24,EAST
10783,390,5000,300000,2310.42,2007-01-02,2005-09-25,EAST
10784,391,7500,600000,2769.61,2012-11-20,2012-02-14,SOUTH
10784,391,7500,600000,2769.61,2012-11-20,2012-03-15,SOUTH
10785,391,20000,500000,4722.13,2010-08-25,2009-04-28,SOUTH
10785,391,20000,500000,4722.13,2010-08-25,2009-05-28,SOUTH
10785,391,20000,500000,4722.13,2010-08-25,2009-06-27,SOUTH
10785,391,20000,500000,4722.13,2010-08-25,2009-07-27,SOUTH
10786,391,20000,500000,6432.04,2015-10-23,2014-08-17,SOUTH
10786,391,20000,500000,6432.04,2015-10-23,2014-09-16,SOUTH
10787,392,7500,200000,5706.15,2009-09-17,2008-07-21,EAST
10787,392,7500,200000,5706.15,2009-09-17,2008-08-20,EAST
10787,392,7500,200000,5706.15,2009-09-17,2008-09-19,EAST
10788,392,15000,1000000,11851.82,2008-05-14,2007-08-28,EAST
10788,392,15000,1000000,11851.82,2008-05-14,2007-09-27,EAST
10788,392,15000,1000000,11851.82,2008-05-14,2007-10-27,EAST
10788,392,15000,1000000,11851.82,2008-05-14,2007-11-26,EAST
10788,392,15000,1000000,11851.82,2008-05-14,2007-12-26,EAST
10789,393,10000,300000,2652.86,2017-09-11,2017-05-27,WEST
10789,393,10000,300000,2652.86,2017-09-11,2017-06-26,WEST
10789,393,10000,300000,2652.86,2017-09-11,2017-07-26,WEST
10789,393,10000,300000,2652.86,2017-09-11,2017-08-25,WEST
10790,393,25000,600000,5486.82,2005-08-21,2005-04-05,WEST
10790,393,25000,600000,5486.82,2005-08-21,2005-05-05,WEST
10791,393,12500,200000,8923.98,2007-12-22,2006-10-08,WEST
10792,394,20000,300000,6713.6,2009-10-07,2009-03-09,NORTH
10792,394,20000,300000,6713.6,2009-10-07,2009-04-08,NORTH
10792,394,20000,300000,6713.6,2009-10-07,2009-05-08,NORTH
10793,394,20000,200000,5161.49,2014-01-11,2013-06-25,NORTH
10793,394,20000,200000,5161.49,2014-01-11,2013-07-25,NORTH
10793,394,20000,200000,5161.49,2014-01-11,2013-08-24,NORTH
10794,395,25000,200000,13034.74,2019-08-21,2019-04-27,EAST
10795,396,10000,400000,3264.39,2008-10-27,2007-05-28,WEST
10795,396,10000,400000,3264.39,2008-10-27,2007-06-27,WEST
10795,396,10000,400000,3264.39,2008-10-27,2007-07-27,WEST
10795,396,10000,400000,3264.39,2008-10-27,2007-08-26,WEST
10796,396,25000,300000,6761.76,2016-10-18,2016-02-01,WEST
10797,396,12500,800000,4340.09,2014-07-21,2014-04-13,WEST
10797,396,12500,800000,4340.09,2014-07-21,2014-05-13,WEST
10797,396,12500,800000,4340.09,2014-07-21,2014-06-12,WEST
10797,396,12500,800000,4340.09,2014-07-21,2014-07-12,WEST
10798,397,12500,1000000,4073.31,2012-06-03,2012-01-13,EAST
10798,397,12500,1000000,4073.31,2012-06-03,2012-02-12,EAST
10798,397,12500,1000000,4073.31,2012-06-03,2012-03-13,EAST
10799,397,15000,800000,11975.49,2010-01-08,2009-01-03,EAST
10799,397,15000,800000,11975.49,2010-01-08,2009-02-02,EAST
10799,397,15000,800000,11975.49,2010-01-08,2009-03-04,EAST
10799,397,15000,800000,11975.49,2010-01-08,2009-04-03,EAST
10800,398,15000,600000,3052.65,2013-09-15,2012-10-11,EAST
10800,398,15000,600000,3052.65,2013-09-15,2012-11-10,EAST
10801,399,15000,200000,3241.9,2008-08-23,2007-09-24,SOUTH
10801,399,15000,200000,3241.9,2008-08-23,2007-10-24,SOUTH
10801,399,15000,200000,3241.9,2008-08-23,2007-11-23,SOUTH
10802,399,25000,400000,20725.02,2008-09-28,2008-06-02,SOUTH
10802,399,25000,400000,20725.02,2008-09-28,2008-07-02,SOUTH
10802,399,25000,400000,20725.02,2008-09-28,2008-08-01,SOUTH
10803,399,7500,200000,5130.91,2013-07-13,2012-05-07,SOUTH
10803,399,7500,200000,5130.91,2013-07-13,2012-06-06,SOUTH
10803,399,7500,200000,5130.91,2013-07-13,2012-07-06,SOUTH
10804,400,7500,200000,5217.44,2011-10-16,2011-02-20,SOUTH
10805,401,25000,500000,13971.49,2016-04-02,2015-06-24,SOUTH
10805,401,25000,500000,13971.49,2016-04-02,2015-07-24,SOUTH
10806,401,7500,300000,5941.69,2010-06-16,2009-05-01,SOUTH
10806,401,7500,300000,5941.69,2010-06-16,2009-05-31,SOUTH
10806,401,7500,300000,5941.69,2010-06-16,2009-06-30,SOUTH
10806,401,7500,300000,5941.69,2010-06-16,2009-07-30,SOUTH
10807,401,15000,1000000,9169.58,2015-01-19,2013-10-24,SOUTH
10807,401,15000,1000000,9169.58,2015-01-19,2013-11-23,SOUTH
10808,402,12500,500000,9036.94,2016-12-10,2015-12-11,WEST
10808,402,12500,500000,9036.94,2016-12-10,2016-01-10,WEST
10808,402,12500,500000,9036.94,2016-12-10,2016-02-09,WEST
10809,403,12500,500000,7462.49,2007-11-10,2007-06-01,NORTH
10809,403,12500,500000,7462.49,2007-11-10,2007-07-01,NORTH
10809,403,12500,500000,7462.49,2007-11-10,2007-07-31,NORTH
10810,403,12500,300000,2795.4,2020-08-08,2019-03-12,NORTH
10810,403,12500,300000,2795.4,2020-08-08,2019-04-11,NORTH
10810,403,12500,300000,2795.4,2020-08-08,2019-05-11,NORTH
10810,403,12500,300000,2795.4,2020-08-08,2019-06-10,NORTH
10810,403,12500,300000,2795.4,2020-08-08,2019-07-10,NORTH
10811,404,10000,600000,8140.76,2019-06-27,2018-03-01,NORTH
10811,404,10000,600000,8140.76,2019-06-27,2018-03-31,NORTH
10812,404,5000,200000,3831.64,2013-04-26,2012-11-25,NORTH
10812,404,5000,200000,3831.64,2013-04-26,2012-12-25,NORTH
10812,404,5000,200000,3831.64,2013-04-26,2013-01-24,NORTH
10813,404,7500,200000,4949.01,2009-08-21,2009-03-04,NORTH
10813,404,7500,200000,4949.01,2009-08-21,2009-04-03,NORTH
10814,405,5000,400000,1038.15,2013-03-07,2012-01-20,EAST
10815,405,15000,1000000,12436.81,2010-05-30,2009-10-18,EAST
10816,406,15000,300000,5283.37,2014-07-20,2013-08-25,SOUTH
10816,406,15000,300000,5283.37,2014-07-20,2013-09-24,SOUTH
10816,406,15000,300000,5283.37,2014-07-20,2013-10-24,SOUTH
10816,406,15000,300000,5283.37,2014-07-20,2013-11-23,SOUTH
10817,406,15000,1000000,10049.12,2012-08-09,2011-03-28,SOUTH
10817,406,15000,1000000,10049.12,2012-08-09,2011-04-27,SOUTH
10817,406,15000,1000000,10049.12,2012-08-09,2011-05-27,SOUTH
10817,406,15000,1000000,10049.12,2012-08-09,2011-06-26,SOUTH
10818,406,20000,1000000,8448.97,2020-04-08,2019-07-01,SOUTH
10818,406,20000,1000000,8448.97,2020-04-08,2019-07-31,SOUTH
10818,406,20000,1000000,8448.97,2020-04-08,2019-08-30,SOUTH
10819,407,25000,500000,5818.86,2010-04-14,2009-06-03,WEST
10819,407,25000,500000,5818.86,2010-04-14,2009-07-03,WEST
10819,407,25000,500000,5818.86,2010-04-14,2009-08-02,WEST
10819,407,25000,500000,5818.86,2010-04-14,2009-09-01,WEST
10820,407,5000,500000,3105.01,2014-11-07,2014-06-13,WEST
10820,407,5000,500000,3105.01,2014-11-07,2014-07-13,WEST
10820,407,5000,500000,3105.01,2014-11-07,2014-08-12,WEST
10821,408,5000,400000,3252.83,2010-06-29,2010-04-21,EAST
10821,408,5000,400000,3252.83,2010-06-29,2010-05-21,EAST
10821,408,5000,400000,3252.83,2010-06-29,2010-06-20,EAST
10822,408,10000,300000,8767.97,2006-06-13,2005-02-08,EAST
10822,408,10000,300000,8767.97,2006-06-13,2005-03-10,EAST
10822,408,10000,300000,8767.97,2006-06-13,2005-04-09,EAST
10822,408,10000,300000,8767.97,2006-06-13,2005-05-09,EAST
10822,408,10000,300000,8767.97,2006-06-13,2005-06-08,EAST
10823,408,5000,400000,1056.95,2018-01-13,2016-12-19,EAST
10823,408,5000,400000,1056.95,2018-01-13,2017-01-18,EAST
10823,408,5000,400000,1056.95,2018-01-13,2017-02-17,EAST
10823,408,5000,400000,1056.95,2018-01-13,2017-03-19,EAST
10823,408,5000,400000,1056.95,2018-01-13,2017-04-18,EAST
10824,409,10000,400000,7275.85,2014-12-02,2014-04-24,EAST
10824,409,10000,400000,7275.85,2014-12-02,2014-05-24,EAST
10824,409,10000,400000,7275.85,2014-12-02,2014-06-23,EAST
10824,409,10000,400000,7275.85,2014-12-02,2014-07-23,EAST
10824,409,10000,400000,7275.85,2014-12-02,2014-08-22,EAST
10825,409,25000,400000,15715.61,2007-08-24,2006-10-16,EAST
10825,409,25000,400000,15715.61,2007-08-24,2006-11-15,EAST
10825,409,25000,400000,15715.61,2007-08-24,2006-12-15,EAST
10825,409,25000,400000,15715.61,2007-08-24,2007-01-14,EAST
10825,409,25000,400000,15715.61,2007-08-24,2007-02-13,EAST
10826,410,12500,1000000,10962.58,2021-09-07,2020-08-15,WEST
10827,410,5000,200000,1167.42,2013-11-12,2013-05-22,WEST
10827,410,5000,200000,1167.42,2013-11-12,2013-06-21,WEST
10828,411,25000,800000,12624.44,2008-07-15,2007-05-12,EAST
10829,412,25000,400000,20800.41,2010-08-05,2009-04-15,EAST
10829,412,25000,400000,20800.41,2010-08-05,2009-05-15,EAST
10829,412,25000,400000,20800.41,2010-08-05,2009-06-14,EAST
10830,413,5000,200000,1262.65,2011-06-01,2010-10-29,WEST
10830,413,5000,200000,1262.65,2011-06-01,2010-11-28,WEST
10831,414,20000,300000,12168.34,2013-11-14,2013-07-07,SOUTH
10831,414,20000,300000,12168.34,2013-11-14,2013-08-06,SOUTH
10831,414,20000,300000,12168.34,2013-11-14,2013-09-05,SOUTH
10831,414,20000,300000,12168.34,2013-11-14,2013-10-05,SOUTH
10831,414,20000,300000,12168.34,2013-11-14,2013-11-04,SOUTH
10832,414,25000,300000,15222.28,2009-01-19,2007-11-01,SOUTH
10832,414,25000,300000,15222.28,2009-01-19,2007-12-01,SOUTH
10832,414,25000,300000,15222.28,2009-01-19,2007-12-31,SOUTH
10832,414,25000,300000,15222.28,2009-01-19,2008-01-30,SOUTH
10832,414,25000,300000,15222.28,2009-01-19,2008-02-29,SOUTH
10833,415,15000,600000,9067.79,2020-06-28,2019-12-28,NORTH
10833,415,15000,600000,9067.79,2020-06-28,2020-01-27,NORTH
10833,415,15000,600000,9067.79,2020-06-28,2020-02-26,NORTH
10833,415,15000,600000,9067.79,2020-06-28,2020-03-27,NORTH
10833,415,15000,600000,9067.79,2020-06-28,2020-04-26,NORTH
10834,415,25000,800000,8952.03,2012-02-19,2011-04-18,NORTH
10834,415,25000,800000,8952.03,2012-02-19,2011-05-18,NORTH
10835,416,10000,600000,8110.11,2022-04-16,2020-12-15,NORTH
10835,416,10000,600000,8110.11,2022-04-16,2021-01-14,NORTH
10835,416,10000,600000,8110.11,2022-04-16,2021-02-13,NORTH
10836,416,5000,500000,1743.66,2020-11-01,2020-08-03,NORTH
10836,416,5000,500000,1743.66,2020-11-01,2020-09-02,NORTH
10836,416,5000,500000,1743.66,2020-11-01,2020-10-02,NORTH
10837,417,7500,500000,3287.36,2015-10-24,2015-07-03,WEST
10837,417,7500,500000,3287.36,2015-10-24,2015-08-02,WEST
10838,417,25000,400000,21526.67,2018-01-24,2016-11-01,WEST
10838,417,25000,400000,21526.67,2018-01-24,2016-12-01,WEST
10838,417,25000,400000,21526.67,2018-01-24,2016-12-31,WEST
10838,417,25000,400000,21526.67,2018-01-24,2017-01-30,WEST
10839,417,25000,600000,20997.19,2020-01-05,2019-09-13,WEST
10839,417,25000,600000,20997.19,2020-01-05,2019-10-13,WEST
10839,417,25000,600000,20997.19,2020-01-05,2019-11-12,WEST
10839,417,25000,600000,20997.19,2020-01-05,2019-12-12,WEST
10839,417,25000,600000,20997.19,2020-01-05,2020-01-11,WEST
10840,418,25000,600000,8552.86,2014-07-13,2013-08-25,SOUTH
10841,419,12500,300000,5187.53,2007-09-01,2006-07-17,WEST
10841,419,12500,300000,5187.53,2007-09-01,2006-08-16,WEST
10841,419,12500,300000,5187.53,2007-09-01,2006-09-15,WEST
10842,419,7500,500000,2062.66,2020-12-07,2019-07-18,WEST
10843,420,7500,400000,4000.26,2005-07-29,2005-05-16,WEST
10843,420,7500,400000,4000.26,2005-07-29,2005-06-15,WEST
10843,420,7500,400000,4000.26,2005-07-29,2005-07-15,WEST
10844,421,5000,600000,2240.49,2013-03-06,2012-11-23,SOUTH
10845,421,15000,500000,6504.26,2009-04-03,2008-05-18,SOUTH
10845,421,15000,500000,6504.26,2009-04-03,2008-06-17,SOUTH
10845,421,15000,500000,6504.26,2009-04-03,2008-07-17,SOUTH
10846,421,5000,200000,2338.83,2012-03-10,2011-02-12,SOUTH
10846,421,5000,200000,2338.83,2012-03-10,2011-03-14,SOUTH
10847,422,12500,300000,4914.35,2012-08-04,2011-08-06,EAST
10847,422,12500,300000,4914.35,2012-08-04,2011-09-05,EAST
10848,422,12500,200000,2936.38,2017-03-10,2016-01-27,EAST
10848,422,12500,200000,2936.38,2017-03-10,2016-02-26,EAST
10849,423,5000,200000,1931.62,2010-11-23,2009-12-04,NORTH
10849,423,5000,200000,1931.62,2010-11-23,2010-01-03,NORTH
10850,424,7500,600000,5258.07,2008-05-30,2007-04-08,SOUTH
10850,424,7500,600000,5258.07,2008-05-30,2007-05-08,SOUTH
10850,424,7500,600000,5258.07,2008-05-30,2007-06-07,SOUTH
10851,425,20000,1000000,13683.57,2008-09-01,2007-04-10,NORTH
10851,425,20000,1000000,13683.57,2008-09-01,2007-05-10,NORTH
10852,425,25000,300000,16145.74,2010-04-07,2009-08-13,NORTH
10852,425,25000,300000,16145.74,2010-04-07,2009-09-12,NORTH
10852,425,25000,300000,16145.74,2010-04-07,2009-10-12,NORTH
10852,425,25000,300000,16145.74,2010-04-07,2009-11-11,NORTH
10852,425,25000,300000,16145.74,2010-04-07,2009-12-11,NORTH
10853,426,5000,200000,2761.34,2011-11-19,2011-06-18,NORTH
10853,426,5000,200000,2761.34,2011-11-19,2011-07-18,NORTH
10853,426,5000,200000,2761.34,2011-11-19,2011-08-17,NORTH
10854,426,10000,1000000,6815.55,2017-02-16,2015-09-11,NORTH
10854,426,10000,1000000,6815.55,2017-02-16,2015-10-11,NORTH
10854,426,10000,1000000,6815.55,2017-02-16,2015-11-10,NORTH
10854,426,10000,1000000,6815.55,2017-02-16,2015-12-10,NORTH
10854,426,10000,1000000,6815.55,2017-02-16,2016-01-09,NORTH
10855,426,5000,300000,2162.54,2012-06-29,2012-01-26,NORTH
10855,426,5000,300000,2162.54,2012-06-29,2012-02-25,NORTH
10855,426,5000,300000,2162.54,2012-06-29,2012-03-26,NORTH
10856,427,12500,500000,2682.23,2005-12-02,2005-04-15,NORTH
10857,427,20000,1000000,4136.27,2008-02-01,2006-09-23,NORTH
10857,427,20000,1000000,4136.27,2008-02-01,2006-10-23,NORTH
10857,427,20000,1000000,4136.27,2008-02-01,2006-11-22,NORTH
10857,427,20000,1000000,4136.27,2008-02-01,2006-12-22,NORTH
10858,428,12500,1000000,6634.97,2018-08-04,2018-01-30,SOUTH
10858,428,12500,1000000,6634.97,2018-08-04,2018-03-01,SOUTH
10859,428,20000,400000,7196.03,2006-09-22,2005-05-23,SOUTH
10859,428,20000,400000,7196.03,2006-09-22,2005-06-22,SOUTH
10860,429,5000,400000,3576.65,2009-07-30,2008-04-15,SOUTH
10861,429,10000,600000,6643.86,2016-07-12,2016-01-03,SOUTH
10862,429,5000,1000000,2053.97,2013-10-30,2013-03-04,SOUTH
10863,430,12500,200000,8500.61,2020-06-07,2019-11-22,WEST
10863,430,12500,200000,8500.61,2020-06-07,2019-12-22,WEST
10863,430,12500,200000,8500.61,2020-06-07,2020-01-21,WEST
10863,430,12500,200000,8500.61,2020-06-07,2020-02-20,WEST
10863,430,12500,200000,8500.61,2020-06-07,2020-03-21,WEST
10864,430,25000,300000,22396.52,2009-05-28,2008-04-26,WEST
10864,430,25000,300000,22396.52,2009-05-28,2008-05-26,WEST
10864,430,25000,300000,22396.52,2009-05-28,2008-06-25,WEST
10864,430,25000,300000,22396.52,2009-05-28,2008-07-25,WEST
10865,431,15000,800000,13219.55,2006-11-01,2005-09-11,SOUTH
10865,431,15000,800000,13219.55,2006-11-01,2005-10-11,SOUTH
10865,431,15000,800000,13219.55,2006-11-01,2005-11-10,SOUTH
10865,431,15000,800000,13219.55,2006-11-01,2005-12-10,SOUTH
10865,431,15000,800000,13219.55,2006-11-01,2006-01-09,SOUTH
10866,431,5000,300000,3235.57,2010-04-28,2009-08-18,SOUTH
10866,431,5000,300000,3235.57,2010-04-28,2009-09-17,SOUTH
10866,431,5000,300000,3235.57,2010-04-28,2009-10-17,SOUTH
10866,431,5000,300000,3235.57,2010-04-28,2009-11-16,SOUTH
10867,432,7500,400000,5065.1,2016-07-08,2015-01-29,WEST
10868,432,12500,400000,4167.51,2014-05-15,2013-10-09,WEST
10868,432,12500,400000,4167.51,2014-05-15,2013-11-08,WEST
10868,432,12500,400000,4167.51,2014-05-15,2013-12-08,WEST
10868,432,12500,400000,4167.51,2014-05-15,2014-01-07,WEST
10868,432,12500,400000,4167.51,2014-05-15,2014-02-06,WEST
10869,433,25000,600000,12585.54,2021-01-28,2020-09-28,EAST
10870,433,10000,200000,5492.49,2017-11-20,2017-09-17,EAST
10870,433,10000,200000,5492.49,2017-11-20,2017-10-17,EAST
10870,433,10000,200000,5492.49,2017-11-20,2017-11-16,EAST
10870,433,10000,200000,5492.49,2017-11-20,2017-12-16,EAST
10870,433,10000,200000,5492.49,2017-11-20,2018-01-15,EAST
10871,433,7500,600000,4774.92,2016-01-12,2015-06-18,EAST
10871,433,7500,600000,4774.92,2016-01-12,2015-07-18,EAST
10872,434,10000,200000,4063.09,2013-02-04,2011-10-24,WEST
10872,434,10000,200000,4063.09,2013-02-04,2011-11-23,WEST
10873,434,10000,1000000,2864.05,2006-11-30,2005-12-02,WEST
10873,434,10000,1000000,2864.05,2006-11-30,2006-01-01,WEST
10873,434,10000,1000000,2864.05,2006-11-30,2006-01-31,WEST
10873,434,10000,1000000,2864.05,2006-11-30,2006-03-02,WEST
10873,434,10000,1000000,2864.05,2006-11-30,2006-04-01,WEST
10874,434,12500,400000,9798.46,2012-12-13,2011-11-11,WEST
10875,435,10000,1000000,5513.95,2009-06-16,2008-02-03,WEST
10875,435,10000,1000000,5513.95,2009-06-16,2008-03-04,WEST
10876,436,10000,300000,3377.09,2008-02-14,2006-12-06,SOUTH
10876,436,10000,300000,3377.09,2008-02-14,2007-01-05,SOUTH
10876,436,10000,300000,3377.09,2008-02-14,2007-02-04,SOUTH
10876,436,10000,300000,3377.09,2008-02-14,2007-03-06,SOUTH
10877,436,7500,200000,6397.91,2007-08-22,2006-10-24,SOUTH
10877,436,7500,200000,6397.91,2007-08-22,2006-11-23,SOUTH
10878,436,12500,500000,10960.43,2020-12-10,2020-03-21,SOUTH
10878,436,12500,500000,10960.43,2020-12-10,2020-04-20,SOUTH
10879,437,10000,300000,5050.71,2012-09-23,2011-10-11,SOUTH
10879,437,10000,300000,5050.71,2012-09-23,2011-11-10,SOUTH
10879,437,10000,300000,5050.71,2012-09-23,2011-12-10,SOUTH
10879,437,10000,300000,5050.71,2012-09-23,2012-01-09,SOUTH
10880,438,25000,300000,7374.59,2008-08-21,2008-02-15,NORTH
10880,438,25000,300000,7374.59,2008-08-21,2008-03-16,NORTH
10880,438,25000,300000,7374.59,2008-08-21,2008-04-15,NORTH
10881,438,10000,200000,5966.66,2010-01-21,2009-06-23,NORTH
10881,438,10000,200000,5966.66,2010-01-21,2009-07-23,NORTH
10882,439,12500,1000000,9796.21,2018-08-20,2017-03-30,NORTH
10883,439,12500,800000,6908.38,2008-09-17,2008-02-10,NORTH
10883,439,12500,800000,6908.38,2008-09-17,2008-03-11,NORTH
10883,439,12500,800000,6908.38,2008-09-17,2008-04-10,NORTH
10883,439,12500,800000,6908.38,2008-09-17,2008-05-10,NORTH
10884,439,12500,500000,10912.66,2016-04-04,2015-07-04,NORTH
10885,440,25000,500000,18227.49,2017-10-28,2017-07-15,NORTH
10886,440,15000,600000,4336.39,2012-06-21,2011-10-14,NORTH
10887,441,25000,1000000,7203.88,2012-04-18,2011-08-01,SOUTH
10887,441,25000,1000000,7203.88,2012-04-18,2011-08-31,SOUTH
10887,441,25000,1000000,7203.88,2012-04-18,2011-09-30,SOUTH
10887,441,25000,1000000,7203.88,2012-04-18,2011-10-30,SOUTH
10887,441,25000,1000000,7203.88,2012-04-18,2011-11-29,SOUTH
10888,441,12500,1000000,3240.77,2015-08-15,2015-05-20,SOUTH
10888,441,12500,1000000,3240.77,2015-08-15,2015-06-19,SOUTH
10888,441,12500,1000000,3240.77,2015-08-15,2015-07-19,SOUTH
10888,441,12500,1000000,3240.77,2015-08-15,2015-08-18,SOUTH
10888,441,12500,1000000,3240.77,2015-08-15,2015-09-17,SOUTH
10889,441,10000,600000,7753.58,2019-11-16,2019-07-30,SOUTH
10889,441,10000,600000,7753.58,2019-11-16,2019-08-29,SOUTH
10889,441,10000,600000,7753.58,2019-11-16,2019-09-28,SOUTH
10889,441,10000,600000,7753.58,2019-11-16,2019-10-28,SOUTH
10890,442,25000,200000,17958.28,2020-10-28,2020-06-28,NORTH
10890,442,25000,200000,17958.28,2020-10-28,2020-07-28,NORTH
10890,442,25000,200000,17958.28,2020-10-28,2020-08-27,NORTH
10891,442,7500,600000,4450.76,2006-07-22,2006-03-11,NORTH
10891,442,7500,600000,4450.76,2006-07-22,2006-04-10,NORTH
10891,442,7500,600000,4450.76,2006-07-22,2006-05-10,NORTH
10891,442,7500,600000,4450.76,2006-07-22,2006-06-09,NORTH
10892,442,20000,800000,6166.86,2009-06-02,2008-01-23,NORTH
10893,443,15000,800000,4204.44,2005-08-03,2005-02-22,WEST
10893,443,15000,800000,4204.44,2005-08-03,2005-03-24,WEST
10893,443,15000,800000,4204.44,2005-08-03,2005-04-23,WEST
10893,443,15000,800000,4204.44,2005-08-03,2005-05-23,WEST
10894,443,5000,600000,1865.22,2008-09-24,2008-06-07,WEST
10894,443,5000,600000,1865.22,2008-09-24,2008-07-07,WEST
10894,443,5000,600000,1865.22,2008-09-24,2008-08-06,WEST
10894,443,5000,600000,1865.22,2008-09-24,2008-09-05,WEST
10894,443,5000,600000,1865.22,2008-09-24,2008-10-05,WEST
10895,443,25000,600000,11837.49,2016-05-30,2015-08-17,WEST
10895,443,25000,600000,11837.49,2016-05-30,2015-09-16,WEST
10895,443,25000,600000,11837.49,2016-05-30,2015-10-16,WEST
10895,443,25000,600000,11837.49,2016-05-30,2015-11-15,WEST
10896,444,7500,1000000,5919.03,2014-07-27,2014-01-28,WEST
10896,444,7500,1000000,5919.03,2014-07-27,2014-02-27,WEST
10896,444,7500,1000000,5919.03,2014-07-27,2014-03-29,WEST
10896,444,7500,1000000,5919.03,2014-07-27,2014-04-28,WEST
10896,444,7500,1000000,5919.03,2014-07-27,2014-05-28,WEST
10897,445,12500,1000000,7900.14,2019-10-30,2018-09-29,SOUTH
10897,445,12500,1000000,7900.14,2019-10-30,2018-10-29,SOUTH
10897,445,12500,1000000,7900.14,2019-10-30,2018-11-28,SOUTH
10897,445,12500,1000000,7900.14,2019-10-30,2018-12-28,SOUTH
10897,445,12500,1000000,7900.14,2019-10-30,2019-01-27,SOUTH
10898,445,5000,300000,3864.93,2008-08-23,2008-04-13,SOUTH
10899,445,20000,800000,6804.91,2009-10-04,2008-10-30,SOUTH
10900,446,5000,600000,2285.69,2012-05-07,2011-06-30,EAST
10900,446,5000,600000,2285.69,2012-05-07,2011-07-30,EAST
10901,446,20000,1000000,10495.49,2014-02-01,2013-10-10,EAST
10901,446,20000,1000000,10495.49,2014-02-01,2013-11-09,EAST
10902,447,12500,200000,5907.51,2006-08-01,2005-08-18,WEST
10903,447,20000,800000,13200.68,2013-03-17,2011-10-17,WEST
10904,448,12500,800000,4922.91,2013-10-05,2012-12-15,EAST
10904,448,12500,800000,4922.91,2013-10-05,2013-01-14,EAST
10904,448,12500,800000,4922.91,2013-10-05,2013-02-13,EAST
10904,448,12500,800000,4922.91,2013-10-05,2013-03-15,EAST
10904,448,12500,800000,4922.91,2013-10-05,2013-04-14,EAST
10905,448,25000,1000000,8688.65,2013-11-22,2013-01-09,EAST
10906,449,5000,300000,1529.91,2014-11-04,2013-10-05,NORTH
10906,449,5000,300000,1529.91,2014-11-04,2013-11-04,NORTH
10906,449,5000,300000,1529.91,2014-11-04,2013-12-04,NORTH
10907,449,20000,1000000,5960.55,2013-11-16,2012-08-11,NORTH
10907,449,20000,1000000,5960.55,2013-11-16,2012-09-10,NORTH
10907,449,20000,1000000,5960.55,2013-11-16,2012-10-10,NORTH
10907,449,20000,1000000,5960.55,2013-11-16,2012-11-09,NORTH
10908,449,25000,800000,11589.15,2014-09-05,2013-11-02,NORTH
10909,450,15000,800000,11141.68,2020-08-27,2019-10-13,SOUTH
10909,450,15000,800000,11141.68,2020-08-27,2019-11-12,SOUTH
10909,450,15000,800000,11141.68,2020-08-27,2019-12-12,SOUTH
10909,450,15000,800000,11141.68,2020-08-27,2020-01-11,SOUTH
10909,450,15000,800000,11141.68,2020-08-27,2020-02-10,SOUTH
10910,450,20000,400000,17372.72,2011-10-21,2010-10-25,SOUTH
10910,450,20000,400000,17372.72,2011-10-21,2010-11-24,SOUTH
10911,451,5000,200000,3982.11,2019-01-21,2018-11-07,NORTH
10911,451,5000,200000,3982.11,2019-01-21,2018-12-07,NORTH
10911,451,5000,200000,3982.11,2019-01-21,2019-01-06,NORTH
10911,451,5000,200000,3982.11,2019-01-21,2019-02-05,NORTH
10911,451,5000,200000,3982.11,2019-01-21,2019-03-07,NORTH
10912,451,20000,200000,17079.27,2011-01-23,2010-03-14,NORTH
10912,451,20000,200000,17079.27,2011-01-23,2010-04-13,NORTH
10912,451,20000,200000,17079.27,2011-01-23,2010-05-13,NORTH
10912,451,20000,200000,17079.27,2011-01-23,2010-06-12,NORTH
10912,451,20000,200000,17079.27,2011-01-23,2010-07-12,NORTH
10913,452,25000,300000,20746.4,2010-07-03,2010-03-12,WEST
10914,452,5000,200000,1876.69,2014-08-21,2013-08-13,WEST
10914,452,5000,200000,1876.69,2014-08-21,2013-09-12,WEST
10915,453,15000,800000,3309.32,2016-03-31,2014-11-27,WEST
10915,453,15000,800000,3309.32,2016-03-31,2014-12-27,WEST
10915,453,15000,800000,3309.32,2016-03-31,2015-01-26,WEST
10915,453,15000,800000,3309.32,2016-03-31,2015-02-25,WEST
10916,454,12500,500000,11152.62,2007-10-07,2007-06-01,NORTH
10916,454,12500,500000,11152.62,2007-10-07,2007-07-01,NORTH
10916,454,12500,500000,11152.62,2007-10-07,2007-07-31,NORTH
10917,455,10000,500000,6751.94,2010-04-05,2009-06-25,WEST
10917,455,10000,500000,6751.94,2010-04-05,2009-07-25,WEST
10917,455,10000,500000,6751.94,2010-04-05,2009-08-24,WEST
10917,455,10000,500000,6751.94,2010-04-05,2009-09-23,WEST
10918,455,7500,500000,4274.78,2010-10-26,2009-07-07,WEST
10918,455,7500,500000,4274.78,2010-10-26,2009-08-06,WEST
10918,455,7500,500000,4274.78,2010-10-26,2009-09-05,WEST
10918,455,7500,500000,4274.78,2010-10-26,2009-10-05,WEST
10919,455,5000,800000,1336.72,2008-01-12,2006-12-06,WEST
10919,455,5000,800000,1336.72,2008-01-12,2007-01-05,WEST
10919,455,5000,800000,1336.72,2008-01-12,2007-02-04,WEST
10920,456,25000,500000,14565.16,2006-01-28,2005-02-12,EAST
10920,456,25000,500000,14565.16,2006-01-28,2005-03-14,EAST
10920,456,25000,500000,14565.16,2006-01-28,2005-04-13,EAST
10921,457,20000,800000,11394.16,2010-03-22,2009-02-27,EAST
10921,457,20000,800000,11394.16,2010-03-22,2009-03-29,EAST
10921,457,20000,800000,11394.16,2010-03-22,2009-04-28,EAST
10921,457,20000,800000,11394.16,2010-03-22,2009-05-28,EAST
10921,457,20000,800000,11394.16,2010-03-22,2009-06-27,EAST
10922,458,15000,400000,9494.03,2018-06-16,2017-10-17,NORTH
10923,459,12500,800000,10147.3,2007-03-14,2006-07-05,NORTH
10923,459,12500,800000,10147.3,2007-03-14,2006-08-04,NORTH
10923,459,12500,800000,10147.3,2007-03-14,2006-09-03,NORTH
10923,459,12500,800000,10147.3,2007-03-14,2006-10-03,NORTH
10924,459,25000,600000,6765.98,2007-05-03,2006-10-03,NORTH
10925,459,15000,600000,3236.7,2010-10-19,2010-03-04,NORTH
10925,459,15000,600000,3236.7,2010-10-19,2010-04-03,NORTH
10925,459,15000,600000,3236.7,2010-10-19,2010-05-03,NORTH
10925,459,15000,600000,3236.7,2010-10-19,2010-06-02,NORTH
10925,459,15000,600000,3236.7,2010-10-19,2010-07-02,NORTH
10926,460,10000,200000,8100.31,2015-02-22,2013-10-04,EAST
10926,460,10000,200000,8100.31,2015-02-22,2013-11-03,EAST
10927,460,15000,300000,8436.48,2008-01-14,2006-09-05,EAST
10927,460,15000,300000,8436.48,2008-01-14,2006-10-05,EAST
10927,460,15000,300000,8436.48,2008-01-14,2006-11-04,EAST
10927,460,15000,300000,8436.48,2008-01-14,2006-12-04,EAST
10928,461,15000,200000,10323.94,2012-12-06,2012-01-02,NORTH
10928,461,15000,200000,10323.94,2012-12-06,2012-02-01,NORTH
10928,461,15000,200000,10323.94,2012-12-06,2012-03-02,NORTH
10929,461,10000,800000,2225.92,2018-04-12,2018-01-27,NORTH
10929,461,10000,800000,2225.92,2018-04-12,2018-02-26,NORTH
10929,461,10000,800000,2225.92,2018-04-12,2018-03-28,NORTH
10929,461,10000,800000,2225.92,2018-04-12,2018-04-27,NORTH
10929,461,10000,800000,2225.92,2018-04-12,2018-05-27,NORTH
10930,461,10000,1000000,2975.02,2011-02-06,2010-11-08,NORTH
10930,461,10000,1000000,2975.02,2011-02-06,2010-12-08,NORTH
10930,461,10000,1000000,2975.02,2011-02-06,2011-01-07,NORTH
10931,462,7500,500000,5729.73,2020-02-23,2019-11-18,EAST
10931,462,7500,500000,5729.73,2020-02-23,2019-12-18,EAST
10932,462,25000,1000000,5618.84,2019-12-24,2018-09-07,EAST
10933,462,20000,600000,16425.26,2014-08-12,2014-05-03,EAST
10934,463,5000,200000,2738.09,2011-04-14,2011-01-26,EAST
10934,463,5000,200000,2738.09,2011-04-14,2011-02-25,EAST
10934,463,5000,200000,2738.09,2011-04-14,2011-03-27,EAST
10935,463,12500,500000,9338.49,2020-03-05,2019-08-03,EAST
10935,463,12500,500000,9338.49,2020-03-05,2019-09-02,EAST
10935,463,12500,500000,9338.49,2020-03-05,2019-10-02,EAST
10935,463,12500,500000,9338.49,2020-03-05,2019-11-01,EAST
10935,463,12500,500000,9338.49,2020-03-05,2019-12-01,EAST
10936,464,25000,1000000,8433.05,2007-07-18,2006-03-30,EAST
10937,465,20000,200000,10750.43,2021-03-26,2020-04-18,EAST
10938,465,7500,500000,3740.88,2014-08-11,2013-06-18,EAST
10938,465,7500,500000,3740.88,2014-08-11,2013-07-18,EAST
10938,465,7500,500000,3740.88,2014-08-11,2013-08-17,EAST
10938,465,7500,500000,3740.88,2014-08-11,2013-09-16,EAST
10938,465,7500,500000,3740.88,2014-08-11,2013-10-16,EAST
10939,465,5000,600000,2286.98,2009-01-08,2007-08-05,EAST
10939,465,5000,600000,2286.98,2009-01-08,2007-09-04,EAST
10939,465,5000,600000,2286.98,2009-01-08,2007-10-04,EAST
10939,465,5000,600000,2286.98,2009-01-08,2007-11-03,EAST
10939,465,5000,600000,2286.98,2009-01-08,2007-12-03,EAST
10940,466,7500,300000,4590.24,2015-02-01,2014-10-17,SOUTH
10940,466,7500,300000,4590.24,2015-02-01,2014-11-16,SOUTH
10940,466,7500,300000,4590.24,2015-02-01,2014-12-16,SOUTH
10941,467,5000,1000000,4056.4,2017-03-18,2017-01-10,SOUTH
10942,468,7500,500000,2983.63,2007-02-19,2006-09-20,EAST
10942,468,7500,500000,2983.63,2007-02-19,2006-10-20,EAST
10942,468,7500,500000,2983.63,2007-02-19,2006-11-19,EAST
10942,468,7500,500000,2983.63,2007-02-19,2006-12-19,EAST
10942,468,7500,500000,2983.63,2007-02-19,2007-01-18,EAST
10943,469,7500,400000,4682.15,2018-11-09,2018-07-06,WEST
10943,469,7500,400000,4682.15,2018-11-09,2018-08-05,WEST
10943,469,7500,400000,4682.15,2018-11-09,2018-09-04,WEST
10944,469,20000,200000,7502.78,2020-01-08,2019-10-01,WEST
10944,469,20000,200000,7502.78,2020-01-08,2019-10-31,WEST
10945,470,20000,1000000,16566.96,2016-10-06,2016-02-07,EAST
10945,470,20000,1000000,16566.96,2016-10-06,2016-03-08,EAST
10946,470,10000,400000,5859.84,2016-03-16,2014-12-13,EAST
10946,470,10000,400000,5859.84,2016-03-16,2015-01-12,EAST
10946,470,10000,400000,5859.84,2016-03-16,2015-02-11,EAST
10946,470,10000,400000,5859.84,2016-03-16,2015-03-13,EAST
10947,470,10000,800000,5524.12,2017-09-27,2016-10-25,EAST
10947,470,10000,800000,5524.12,2017-09-27,2016-11-24,EAST
10947,470,10000,800000,5524.12,2017-09-27,2016-12-24,EAST
10947,470,10000,800000,5524.12,2017-09-27,2017-01-23,EAST
10947,470,10000,800000,5524.12,2017-09-27,2017-02-22,EAST
10948,471,15000,500000,3823.68,2014-10-09,2014-03-20,EAST
10948,471,15000,500000,3823.68,2014-10-09,2014-04-19,EAST
10948,471,15000,500000,3823.68,2014-10-09,2014-05-19,EAST
10948,471,15000,500000,3823.68,2014-10-09,2014-06-18,EAST
10949,472,20000,600000,5718.47,2010-08-18,2010-03-04,SOUTH
10949,472,20000,600000,5718.47,2010-08-18,2010-04-03,SOUTH
10949,472,20000,600000,5718.47,2010-08-18,2010-05-03,SOUTH
10950,473,20000,500000,14698.69,2006-11-17,2005-10-21,EAST
10951,473,25000,200000,9864.43,2006-01-08,2005-06-24,EAST
10951,473,25000,200000,9864.43,2006-01-08,2005-07-24,EAST
10951,473,25000,200000,9864.43,2006-01-08,2005-08-23,EAST
10951,473,25000,200000,9864.43,2006-01-08,2005-09-22,EAST
10951,473,25000,200000,9864.43,2006-01-08,2005-10-22,EAST
10952,473,5000,400000,3134.12,2013-02-05,2011-09-27,EAST
10952,473,5000,400000,3134.12,2013-02-05,2011-10-27,EAST
10953,474,12500,200000,4300.14,2014-01-22,2013-08-01,NORTH
10953,474,12500,200000,4300.14,2014-01-22,2013-08-31,NORTH
10953,474,12500,200000,4300.14,2014-01-22,2013-09-30,NORTH
10953,474,12500,200000,4300.14,2014-01-22,2013-10-30,NORTH
10954,474,15000,200000,6204.05,2020-11-22,2019-10-21,NORTH
10954,474,15000,200000,6204.05,2020-11-22,2019-11-20,NORTH
10955,475,25000,400000,20880.37,2006-11-28,2005-08-01,SOUTH
10955,475,25000,400000,20880.37,2006-11-28,2005-08-31,SOUTH
10956,475,10000,800000,6350.71,2011-03-08,2009-11-09,SOUTH
10956,475,10000,800000,6350.71,2011-03-08,2009-12-09,SOUTH
10957,475,15000,500000,12790.96,2007-06-16,2006-04-13,SOUTH
10957,475,15000,500000,12790.96,2007-06-16,2006-05-13,SOUTH
10958,476,15000,800000,11074.63,2016-05-10,2015-05-26,SOUTH
10958,476,15000,800000,11074.63,2016-05-10,2015-06-25,SOUTH
10958,476,15000,800000,11074.63,2016-05-10,2015-07-25,SOUTH
10958,476,15000,800000,11074.63,2016-05-10,2015-08-24,SOUTH
10958,476,15000,800000,11074.63,2016-05-10,2015-09-23,SOUTH
10959,476,12500,800000,3653.89,2009-02-21,2008-08-24,SOUTH
10959,476,12500,800000,3653.89,2009-02-21,2008-09-23,SOUTH
10959,476,12500,800000,3653.89,2009-02-21,2008-10-23,SOUTH
10959,476,12500,800000,3653.89,2009-02-21,2008-11-22,SOUTH
10959,476,12500,800000,3653.89,2009-02-21,2008-12-22,SOUTH
10960,477,5000,300000,2899.82,2021-07-21,2020-04-23,EAST
10960,477,5000,300000,2899.82,2021-07-21,2020-05-23,EAST
10960,477,5000,300000,2899.82,2021-07-21,2020-06-22,EAST
10960,477,5000,300000,2899.82,2021-07-21,2020-07-22,EAST
10960,477,5000,300000,2899.82,2021-07-21,2020-08-21,EAST
10961,478,15000,400000,5821.85,2014-07-10,2013-11-07,NORTH
10961,478,15000,400000,5821.85,2014-07-10,2013-12-07,NORTH
10962,478,5000,200000,2989.54,2020-03-29,2019-08-25,NORTH
10963,479,12500,200000,2577.62,2009-10-16,2009-01-04,SOUTH
10963,479,12500,200000,2577.62,2009-10-16,2009-02-03,SOUTH
10964,479,20000,1000000,7049.79,2013-12-27,2013-01-17,SOUTH
10964,479,20000,1000000,7049.79,2013-12-27,2013-02-16,SOUTH
10964,479,20000,1000000,7049.79,2013-12-27,2013-03-18,SOUTH
10964,479,20000,1000000,7049.79,2013-12-27,2013-04-17,SOUTH
10965,480,15000,600000,13009.58,2007-05-22,2006-10-14,NORTH
10965,480,15000,600000,13009.58,2007-05-22,2006-11-13,NORTH
10965,480,15000,600000,13009.58,2007-05-22,2006-12-13,NORTH
10966,481,10000,1000000,2890.56,2011-08-24,2010-10-15,EAST
10966,481,10000,1000000,2890.56,2011-08-24,2010-11-14,EAST
10966,481,10000,1000000,2890.56,2011-08-24,2010-12-14,EAST
10967,481,20000,200000,5602.25,2008-10-14,2008-04-18,EAST
10967,481,20000,200000,5602.25,2008-10-14,2008-05-18,EAST
10967,481,20000,200000,5602.25,2008-10-14,2008-06-17,EAST
10968,482,25000,500000,10553.35,2021-04-29,2020-05-08,WEST
10968,482,25000,500000,10553.35,2021-04-29,2020-06-07,WEST
10968,482,25000,500000,10553.35,2021-04-29,2020-07-07,WEST
10968,482,25000,500000,10553.35,2021-04-29,2020-08-06,WEST
10969,483,10000,400000,6748.71,2006-07-21,2006-05-14,WEST
10970,483,5000,600000,2224.05,2017-08-13,2017-02-14,WEST
10971,483,5000,600000,1829.43,2016-08-22,2016-05-15,WEST
10971,483,5000,600000,1829.43,2016-08-22,2016-06-14,WEST
10971,483,5000,600000,1829.43,2016-08-22,2016-07-14,WEST
10972,484,12500,200000,6231.66,2014-05-24,2013-05-01,WEST
10973,484,10000,600000,4522.01,2009-06-24,2008-03-18,WEST
10973,484,10000,600000,4522.01,2009-06-24,2008-04-17,WEST
10973,484,10000,600000,4522.01,2009-06-24,2008-05-17,WEST
10974,485,15000,200000,6867.17,2015-12-12,2015-07-23,SOUTH
10974,485,15000,200000,6867.17,2015-12-12,2015-08-22,SOUTH
10975,485,5000,200000,1740.18,2009-05-20,2008-05-14,SOUTH
10975,485,5000,200000,1740.18,2009-05-20,2008-06-13,SOUTH
10975,485,5000,200000,1740.18,2009-05-20,2008-07-13,SOUTH
10975,485,5000,200000,1740.18,2009-05-20,2008-08-12,SOUTH
10975,485,5000,200000,1740.18,2009-05-20,2008-09-11,SOUTH
10976,486,20000,400000,9303.76,2016-11-12,2016-05-26,WEST
10976,486,20000,400000,9303.76,2016-11-12,2016-06-25,WEST
10976,486,20000,400000,9303.76,2016-11-12,2016-07-25,WEST
10976,486,20000,400000,9303.76,2016-11-12,2016-08-24,WEST
10976,486,20000,400000,9303.76,2016-11-12,2016-09-23,WEST
10977,486,20000,300000,14676.57,2006-06-07,2005-09-25,WEST
10977,486,20000,300000,14676.57,2006-06-07,2005-10-25,WEST
10977,486,20000,300000,14676.57,2006-06-07,2005-11-24,WEST
10977,486,20000,300000,14676.57,2006-06-07,2005-12-24,WEST
10978,487,15000,600000,9618.41,2007-09-15,2006-09-26,WEST
10979,487,5000,1000000,2847.15,2018-06-26,2017-02-02,WEST
10979,487,5000,1000000,2847.15,2018-06-26,2017-03-04,WEST
10979,487,5000,1000000,2847.15,2018-06-26,2017-04-03,WEST
10980,487,20000,600000,10174.24,2019-07-06,2018-08-14,WEST
10981,488,7500,400000,5694.78,2018-05-29,2017-11-26,NORTH
10981,488,7500,400000,5694.78,2018-05-29,2017-12-26,NORTH
10981,488,7500,400000,5694.78,2018-05-29,2018-01-25,NORTH
10982,488,10000,800000,6851.51,2010-07-04,2010-03-07,NORTH
10982,488,10000,800000,6851.51,2010-07-04,2010-04-06,NORTH
10983,489,10000,600000,2535.11,2013-12-27,2013-02-12,SOUTH
10983,489,10000,600000,2535.11,2013-12-27,2013-03-14,SOUTH
10983,489,10000,600000,2535.11,2013-12-27,2013-04-13,SOUTH
10983,489,10000,600000,2535.11,2013-12-27,2013-05-13,SOUTH
10984,489,15000,300000,11256.19,2020-06-12,2019-08-28,SOUTH
10984,489,15000,300000,11256.19,2020-06-12,2019-09-27,SOUTH
10984,489,15000,300000,11256.19,2020-06-12,2019-10-27,SOUTH
10984,489,15000,300000,11256.19,2020-06-12,2019-11-26,SOUTH
10985,490,7500,1000000,3639.99,2009-04-01,2007-10-24,EAST
10985,490,7500,1000000,3639.99,2009-04-01,2007-11-23,EAST
10985,490,7500,1000000,3639.99,2009-04-01,2007-12-23,EAST
10985,490,7500,1000000,3639.99,2009-04-01,2008-01-22,EAST
10986,491,25000,400000,10492.28,2019-03-23,2018-08-01,NORTH
10986,491,25000,400000,10492.28,2019-03-23,2018-08-31,NORTH
10986,491,25000,400000,10492.28,2019-03-23,2018-09-30,NORTH
10986,491,25000,400000,10492.28,2019-03-23,2018-10-30,NORTH
10987,491,15000,300000,8189.1,2015-02-18,2014-03-01,NORTH
10988,491,5000,300000,2465.19,2009-05-14,2009-01-13,NORTH
10988,491,5000,300000,2465.19,2009-05-14,2009-02-12,NORTH
10988,491,5000,300000,2465.19,2009-05-14,2009-03-14,NORTH
10988,491,5000,300000,2465.19,2009-05-14,2009-04-13,NORTH
10988,491,5000,300000,2465.19,2009-05-14,2009-05-13,NORTH
10989,492,25000,200000,12549.85,2008-08-06,2007-04-08,SOUTH
10990,492,15000,1000000,12645.54,2007-07-19,2006-08-22,SOUTH
10991,492,12500,800000,4612.56,2013-11-22,2012-12-12,SOUTH
10991,492,12500,800000,4612.56,2013-11-22,2013-01-11,SOUTH
10992,493,15000,600000,4131.6,2013-08-01,2012-07-22,EAST
10992,493,15000,600000,4131.6,2013-08-01,2012-08-21,EAST
10992,493,15000,600000,4131.6,2013-08-01,2012-09-20,EAST
10992,493,15000,600000,4131.6,2013-08-01,2012-10-20,EAST
10993,493,10000,500000,4862.12,2008-02-05,2006-08-28,EAST
10994,494,20000,300000,6568.31,2012-09-05,2011-06-28,WEST
10995,494,7500,200000,4613.5,2017-06-02,2016-06-04,WEST
10995,494,7500,200000,4613.5,2017-06-02,2016-07-04,WEST
10996,495,12500,300000,8822.17,2014-05-21,2013-07-05,SOUTH
10997,495,10000,500000,2338.02,2007-10-25,2007-03-05,SOUTH
10997,495,10000,500000,2338.02,2007-10-25,2007-04-04,SOUTH
10997,495,10000,500000,2338.02,2007-10-25,2007-05-04,SOUTH
10997,495,10000,500000,2338.02,2007-10-25,2007-06-03,SOUTH
10997,495,10000,500000,2338.02,2007-10-25,2007-07-03,SOUTH
10998,495,15000,1000000,5995.2,2017-07-17,2016-10-12,SOUTH
10998,495,15000,1000000,5995.2,2017-07-17,2016-11-11,SOUTH
10999,496,5000,1000000,4088.34,2010-03-13,2009-01-01,EAST
10999,496,5000,1000000,4088.34,2010-03-13,2009-01-31,EAST
10999,496,5000,1000000,4088.34,2010-03-13,2009-03-02,EAST
11000,496,10000,600000,6308.34,2016-01-20,2014-08-28,EAST
11000,496,10000,600000,6308.34,2016-01-20,2014-09-27,EAST
11000,496,10000,600000,6308.34,2016-01-20,2014-10-27,EAST
11000,496,10000,600000,6308.34,2016-01-20,2014-11-26,EAST
11001,497,5000,400000,2703.23,2011-12-09,2011-05-23,NORTH
11001,497,5000,400000,2703.23,2011-12-09,2011-06-22,NORTH
11001,497,5000,400000,2703.23,2011-12-09,2011-07-22,NORTH
11001,497,5000,400000,2703.23,2011-12-09,2011-08-21,NORTH
11002,498,15000,1000000,12707.42,2011-10-14,2011-06-22,WEST
11002,498,15000,1000000,12707.42,2011-10-14,2011-07-22,WEST
11002,498,15000,1000000,12707.42,2011-10-14,2011-08-21,WEST
11002,498,15000,1000000,12707.42,2011-10-14,2011-09-20,WEST
11002,498,15000,1000000,12707.42,2011-10-14,2011-10-20,WEST
11003,499,7500,600000,4170.67,2009-07-03,2008-03-01,WEST
11004,499,5000,600000,3796.47,2006-07-14,2005-08-13,WEST
11005,499,10000,300000,8592.64,2016-07-06,2015-12-15,WEST
11005,499,10000,300000,8592.64,2016-07-06,2016-01-14,WEST
11005,499,10000,300000,8592.64,2016-07-06,2016-02-13,WEST
11005,499,10000,300000,8592.64,2016-07-06,2016-03-14,WEST
11006,500,7500,1000000,3048.44,2015-10-12,2014-12-24,EAST
11006,500,7500,1000000,3048.44,2015-10-12,2015-01-23,EAST
11007,500,12500,500000,4801.74,2021-09-12,2020-11-04,EAST
11007,500,12500,500000,4801.74,2021-09-12,2020-12-04,EAST
11007,500,12500,500000,4801.74,2021-09-12,2021-01-03,EAST
11007,500,12500,500000,4801.74,2021-09-12,2021-02-02,EAST
11008,500,20000,200000,15250.98,2011-11-28,2011-04-01,EAST
11009,501,7500,600000,2949.57,2007-04-21,2006-09-02,SOUTH
11009,501,7500,600000,2949.57,2007-04-21,2006-10-02,SOUTH
11009,501,7500,600000,2949.57,2007-04-21,2006-11-01,SOUTH
11010,501,20000,800000,16491.82,2020-09-05,2020-01-28,SOUTH
11010,501,20000,800000,16491.82,2020-09-05,2020-02-27,SOUTH
11011,501,20000,1000000,8445.38,2015-08-13,2014-09-21,SOUTH
11012,502,5000,300000,3052.2,2019-08-03,2019-03-26,SOUTH
11012,502,5000,300000,3052.2,2019-08-03,2019-04-25,SOUTH
11013,502,10000,500000,5391.55,2020-06-24,2020-02-08,SOUTH
11013,502,10000,500000,5391.55,2020-06-24,2020-03-09,SOUTH
11014,502,7500,300000,6098.29,2017-03-13,2016-02-22,SOUTH
11014,502,7500,300000,6098.29,2017-03-13,2016-03-23,SOUTH
11014,502,7500,300000,6098.29,2017-03-13,2016-04-22,SOUTH
11015,503,5000,500000,3139.26,2006-01-07,2005-01-27,EAST
11015,503,5000,500000,3139.26,2006-01-07,2005-02-26,EAST
11015,503,5000,500000,3139.26,2006-01-07,2005-03-28,EAST
11016,503,20000,400000,9324.06,2006-11-23,2005-11-14,EAST
11016,503,20000,400000,9324.06,2006-11-23,2005-12-14,EAST
11016,503,20000,400000,9324.06,2006-11-23,2006-01-13,EAST
11017,503,10000,500000,6598.59,2011-03-04,2010-04-07,EAST
11018,504,20000,500000,15154.45,2011-01-19,2010-03-15,SOUTH
11018,504,20000,500000,15154.45,2011-01-19,2010-04-14,SOUTH
11018,504,20000,500000,15154.45,2011-01-19,2010-05-14,SOUTH
11018,504,20000,500000,15154.45,2011-01-19,2010-06-13,SOUTH
11019,505,12500,400000,4415.64,2013-04-23,2013-01-04,EAST
11019,505,12500,400000,4415.64,2013-04-23,2013-02-03,EAST
11019,505,12500,400000,4415.64,2013-04-23,2013-03-05,EAST
11019,505,12500,400000,4415.64,2013-04-23,2013-04-04,EAST
11019,505,12500,400000,4415.64,2013-04-23,2013-05-04,EAST
11020,505,10000,300000,4974.06,2015-07-04,2014-05-31,EAST
11020,505,10000,300000,4974.06,2015-07-04,2014-06-30,EAST
11020,505,10000,300000,4974.06,2015-07-04,2014-07-30,EAST
11020,505,10000,300000,4974.06,2015-07-04,2014-08-29,EAST
11020,505,10000,300000,4974.06,2015-07-04,2014-09-28,EAST
11021,506,5000,400000,2393.31,2013-04-17,2012-02-26,SOUTH
11021,506,5000,400000,2393.31,2013-04-17,2012-03-27,SOUTH
11022,507,12500,800000,2753.42,2016-06-19,2015-12-22,EAST
11022,507,12500,800000,2753.42,2016-06-19,2016-01-21,EAST
11022,507,12500,800000,2753.42,2016-06-19,2016-02-20,EAST
11022,507,12500,800000,2753.42,2016-06-19,2016-03-21,EAST
11023,508,5000,600000,2131.17,2011-01-27,2009-10-29,NORTH
11023,508,5000,600000,2131.17,2011-01-27,2009-11-28,NORTH
11023,508,5000,600000,2131.17,2011-01-27,2009-12-28,NORTH
11023,508,5000,600000,2131.17,2011-01-27,2010-01-27,NORTH
11023,508,5000,600000,2131.17,2011-01-27,2010-02-26,NORTH
11024,508,25000,500000,11976.89,2014-12-25,2014-03-23,NORTH
11025,509,7500,400000,5797.25,2016-12-11,2015-11-22,EAST
11025,509,7500,400000,5797.25,2016-12-11,2015-12-22,EAST
11025,509,7500,400000,5797.25,2016-12-11,2016-01-21,EAST
11025,509,7500,400000,5797.25,2016-12-11,2016-02-20,EAST
11026,510,15000,300000,5165.11,2015-02-09,2014-03-12,WEST
11026,510,15000,300000,5165.11,2015-02-09,2014-04-11,WEST
11026,510,15000,300000,5165.11,2015-02-09,2014-05-11,WEST
11026,510,15000,300000,5165.11,2015-02-09,2014-06-10,WEST
11027,510,10000,300000,5778.37,2019-10-08,2018-10-04,WEST
11027,510,10000,300000,5778.37,2019-10-08,2018-11-03,WEST
11027,510,10000,300000,5778.37,2019-10-08,2018-12-03,WEST
11027,510,10000,300000,5778.37,2019-10-08,2019-01-02,WEST
11028,511,25000,800000,20964.0,2014-02-19,2013-07-04,EAST
11028,511,25000,800000,20964.0,2014-02-19,2013-08-03,EAST
11028,511,25000,800000,20964.0,2014-02-19,2013-09-02,EAST
11028,511,25000,800000,20964.0,2014-02-19,2013-10-02,EAST
11028,511,25000,800000,20964.0,2014-02-19,2013-11-01,EAST
11029,511,5000,600000,2267.34,2006-11-18,2006-06-04,EAST
11029,511,5000,600000,2267.34,2006-11-18,2006-07-04,EAST
11030,511,12500,1000000,4506.68,2009-09-10,2008-07-10,EAST
11030,511,12500,1000000,4506.68,2009-09-10,2008-08-09,EAST
11030,511,12500,1000000,4506.68,2009-09-10,2008-09-08,EAST
11030,511,12500,1000000,4506.68,2009-09-10,2008-10-08,EAST
11030,511,12500,1000000,4506.68,2009-09-10,2008-11-07,EAST
11031,512,7500,600000,2805.69,2013-08-17,2012-06-08,NORTH
11031,512,7500,600000,2805.69,2013-08-17,2012-07-08,NORTH
11032,513,5000,600000,3769.7,2006-03-04,2005-06-14,WEST
11032,513,5000,600000,3769.7,2006-03-04,2005-07-14,WEST
11032,513,5000,600000,3769.7,2006-03-04,2005-08-13,WEST
11032,513,5000,600000,3769.7,2006-03-04,2005-09-12,WEST
11032,513,5000,600000,3769.7,2006-03-04,2005-10-12,WEST
11033,514,5000,300000,3703.44,2012-05-26,2011-05-09,NORTH
11033,514,5000,300000,3703.44,2012-05-26,2011-06-08,NORTH
11033,514,5000,300000,3703.44,2012-05-26,2011-07-08,NORTH
11034,515,5000,1000000,2322.5,2012-05-16,2011-02-10,WEST
11034,515,5000,1000000,2322.5,2012-05-16,2011-03-12,WEST
11034,515,5000,1000000,2322.5,2012-05-16,2011-04-11,WEST
11035,516,5000,200000,3527.4,2011-12-05,2011-01-21,SOUTH
11036,516,20000,1000000,12468.21,2006-05-18,2005-06-15,SOUTH
11037,517,7500,1000000,6011.34,2019-03-17,2018-03-12,NORTH
11037,517,7500,1000000,6011.34,2019-03-17,2018-04-11,NORTH
11038,518,5000,400000,2606.17,2017-01-15,2016-06-29,NORTH
11038,518,5000,400000,2606.17,2017-01-15,2016-07-29,NORTH
11038,518,5000,400000,2606.17,2017-01-15,2016-08-28,NORTH
11039,518,15000,500000,6058.01,2011-08-14,2010-12-05,NORTH
11039,518,15000,500000,6058.01,2011-08-14,2011-01-04,NORTH
11039,518,15000,500000,6058.01,2011-08-14,2011-02-03,NORTH
11039,518,15000,500000,6058.01,2011-08-14,2011-03-05,NORTH
11039,518,15000,500000,6058.01,2011-08-14,2011-04-04,NORTH
11040,519,10000,500000,8353.66,2014-09-04,2014-02-11,NORTH
11041,520,5000,500000,2377.76,2011-09-02,2010-06-27,WEST
11041,520,5000,500000,2377.76,2011-09-02,2010-07-27,WEST
11041,520,5000,500000,2377.76,2011-09-02,2010-08-26,WEST
11041,520,5000,500000,2377.76,2011-09-02,2010-09-25,WEST
11041,520,5000,500000,2377.76,2011-09-02,2010-10-25,WEST
11042,520,5000,500000,3022.58,2017-09-26,2017-04-05,WEST
11042,520,5000,500000,3022.58,2017-09-26,2017-05-05,WEST
11042,520,5000,500000,3022.58,2017-09-26,2017-06-04,WEST
11042,520,5000,500000,3022.58,2017-09-26,2017-07-04,WEST
11043,520,12500,400000,7427.59,2014-09-30,2013-11-30,WEST
11043,520,12500,400000,7427.59,2014-09-30,2013-12-30,WEST
11044,521,25000,800000,6669.31,2012-09-26,2012-06-16,WEST
11044,521,25000,800000,6669.31,2012-09-26,2012-07-16,WEST
11044,521,25000,800000,6669.31,2012-09-26,2012-08-15,WEST
11045,521,15000,300000,4483.97,2009-12-09,2009-08-29,WEST
11045,521,15000,300000,4483.97,2009-12-09,2009-09-28,WEST
11045,521,15000,300000,4483.97,2009-12-09,2009-10-28,WEST
11046,521,20000,1000000,14648.14,2016-07-31,2015-08-16,WEST
11046,521,20000,1000000,14648.14,2016-07-31,2015-09-15,WEST
11047,522,10000,800000,7840.26,2011-04-16,2010-08-27,NORTH
11047,522,10000,800000,7840.26,2011-04-16,2010-09-26,NORTH
11047,522,10000,800000,7840.26,2011-04-16,2010-10-26,NORTH
11047,522,10000,800000,7840.26,2011-04-16,2010-11-25,NORTH
11048,523,15000,500000,3058.5,2021-11-03,2020-06-15,SOUTH
11048,523,15000,500000,3058.5,2021-11-03,2020-07-15,SOUTH
11048,523,15000,500000,3058.5,2021-11-03,2020-08-14,SOUTH
11048,523,15000,500000,3058.5,2021-11-03,2020-09-13,SOUTH
11048,523,15000,500000,3058.5,2021-11-03,2020-10-13,SOUTH
11049,524,15000,500000,13074.49,2018-03-21,2017-08-13,SOUTH
11049,524,15000,500000,13074.49,2018-03-21,2017-09-12,SOUTH
11049,524,15000,500000,13074.49,2018-03-21,2017-10-12,SOUTH
11049,524,15000,500000,13074.49,2018-03-21,2017-11-11,SOUTH
11049,524,15000,500000,13074.49,2018-03-21,2017-12-11,SOUTH
11050,524,20000,500000,11767.3,2013-02-07,2012-03-21,SOUTH
11050,524,20000,500000,11767.3,2013-02-07,2012-04-20,SOUTH
11051,524,20000,200000,5781.95,2008-01-18,2007-05-11,SOUTH
11051,524,20000,200000,5781.95,2008-01-18,2007-06-10,SOUTH
11051,524,20000,200000,5781.95,2008-01-18,2007-07-10,SOUTH
11051,524,20000,200000,5781.95,2008-01-18,2007-08-09,SOUTH
11052,525,5000,300000,2531.6,2017-02-07,2016-08-30,NORTH
11053,526,7500,800000,4254.09,2015-10-21,2014-07-07,EAST
11053,526,7500,800000,4254.09,2015-10-21,2014-08-06,EAST
11054,527,5000,400000,2524.18,2014-09-16,2014-05-19,EAST
11054,527,5000,400000,2524.18,2014-09-16,2014-06-18,EAST
11055,528,15000,400000,9827.32,2017-09-03,2016-09-20,WEST
11055,528,15000,400000,9827.32,2017-09-03,2016-10-20,WEST
11055,528,15000,400000,9827.32,2017-09-03,2016-11-19,WEST
11056,528,20000,300000,12596.0,2012-10-19,2011-07-06,WEST
11056,528,20000,300000,12596.0,2012-10-19,2011-08-05,WEST
11056,528,20000,300000,12596.0,2012-10-19,2011-09-04,WEST
11056,528,20000,300000,12596.0,2012-10-19,2011-10-04,WEST
11056,528,20000,300000,12596.0,2012-10-19,2011-11-03,WEST
11057,529,10000,500000,3474.32,2017-06-17,2016-08-25,SOUTH
11058,529,15000,800000,7975.64,2009-05-12,2008-01-14,SOUTH
11059,529,7500,500000,6714.88,2014-08-06,2014-05-04,SOUTH
11060,530,7500,800000,4323.09,2021-01-11,2020-09-25,WEST
11060,530,7500,800000,4323.09,2021-01-11,2020-10-25,WEST
11060,530,7500,800000,4323.09,2021-01-11,2020-11-24,WEST
11061,531,12500,600000,3084.26,2006-10-03,2006-05-16,WEST
11061,531,12500,600000,3084.26,2006-10-03,2006-06-15,WEST
11061,531,12500,600000,3084.26,2006-10-03,2006-07-15,WEST
11061,531,12500,600000,3084.26,2006-10-03,2006-08-14,WEST
11062,531,20000,200000,7844.13,2010-07-03,2010-01-26,WEST
11063,532,15000,1000000,12810.23,2012-08-02,2011-11-10,EAST
11063,532,15000,1000000,12810.23,2012-08-02,2011-12-10,EAST
11063,532,15000,1000000,12810.23,2012-08-02,2012-01-09,EAST
11063,532,15000,1000000,12810.23,2012-08-02,2012-02-08,EAST
11063,532,15000,1000000,12810.23,2012-08-02,2012-03-09,EAST
11064,532,20000,300000,12296.95,2017-05-29,2017-02-19,EAST
11065,533,10000,600000,2886.93,2011-08-03,2011-04-13,EAST
11065,533,10000,600000,2886.93,2011-08-03,2011-05-13,EAST
11065,533,10000,600000,2886.93,2011-08-03,2011-06-12,EAST
11065,533,10000,600000,2886.93,2011-08-03,2011-07-12,EAST
11065,533,10000,600000,2886.93,2011-08-03,2011-08-11,EAST
11066,534,10000,600000,7973.8,2020-09-16,2019-06-19,EAST
11066,534,10000,600000,7973.8,2020-09-16,2019-07-19,EAST
11066,534,10000,600000,7973.8,2020-09-16,2019-08-18,EAST
11067,534,25000,600000,20911.52,2012-04-27,2011-03-22,EAST
11067,534,25000,600000,20911.52,2012-04-27,2011-04-21,EAST
11067,534,25000,600000,20911.52,2012-04-27,2011-05-21,EAST
11067,534,25000,600000,20911.52,2012-04-27,2011-06-20,EAST
11067,534,25000,600000,20911.52,2012-04-27,2011-07-20,EAST
11068,534,25000,300000,6598.42,2009-03-28,2008-10-09,EAST
11068,534,25000,300000,6598.42,2009-03-28,2008-11-08,EAST
11068,534,25000,300000,6598.42,2009-03-28,2008-12-08,EAST
11068,534,25000,300000,6598.42,2009-03-28,2009-01-07,EAST
11068,534,25000,300000,6598.42,2009-03-28,2009-02-06,EAST
11069,535,12500,1000000,5329.21,2008-05-19,2008-03-20,EAST
11070,535,25000,500000,16634.74,2008-10-31,2008-01-28,EAST
11070,535,25000,500000,16634.74,2008-10-31,2008-02-27,EAST
11070,535,25000,500000,16634.74,2008-10-31,2008-03-28,EAST
11071,535,25000,200000,14802.54,2012-04-15,2011-10-15,EAST
11071,535,25000,200000,14802.54,2012-04-15,2011-11-14,EAST
11071,535,25000,200000,14802.54,2012-04-15,2011-12-14,EAST
11072,536,10000,400000,5653.9,2022-03-07,2020-11-03,WEST
11072,536,10000,400000,5653.9,2022-03-07,2020-12-03,WEST
11072,536,10000,400000,5653.9,2022-03-07,2021-01-02,WEST
11072,536,10000,400000,5653.9,2022-03-07,2021-02-01,WEST
11072,536,10000,400000,5653.9,2022-03-07,2021-03-03,WEST
11073,536,25000,300000,21546.07,2007-02-25,2006-10-03,WEST
11073,536,25000,300000,21546.07,2007-02-25,2006-11-02,WEST
11074,537,12500,500000,9403.44,2015-12-11,2014-10-22,SOUTH
11075,537,20000,400000,4354.14,2017-12-05,2017-07-07,SOUTH
11075,537,20000,400000,4354.14,2017-12-05,2017-08-06,SOUTH
11075,537,20000,400000,4354.14,2017-12-05,2017-09-05,SOUTH
11075,537,20000,400000,4354.14,2017-12-05,2017-10-05,SOUTH
11076,538,20000,500000,12637.64,2020-06-28,2020-01-11,EAST
11076,538,20000,500000,12637.64,2020-06-28,2020-02-10,EAST
11076,538,20000,500000,12637.64,2020-06-28,2020-03-11,EAST
11077,538,7500,800000,2528.14,2013-10-04,2013-07-31,EAST
11077,538,7500,800000,2528.14,2013-10-04,2013-08-30,EAST
11077,538,7500,800000,2528.14,2013-10-04,2013-09-29,EAST
11077,538,7500,800000,2528.14,2013-10-04,2013-10-29,EAST
11077,538,7500,800000,2528.14,2013-10-04,2013-11-28,EAST
11078,539,15000,400000,3988.14,2009-12-30,2009-05-16,EAST
11078,539,15000,400000,3988.14,2009-12-30,2009-06-15,EAST
11079,539,5000,600000,1117.35,2011-03-28,2010-09-10,EAST
11079,539,5000,600000,1117.35,2011-03-28,2010-10-10,EAST
11079,539,5000,600000,1117.35,2011-03-28,2010-11-09,EAST
11079,539,5000,600000,1117.35,2011-03-28,2010-12-09,EAST
11080,540,20000,800000,7838.43,2014-06-14,2013-12-07,EAST
11080,540,20000,800000,7838.43,2014-06-14,2014-01-06,EAST
11080,540,20000,800000,7838.43,2014-06-14,2014-02-05,EAST
11080,540,20000,800000,7838.43,2014-06-14,2014-03-07,EAST
11080,540,20000,800000,7838.43,2014-06-14,2014-04-06,EAST
11081,540,25000,800000,22451.55,2018-08-29,2017-11-01,EAST
11081,540,25000,800000,22451.55,2018-08-29,2017-12-01,EAST
11081,540,25000,800000,22451.55,2018-08-29,2017-12-31,EAST
11081,540,25000,800000,22451.55,2018-08-29,2018-01-30,EAST
11081,540,25000,800000,22451.55,2018-08-29,2018-03-01,EAST
11082,541,12500,800000,8166.05,2017-05-21,2015-12-31,WEST
11082,541,12500,800000,8166.05,2017-05-21,2016-01-30,WEST
11082,541,12500,800000,8166.05,2017-05-21,2016-02-29,WEST
11082,541,12500,800000,8166.05,2017-05-21,2016-03-30,WEST
11082,541,12500,800000,8166.05,2017-05-21,2016-04-29,WEST
11083,541,10000,200000,8259.86,2008-05-09,2007-05-02,WEST
11083,541,10000,200000,8259.86,2008-05-09,2007-06-01,WEST
11083,541,10000,200000,8259.86,2008-05-09,2007-07-01,WEST
11083,541,10000,200000,8259.86,2008-05-09,2007-07-31,WEST
11084,541,7500,1000000,2191.15,2022-03-08,2020-10-29,WEST
11084,541,7500,1000000,2191.15,2022-03-08,2020-11-28,WEST
11084,541,7500,1000000,2191.15,2022-03-08,2020-12-28,WEST
11084,541,7500,1000000,2191.15,2022-03-08,2021-01-27,WEST
11084,541,7500,1000000,2191.15,2022-03-08,2021-02-26,WEST
11085,542,20000,800000,8399.31,2006-07-05,2006-04-05,NORTH
11085,542,20000,800000,8399.31,2006-07-05,2006-05-05,NORTH
11085,542,20000,800000,8399.31,2006-07-05,2006-06-04,NORTH
11085,542,20000,800000,8399.31,2006-07-05,2006-07-04,NORTH
11085,542,20000,800000,8399.31,2006-07-05,2006-08-03,NORTH
11086,542,20000,600000,4233.44,2012-06-03,2011-03-24,NORTH
11086,542,20000,600000,4233.44,2012-06-03,2011-04-23,NORTH
11086,542,20000,600000,4233.44,2012-06-03,2011-05-23,NORTH
11086,542,20000,600000,4233.44,2012-06-03,2011-06-22,NORTH
11087,543,15000,800000,8421.57,2021-08-02,2020-11-28,EAST
11087,543,15000,800000,8421.57,2021-08-02,2020-12-28,EAST
11087,543,15000,800000,8421.57,2021-08-02,2021-01-27,EAST
11088,543,20000,200000,6701.16,2014-08-05,2014-05-04,EAST
11088,543,20000,200000,6701.16,2014-08-05,2014-06-03,EAST
11088,543,20000,200000,6701.16,2014-08-05,2014-07-03,EAST
11088,543,20000,200000,6701.16,2014-08-05,2014-08-02,EAST
11088,543,20000,200000,6701.16,2014-08-05,2014-09-01,EAST
11089,543,10000,200000,5103.79,2008-09-18,2008-04-23,EAST
11089,543,10000,200000,5103.79,2008-09-18,2008-05-23,EAST
11089,543,10000,200000,5103.79,2008-09-18,2008-06-22,EAST
11089,543,10000,200000,5103.79,2008-09-18,2008-07-22,EAST
11089,543,10000,200000,5103.79,2008-09-18,2008-08-21,EAST
11090,544,15000,500000,9670.65,2009-11-11,2009-06-16,NORTH
11090,544,15000,500000,9670.65,2009-11-11,2009-07-16,NORTH
11090,544,15000,500000,9670.65,2009-11-11,2009-08-15,NORTH
11090,544,15000,500000,9670.65,2009-11-11,2009-09-14,NORTH
11090,544,15000,500000,9670.65,2009-11-11,2009-10-14,NORTH
11091,544,15000,400000,6585.25,2012-04-23,2011-12-25,NORTH
11091,544,15000,400000,6585.25,2012-04-23,2012-01-24,NORTH
11091,544,15000,400000,6585.25,2012-04-23,2012-02-23,NORTH
11091,544,15000,400000,6585.25,2012-04-23,2012-03-24,NORTH
11092,545,5000,200000,1316.97,2019-02-25,2017-09-13,NORTH
11093,545,15000,800000,11050.59,2009-05-10,2009-03-01,NORTH
11093,545,15000,800000,11050.59,2009-05-10,2009-03-31,NORTH
11093,545,15000,800000,11050.59,2009-05-10,2009-04-30,NORTH
11093,545,15000,800000,11050.59,2009-05-10,2009-05-30,NORTH
11093,545,15000,800000,11050.59,2009-05-10,2009-06-29,NORTH
11094,545,10000,500000,8140.39,2010-02-26,2009-11-17,NORTH
11094,545,10000,500000,8140.39,2010-02-26,2009-12-17,NORTH
11094,545,10000,500000,8140.39,2010-02-26,2010-01-16,NORTH
11095,546,25000,300000,18227.07,2021-06-25,2020-04-09,SOUTH
11095,546,25000,300000,18227.07,2021-06-25,2020-05-09,SOUTH
11096,547,20000,400000,7905.49,2006-08-11,2006-03-13,EAST
11096,547,20000,400000,7905.49,2006-08-11,2006-04-12,EAST
11096,547,20000,400000,7905.49,2006-08-11,2006-05-12,EAST
11096,547,20000,400000,7905.49,2006-08-11,2006-06-11,EAST
11096,547,20000,400000,7905.49,2006-08-11,2006-07-11,EAST
11097,548,25000,300000,20462.45,2014-10-31,2014-04-15,NORTH
11097,548,25000,300000,20462.45,2014-10-31,2014-05-15,NORTH
11097,548,25000,300000,20462.45,2014-10-31,2014-06-14,NORTH
11098,548,20000,500000,5293.77,2012-02-25,2011-08-14,NORTH
11098,548,20000,500000,5293.77,2012-02-25,2011-09-13,NORTH
11098,548,20000,500000,5293.77,2012-02-25,2011-10-13,NORTH
11098,548,20000,500000,5293.77,2012-02-25,2011-11-12,NORTH
11098,548,20000,500000,5293.77,2012-02-25,2011-12-12,NORTH
11099,548,10000,1000000,5661.3,2019-01-16,2017-12-24,NORTH
11099,548,10000,1000000,5661.3,2019-01-16,2018-01-23,NORTH
11099,548,10000,1000000,5661.3,2019-01-16,2018-02-22,NORTH
11099,548,10000,1000000,5661.3,2019-01-16,2018-03-24,NORTH
11100,549,12500,300000,7476.22,2006-09-28,2005-10-28,EAST
11100,549,12500,300000,7476.22,2006-09-28,2005-11-27,EAST
11100,549,12500,300000,7476.22,2006-09-28,2005-12-27,EAST
11100,549,12500,300000,7476.22,2006-09-28,2006-01-26,EAST
11100,549,12500,300000,7476.22,2006-09-28,2006-02-25,EAST
11101,549,25000,800000,10052.06,2014-01-22,2012-10-12,EAST
11101,549,25000,800000,10052.06,2014-01-22,2012-11-11,EAST
11102,549,15000,1000000,11340.1,2021-11-24,2020-09-10,EAST
11102,549,15000,1000000,11340.1,2021-11-24,2020-10-10,EAST
11103,550,7500,500000,1665.1,2010-04-04,2009-09-23,NORTH
11103,550,7500,500000,1665.1,2010-04-04,2009-10-23,NORTH
11103,550,7500,500000,1665.1,2010-04-04,2009-11-22,NORTH
11104,551,7500,500000,3953.05,2020-02-16,2019-10-08,WEST
11104,551,7500,500000,3953.05,2020-02-16,2019-11-07,WEST
11104,551,7500,500000,3953.05,2020-02-16,2019-12-07,WEST
11104,551,7500,500000,3953.05,2020-02-16,2020-01-06,WEST
11104,551,7500,500000,3953.05,2020-02-16,2020-02-05,WEST
11105,552,20000,600000,4473.9,2019-01-27,2017-08-24,WEST
11106,552,25000,200000,12374.64,2019-07-04,2019-02-13,WEST
11106,552,25000,200000,12374.64,2019-07-04,2019-03-15,WEST
11106,552,25000,200000,12374.64,2019-07-04,2019-04-14,WEST
11107,553,7500,400000,2354.41,2020-02-15,2019-07-14,NORTH
11108,553,12500,1000000,6493.9,2010-03-16,2009-03-06,NORTH
11108,553,12500,1000000,6493.9,2010-03-16,2009-04-05,NORTH
11108,553,12500,1000000,6493.9,2010-03-16,2009-05-05,NORTH
11108,553,12500,1000000,6493.9,2010-03-16,2009-06-04,NORTH
11108,553,12500,1000000,6493.9,2010-03-16,2009-07-04,NORTH
11109,554,25000,300000,17659.02,2014-06-23,2013-12-16,EAST
11109,554,25000,300000,17659.02,2014-06-23,2014-01-15,EAST
11109,554,25000,300000,17659.02,2014-06-23,2014-02-14,EAST
11110,554,20000,500000,4561.81,2013-02-28,2012-07-30,EAST
11110,554,20000,500000,4561.81,2013-02-28,2012-08-29,EAST
11110,554,20000,500000,4561.81,2013-02-28,2012-09-28,EAST
11110,554,20000,500000,4561.81,2013-02-28,2012-10-28,EAST
11110,554,20000,500000,4561.81,2013-02-28,2012-11-27,EAST
11111,554,12500,500000,4856.91,2017-08-15,2016-05-16,EAST
11111,554,12500,500000,4856.91,2017-08-15,2016-06-15,EAST
11111,554,12500,500000,4856.91,2017-08-15,2016-07-15,EAST
11111,554,12500,500000,4856.91,2017-08-15,2016-08-14,EAST
11111,554,12500,500000,4856.91,2017-08-15,2016-09-13,EAST
11112,555,7500,600000,6342.36,2018-09-13,2018-04-21,WEST
11112,555,7500,600000,6342.36,2018-09-13,2018-05-21,WEST
11113,555,7500,600000,2232.63,2021-11-11,2020-08-24,WEST
11113,555,7500,600000,2232.63,2021-11-11,2020-09-23,WEST
11114,555,10000,1000000,2990.23,2007-06-12,2006-03-17,WEST
11114,555,10000,1000000,2990.23,2007-06-12,2006-04-16,WEST
11115,556,12500,200000,3790.55,2014-12-20,2013-11-18,SOUTH
11116,556,5000,300000,4002.17,2012-04-02,2011-10-05,SOUTH
11116,556,5000,300000,4002.17,2012-04-02,2011-11-04,SOUTH
11117,557,20000,600000,14858.52,2011-11-02,2010-06-28,NORTH
11117,557,20000,600000,14858.52,2011-11-02,2010-07-28,NORTH
11118,557,10000,200000,5848.8,2016-07-13,2015-09-16,NORTH
11118,557,10000,200000,5848.8,2016-07-13,2015-10-16,NORTH
11118,557,10000,200000,5848.8,2016-07-13,2015-11-15,NORTH
11119,558,12500,1000000,8679.46,2016-05-29,2015-08-06,WEST
11119,558,12500,1000000,8679.46,2016-05-29,2015-09-05,WEST
11120,558,10000,1000000,4799.18,2014-01-17,2013-09-11,WEST
11120,558,10000,1000000,4799.18,2014-01-17,2013-10-11,WEST
11120,558,10000,1000000,4799.18,2014-01-17,2013-11-10,WEST
11120,558,10000,1000000,4799.18,2014-01-17,2013-12-10,WEST
11121,559,25000,500000,11892.38,2021-02-18,2020-02-19,NORTH
11121,559,25000,500000,11892.38,2021-02-18,2020-03-20,NORTH
11121,559,25000,500000,11892.38,2021-02-18,2020-04-19,NORTH
11121,559,25000,500000,11892.38,2021-02-18,2020-05-19,NORTH
11122,559,20000,800000,4376.55,2013-10-07,2012-10-12,NORTH
11122,559,20000,800000,4376.55,2013-10-07,2012-11-11,NORTH
11122,559,20000,800000,4376.55,2013-10-07,2012-12-11,NORTH
11122,559,20000,800000,4376.55,2013-10-07,2013-01-10,NORTH
11122,559,20000,800000,4376.55,2013-10-07,2013-02-09,NORTH
11123,560,10000,400000,7762.67,2011-02-21,2010-04-11,NORTH
11123,560,10000,400000,7762.67,2011-02-21,2010-05-11,NORTH
11123,560,10000,400000,7762.67,2011-02-21,2010-06-10,NORTH
11123,560,10000,400000,7762.67,2011-02-21,2010-07-10,NORTH
11123,560,10000,400000,7762.67,2011-02-21,2010-08-09,NORTH
11124,560,5000,800000,1483.28,2018-12-04,2018-06-10,NORTH
11125,560,10000,500000,4377.11,2006-04-15,2005-12-29,NORTH
11125,560,10000,500000,4377.11,2006-04-15,2006-01-28,NORTH
11125,560,10000,500000,4377.11,2006-04-15,2006-02-27,NORTH
11125,560,10000,500000,4377.11,2006-04-15,2006-03-29,NORTH
11126,561,10000,400000,6726.91,2015-04-04,2014-07-20,SOUTH
11126,561,10000,400000,6726.91,2015-04-04,2014-08-19,SOUTH
11126,561,10000,400000,6726.91,2015-04-04,2014-09-18,SOUTH
11126,561,10000,400000,6726.91,2015-04-04,2014-10-18,SOUTH
11126,561,10000,400000,6726.91,2015-04-04,2014-11-17,SOUTH
11127,561,12500,300000,5984.39,2006-03-05,2005-10-13,SOUTH
11128,561,25000,200000,17006.15,2008-01-14,2007-05-22,SOUTH
11128,561,25000,200000,17006.15,2008-01-14,2007-06-21,SOUTH
11128,561,25000,200000,17006.15,2008-01-14,2007-07-21,SOUTH
11128,561,25000,200000,17006.15,2008-01-14,2007-08-20,SOUTH
11128,561,25000,200000,17006.15,2008-01-14,2007-09-19,SOUTH
11129,562,10000,300000,5548.79,2006-03-31,2005-04-11,WEST
11129,562,10000,300000,5548.79,2006-03-31,2005-05-11,WEST
11129,562,10000,300000,5548.79,2006-03-31,2005-06-10,WEST
11129,562,10000,300000,5548.79,2006-03-31,2005-07-10,WEST
11130,563,20000,800000,9914.4,2005-12-26,2005-04-05,WEST
11130,563,20000,800000,9914.4,2005-12-26,2005-05-05,WEST
11131,563,10000,800000,2811.71,2012-11-05,2011-10-18,WEST
11131,563,10000,800000,2811.71,2012-11-05,2011-11-17,WEST
11131,563,10000,800000,2811.71,2012-11-05,2011-12-17,WEST
11131,563,10000,800000,2811.71,2012-11-05,2012-01-16,WEST
11132,563,25000,500000,10863.61,2017-06-03,2016-04-05,WEST
11133,564,12500,600000,5855.38,2008-09-24,2007-07-04,EAST
11133,564,12500,600000,5855.38,2008-09-24,2007-08-03,EAST
11133,564,12500,600000,5855.38,2008-09-24,2007-09-02,EAST
11133,564,12500,600000,5855.38,2008-09-24,2007-10-02,EAST
11134,564,10000,800000,3804.86,2009-05-13,2008-05-16,EAST
11134,564,10000,800000,3804.86,2009-05-13,2008-06-15,EAST
11134,564,10000,800000,3804.86,2009-05-13,2008-07-15,EAST
11134,564,10000,800000,3804.86,2009-05-13,2008-08-14,EAST
11135,564,25000,500000,5849.51,2019-07-23,2018-10-14,EAST
11136,565,12500,400000,10280.2,2007-12-17,2007-09-23,NORTH
11136,565,12500,400000,10280.2,2007-12-17,2007-10-23,NORTH
11136,565,12500,400000,10280.2,2007-12-17,2007-11-22,NORTH
11136,565,12500,400000,10280.2,2007-12-17,2007-12-22,NORTH
11137,565,10000,800000,7367.84,2011-03-29,2010-08-30,NORTH
11137,565,10000,800000,7367.84,2011-03-29,2010-09-29,NORTH
11138,566,10000,400000,2122.63,2011-09-29,2010-12-30,NORTH
11138,566,10000,400000,2122.63,2011-09-29,2011-01-29,NORTH
11139,567,15000,200000,10685.0,2019-12-05,2019-04-07,EAST
11139,567,15000,200000,10685.0,2019-12-05,2019-05-07,EAST
11139,567,15000,200000,10685.0,2019-12-05,2019-06-06,EAST
11140,567,7500,200000,1996.51,2014-10-19,2013-11-20,EAST
11140,567,7500,200000,1996.51,2014-10-19,2013-12-20,EAST
11140,567,7500,200000,1996.51,2014-10-19,2014-01-19,EAST
11140,567,7500,200000,1996.51,2014-10-19,2014-02-18,EAST
11140,567,7500,200000,1996.51,2014-10-19,2014-03-20,EAST
11141,568,12500,400000,11003.71,2019-11-04,2019-03-13,WEST
11141,568,12500,400000,11003.71,2019-11-04,2019-04-12,WEST
11142,568,25000,600000,13022.34,2011-06-09,2010-06-23,WEST
11142,568,25000,600000,13022.34,2011-06-09,2010-07-23,WEST
11142,568,25000,600000,13022.34,2011-06-09,2010-08-22,WEST
11142,568,25000,600000,13022.34,2011-06-09,2010-09-21,WEST
11142,568,25000,600000,13022.34,2011-06-09,2010-10-21,WEST
11143,568,5000,300000,4418.95,2013-05-05,2012-04-29,WEST
11143,568,5000,300000,4418.95,2013-05-05,2012-05-29,WEST
11143,568,5000,300000,4418.95,2013-05-05,2012-06-28,WEST
11143,568,5000,300000,4418.95,2013-05-05,2012-07-28,WEST
11143,568,5000,300000,4418.95,2013-05-05,2012-08-27,WEST
11144,569,20000,200000,16984.17,2014-03-15,2013-07-26,SOUTH
11144,569,20000,200000,16984.17,2014-03-15,2013-08-25,SOUTH
11145,569,5000,300000,1899.0,2015-09-09,2014-06-24,SOUTH
11145,569,5000,300000,1899.0,2015-09-09,2014-07-24,SOUTH
11145,569,5000,300000,1899.0,2015-09-09,2014-08-23,SOUTH
11146,569,25000,300000,9567.08,2015-09-08,2014-09-21,SOUTH
11146,569,25000,300000,9567.08,2015-09-08,2014-10-21,SOUTH
11146,569,25000,300000,9567.08,2015-09-08,2014-11-20,SOUTH
11146,569,25000,300000,9567.08,2015-09-08,2014-12-20,SOUTH
11146,569,25000,300000,9567.08,2015-09-08,2015-01-19,SOUTH
11147,570,25000,1000000,17149.5,2017-01-13,2016-07-13,WEST
11147,570,25000,1000000,17149.5,2017-01-13,2016-08-12,WEST
11147,570,25000,1000000,17149.5,2017-01-13,2016-09-11,WEST
11148,570,12500,300000,10685.43,2014-08-16,2013-05-24,WEST
11148,570,12500,300000,10685.43,2014-08-16,2013-06-23,WEST
11149,571,20000,200000,9581.39,2012-03-21,2011-03-18,SOUTH
11149,571,20000,200000,9581.39,2012-03-21,2011-04-17,SOUTH
11149,571,20000,200000,9581.39,2012-03-21,2011-05-17,SOUTH
11149,571,20000,200000,9581.39,2012-03-21,2011-06-16,SOUTH
11149,571,20000,200000,9581.39,2012-03-21,2011-07-16,SOUTH
11150,571,10000,200000,3449.95,2020-12-11,2020-03-18,SOUTH
11150,571,10000,200000,3449.95,2020-12-11,2020-04-17,SOUTH
11151,572,12500,600000,11039.1,2012-06-07,2011-03-01,WEST
11151,572,12500,600000,11039.1,2012-06-07,2011-03-31,WEST
11151,572,12500,600000,11039.1,2012-06-07,2011-04-30,WEST
11151,572,12500,600000,11039.1,2012-06-07,2011-05-30,WEST
11151,572,12500,600000,11039.1,2012-06-07,2011-06-29,WEST
11152,572,7500,200000,3204.2,2008-05-03,2007-03-07,WEST
11153,573,20000,600000,10449.02,2012-10-11,2011-06-16,EAST
11153,573,20000,600000,10449.02,2012-10-11,2011-07-16,EAST
11153,573,20000,600000,10449.02,2012-10-11,2011-08-15,EAST
11154,574,12500,500000,2609.96,2013-04-27,2012-05-17,SOUTH
11155,574,25000,500000,13084.08,2012-07-18,2012-03-03,SOUTH
11155,574,25000,500000,13084.08,2012-07-18,2012-04-02,SOUTH
11155,574,25000,500000,13084.08,2012-07-18,2012-05-02,SOUTH
11156,575,20000,300000,9460.86,2010-10-31,2009-09-22,SOUTH
11156,575,20000,300000,9460.86,2010-10-31,2009-10-22,SOUTH
11156,575,20000,300000,9460.86,2010-10-31,2009-11-21,SOUTH
11156,575,20000,300000,9460.86,2010-10-31,2009-12-21,SOUTH
11157,575,25000,600000,16049.22,2005-12-31,2005-09-22,SOUTH
11158,575,7500,800000,3438.26,2013-08-26,2012-09-29,SOUTH
11158,575,7500,800000,3438.26,2013-08-26,2012-10-29,SOUTH
11159,576,12500,200000,7967.55,2015-07-05,2015-02-16,NORTH
11159,576,12500,200000,7967.55,2015-07-05,2015-03-18,NORTH
11159,576,12500,200000,7967.55,2015-07-05,2015-04-17,NORTH
11159,576,12500,200000,7967.55,2015-07-05,2015-05-17,NORTH
11159,576,12500,200000,7967.55,2015-07-05,2015-06-16,NORTH
11160,576,15000,500000,13456.17,2019-09-30,2019-01-01,NORTH
11160,576,15000,500000,13456.17,2019-09-30,2019-01-31,NORTH
11160,576,15000,500000,13456.17,2019-09-30,2019-03-02,NORTH
11160,576,15000,500000,13456.17,2019-09-30,2019-04-01,NORTH
11160,576,15000,500000,13456.17,2019-09-30,2019-05-01,NORTH
11161,577,12500,300000,10560.29,2018-03-04,2017-06-25,SOUTH
11161,577,12500,300000,10560.29,2018-03-04,2017-07-25,SOUTH
11161,577,12500,300000,10560.29,2018-03-04,2017-08-24,SOUTH
11161,577,12500,300000,10560.29,2018-03-04,2017-09-23,SOUTH
11162,578,5000,500000,1739.57,2019-02-01,2018-08-14,WEST
11162,578,5000,500000,1739.57,2019-02-01,2018-09-13,WEST
11162,578,5000,500000,1739.57,2019-02-01,2018-10-13,WEST
11163,579,25000,300000,18606.68,2012-09-23,2011-06-29,SOUTH
11164,580,10000,1000000,4927.26,2017-10-22,2017-05-04,EAST
11164,580,10000,1000000,4927.26,2017-10-22,2017-06-03,EAST
11164,580,10000,1000000,4927.26,2017-10-22,2017-07-03,EAST
11164,580,10000,1000000,4927.26,2017-10-22,2017-08-02,EAST
11164,580,10000,1000000,4927.26,2017-10-22,2017-09-01,EAST
11165,580,25000,400000,6848.68,2012-04-20,2011-04-04,EAST
11165,580,25000,400000,6848.68,2012-04-20,2011-05-04,EAST
11166,580,15000,500000,12020.09,2016-09-29,2016-04-07,EAST
11166,580,15000,500000,12020.09,2016-09-29,2016-05-07,EAST
11166,580,15000,500000,12020.09,2016-09-29,2016-06-06,EAST
11166,580,15000,500000,12020.09,2016-09-29,2016-07-06,EAST
11167,581,7500,1000000,3600.29,2011-11-01,2011-06-04,EAST
11167,581,7500,1000000,3600.29,2011-11-01,2011-07-04,EAST
11167,581,7500,1000000,3600.29,2011-11-01,2011-08-03,EAST
11167,581,7500,1000000,3600.29,2011-11-01,2011-09-02,EAST
11167,581,7500,1000000,3600.29,2011-11-01,2011-10-02,EAST
11168,581,25000,500000,8014.74,2018-01-11,2016-12-12,EAST
11168,581,25000,500000,8014.74,2018-01-11,2017-01-11,EAST
11168,581,25000,500000,8014.74,2018-01-11,2017-02-10,EAST
11169,582,12500,500000,4152.66,2018-10-02,2018-01-05,EAST
11169,582,12500,500000,4152.66,2018-10-02,2018-02-04,EAST
11169,582,12500,500000,4152.66,2018-10-02,2018-03-06,EAST
11169,582,12500,500000,4152.66,2018-10-02,2018-04-05,EAST
11169,582,12500,500000,4152.66,2018-10-02,2018-05-05,EAST
11170,583,15000,600000,13488.55,2010-11-24,2010-01-11,WEST
11170,583,15000,600000,13488.55,2010-11-24,2010-02-10,WEST
11171,584,10000,600000,3165.21,2014-09-06,2014-03-03,NORTH
11171,584,10000,600000,3165.21,2014-09-06,2014-04-02,NORTH
11171,584,10000,600000,3165.21,2014-09-06,2014-05-02,NORTH
11171,584,10000,600000,3165.21,2014-09-06,2014-06-01,NORTH
11172,584,10000,200000,6209.4,2021-07-22,2020-05-08,NORTH
11172,584,10000,200000,6209.4,2021-07-22,2020-06-07,NORTH
11172,584,10000,200000,6209.4,2021-07-22,2020-07-07,NORTH
11173,584,25000,300000,20981.12,2018-09-27,2017-05-20,NORTH
11174,585,12500,800000,5323.84,2010-10-24,2010-05-15,WEST
11174,585,12500,800000,5323.84,2010-10-24,2010-06-14,WEST
11174,585,12500,800000,5323.84,2010-10-24,2010-07-14,WEST
11174,585,12500,800000,5323.84,2010-10-24,2010-08-13,WEST
11174,585,12500,800000,5323.84,2010-10-24,2010-09-12,WEST
11175,585,7500,600000,3910.76,2007-04-07,2006-06-15,WEST
11175,585,7500,600000,3910.76,2007-04-07,2006-07-15,WEST
11175,585,7500,600000,3910.76,2007-04-07,2006-08-14,WEST
11175,585,7500,600000,3910.76,2007-04-07,2006-09-13,WEST
11176,586,25000,300000,13753.76,2015-10-06,2014-12-14,NORTH
11176,586,25000,300000,13753.76,2015-10-06,2015-01-13,NORTH
11176,586,25000,300000,13753.76,2015-10-06,2015-02-12,NORTH
11176,586,25000,300000,13753.76,2015-10-06,2015-03-14,NORTH
11176,586,25000,300000,13753.76,2015-10-06,2015-04-13,NORTH
11177,586,25000,300000,13088.71,2019-01-21,2018-07-20,NORTH
11177,586,25000,300000,13088.71,2019-01-21,2018-08-19,NORTH
11177,586,25000,300000,13088.71,2019-01-21,2018-09-18,NORTH
11177,586,25000,300000,13088.71,2019-01-21,2018-10-18,NORTH
11178,586,5000,800000,2422.21,2006-04-08,2005-02-26,NORTH
11178,586,5000,800000,2422.21,2006-04-08,2005-03-28,NORTH
11178,586,5000,800000,2422.21,2006-04-08,2005-04-27,NORTH
11179,587,25000,500000,20458.75,2014-03-04,2013-08-23,NORTH
11179,587,25000,500000,20458.75,2014-03-04,2013-09-22,NORTH
11179,587,25000,500000,20458.75,2014-03-04,2013-10-22,NORTH
11179,587,25000,500000,20458.75,2014-03-04,2013-11-21,NORTH
11180,587,25000,600000,22311.15,2008-10-14,2007-09-19,NORTH
11181,587,25000,800000,10126.85,2015-01-31,2014-11-02,NORTH
11181,587,25000,800000,10126.85,2015-01-31,2014-12-02,NORTH
11182,588,20000,600000,13094.82,2014-03-13,2013-02-24,SOUTH
11183,588,7500,1000000,5479.19,2008-04-25,2007-10-14,SOUTH
11183,588,7500,1000000,5479.19,2008-04-25,2007-11-13,SOUTH
11183,588,7500,1000000,5479.19,2008-04-25,2007-12-13,SOUTH
11183,588,7500,1000000,5479.19,2008-04-25,2008-01-12,SOUTH
11183,588,7500,1000000,5479.19,2008-04-25,2008-02-11,SOUTH
11184,589,12500,800000,3742.06,2009-06-06,2008-10-16,WEST
11184,589,12500,800000,3742.06,2009-06-06,2008-11-15,WEST
11184,589,12500,800000,3742.06,2009-06-06,2008-12-15,WEST
11184,589,12500,800000,3742.06,2009-06-06,2009-01-14,WEST
11185,589,10000,200000,6494.25,2016-06-13,2015-10-29,WEST
11185,589,10000,200000,6494.25,2016-06-13,2015-11-28,WEST
11185,589,10000,200000,6494.25,2016-06-13,2015-12-28,WEST
11185,589,10000,200000,6494.25,2016-06-13,2016-01-27,WEST
11186,589,12500,1000000,9123.58,2015-10-14,2015-04-12,WEST
11187,590,10000,1000000,6896.93,2021-04-02,2020-06-16,SOUTH
11187,590,10000,1000000,6896.93,2021-04-02,2020-07-16,SOUTH
11188,590,5000,1000000,1518.08,2011-07-15,2011-03-06,SOUTH
11188,590,5000,1000000,1518.08,2011-07-15,2011-04-05,SOUTH
11189,591,15000,400000,6057.79,2011-02-14,2009-12-16,WEST
11189,591,15000,400000,6057.79,2011-02-14,2010-01-15,WEST
11189,591,15000,400000,6057.79,2011-02-14,2010-02-14,WEST
11189,591,15000,400000,6057.79,2011-02-14,2010-03-16,WEST
11189,591,15000,400000,6057.79,2011-02-14,2010-04-15,WEST
11190,591,10000,500000,5079.04,2018-11-24,2017-09-25,WEST
11190,591,10000,500000,5079.04,2018-11-24,2017-10-25,WEST
11190,591,10000,500000,5079.04,2018-11-24,2017-11-24,WEST
11191,592,7500,600000,6010.53,2021-03-01,2020-08-04,EAST
11191,592,7500,600000,6010.53,2021-03-01,2020-09-03,EAST
11191,592,7500,600000,6010.53,2021-03-01,2020-10-03,EAST
11191,592,7500,600000,6010.53,2021-03-01,2020-11-02,EAST
11191,592,7500,600000,6010.53,2021-03-01,2020-12-02,EAST
11192,592,5000,1000000,3041.31,2019-09-29,2019-04-14,EAST
11192,592,5000,1000000,3041.31,2019-09-29,2019-05-14,EAST
11192,592,5000,1000000,3041.31,2019-09-29,2019-06-13,EAST
11193,593,10000,800000,7218.2,2006-02-23,2005-04-09,NORTH
11194,594,7500,400000,2318.35,2016-10-06,2015-09-13,EAST
11194,594,7500,400000,2318.35,2016-10-06,2015-10-13,EAST
11194,594,7500,400000,2318.35,2016-10-06,2015-11-12,EAST
11195,594,10000,500000,8482.58,2013-06-05,2012-01-19,EAST
11195,594,10000,500000,8482.58,2013-06-05,2012-02-18,EAST
11196,594,7500,500000,3494.33,2018-03-15,2016-10-12,EAST
11196,594,7500,500000,3494.33,2018-03-15,2016-11-11,EAST
11196,594,7500,500000,3494.33,2018-03-15,2016-12-11,EAST
11197,595,10000,300000,3050.62,2013-02-26,2012-09-05,WEST
11197,595,10000,300000,3050.62,2013-02-26,2012-10-05,WEST
11197,595,10000,300000,3050.62,2013-02-26,2012-11-04,WEST
11197,595,10000,300000,3050.62,2013-02-26,2012-12-04,WEST
11198,595,7500,400000,3911.44,2008-07-18,2007-09-07,WEST
11198,595,7500,400000,3911.44,2008-07-18,2007-10-07,WEST
11198,595,7500,400000,3911.44,2008-07-18,2007-11-06,WEST
11198,595,7500,400000,3911.44,2008-07-18,2007-12-06,WEST
11198,595,7500,400000,3911.44,2008-07-18,2008-01-05,WEST
11199,595,20000,300000,13299.42,2017-06-06,2016-10-03,WEST
11199,595,20000,300000,13299.42,2017-06-06,2016-11-02,WEST
11200,596,5000,400000,4365.8,2013-05-01,2012-05-23,SOUTH
11200,596,5000,400000,4365.8,2013-05-01,2012-06-22,SOUTH
11201,596,12500,600000,4669.75,2007-09-05,2006-10-13,SOUTH
11201,596,12500,600000,4669.75,2007-09-05,2006-11-12,SOUTH
11201,596,12500,600000,4669.75,2007-09-05,2006-12-12,SOUTH
11201,596,12500,600000,4669.75,2007-09-05,2007-01-11,SOUTH
11201,596,12500,600000,4669.75,2007-09-05,2007-02-10,SOUTH
11202,597,25000,300000,17068.66,2020-12-14,2020-06-21,SOUTH
11202,597,25000,300000,17068.66,2020-12-14,2020-07-21,SOUTH
11202,597,25000,300000,17068.66,2020-12-14,2020-08-20,SOUTH
11203,597,15000,400000,5913.5,2009-12-01,2008-12-24,SOUTH
11203,597,15000,400000,5913.5,2009-12-01,2009-01-23,SOUTH
11203,597,15000,400000,5913.5,2009-12-01,2009-02-22,SOUTH
11203,597,15000,400000,5913.5,2009-12-01,2009-03-24,SOUTH
11203,597,15000,400000,5913.5,2009-12-01,2009-04-23,SOUTH
11204,598,15000,400000,5181.19,2006-09-05,2006-06-06,EAST
11204,598,15000,400000,5181.19,2006-09-05,2006-07-06,EAST
11204,598,15000,400000,5181.19,2006-09-05,2006-08-05,EAST
11205,598,12500,500000,7198.17,2018-06-09,2018-02-19,EAST
11206,598,5000,300000,1407.42,2012-12-26,2012-02-26,EAST
11207,599,15000,600000,9282.08,2009-11-23,2009-06-06,EAST
11207,599,15000,600000,9282.08,2009-11-23,2009-07-06,EAST
11208,600,12500,1000000,3475.83,2006-08-25,2005-03-20,EAST
11208,600,12500,1000000,3475.83,2006-08-25,2005-04-19,EAST
11208,600,12500,1000000,3475.83,2006-08-25,2005-05-19,EAST
11208,600,12500,1000000,3475.83,2006-08-25,2005-06-18,EAST
11209,600,15000,1000000,9451.34,2020-06-20,2019-06-01,EAST
11209,600,15000,1000000,9451.34,2020-06-20,2019-07-01,EAST
11210,601,15000,400000,9626.85,2011-07-03,2010-08-25,WEST
11211,601,15000,400000,6146.19,2017-06-12,2016-05-18,WEST
11212,602,20000,600000,8323.26,2013-07-09,2012-08-26,WEST
11212,602,20000,600000,8323.26,2013-07-09,2012-09-25,WEST
11212,602,20000,600000,8323.26,2013-07-09,2012-10-25,WEST
11212,602,20000,600000,8323.26,2013-07-09,2012-11-24,WEST
11212,602,20000,600000,8323.26,2013-07-09,2012-12-24,WEST
11213,602,12500,200000,10316.96,2008-02-11,2007-07-03,WEST
11213,602,12500,200000,10316.96,2008-02-11,2007-08-02,WEST
11213,602,12500,200000,10316.96,2008-02-11,2007-09-01,WEST
11213,602,12500,200000,10316.96,2008-02-11,2007-10-01,WEST
11214,602,7500,300000,5492.3,2015-10-23,2015-07-22,WEST
11214,602,7500,300000,5492.3,2015-10-23,2015-08-21,WEST
11214,602,7500,300000,5492.3,2015-10-23,2015-09-20,WEST
11214,602,7500,300000,5492.3,2015-10-23,2015-10-20,WEST
11214,602,7500,300000,5492.3,2015-10-23,2015-11-19,WEST
11215,603,10000,800000,5770.13,2008-03-31,2007-02-14,SOUTH
11215,603,10000,800000,5770.13,2008-03-31,2007-03-16,SOUTH
11215,603,10000,800000,5770.13,2008-03-31,2007-04-15,SOUTH
11215,603,10000,800000,5770.13,2008-03-31,2007-05-15,SOUTH
11216,603,25000,300000,10376.01,2009-10-21,2009-05-05,SOUTH
11216,603,25000,300000,10376.01,2009-10-21,2009-06-04,SOUTH
11216,603,25000,300000,10376.01,2009-10-21,2009-07-04,SOUTH
11216,603,25000,300000,10376.01,2009-10-21,2009-08-03,SOUTH
11217,603,12500,200000,5125.54,2013-04-20,2012-03-06,SOUTH
11218,604,7500,400000,2507.5,2018-03-11,2017-10-22,EAST
11219,604,15000,800000,6419.65,2009-03-28,2008-11-08,EAST
11220,604,15000,1000000,11187.43,2016-05-17,2015-08-18,EAST
11220,604,15000,1000000,11187.43,2016-05-17,2015-09-17,EAST
11220,604,15000,1000000,11187.43,2016-05-17,2015-10-17,EAST
11220,604,15000,1000000,11187.43,2016-05-17,2015-11-16,EAST
11221,605,25000,1000000,11488.84,2011-06-27,2010-11-24,EAST
11221,605,25000,1000000,11488.84,2011-06-27,2010-12-24,EAST
11221,605,25000,1000000,11488.84,2011-06-27,2011-01-23,EAST
11221,605,25000,1000000,11488.84,2011-06-27,2011-02-22,EAST
11221,605,25000,1000000,11488.84,2011-06-27,2011-03-24,EAST
11222,605,10000,1000000,4207.43,2013-09-10,2012-06-26,EAST
11222,605,10000,1000000,4207.43,2013-09-10,2012-07-26,EAST
11223,606,25000,500000,18338.9,2017-10-21,2017-08-20,EAST
11224,606,10000,800000,2979.51,2007-07-15,2006-03-30,EAST
11225,607,7500,300000,5262.53,2006-07-12,2005-06-09,NORTH
11225,607,7500,300000,5262.53,2006-07-12,2005-07-09,NORTH
11226,607,10000,500000,4676.84,2014-08-25,2013-05-18,NORTH
11226,607,10000,500000,4676.84,2014-08-25,2013-06-17,NORTH
11226,607,10000,500000,4676.84,2014-08-25,2013-07-17,NORTH
11226,607,10000,500000,4676.84,2014-08-25,2013-08-16,NORTH
11226,607,10000,500000,4676.84,2014-08-25,2013-09-15,NORTH
11227,608,15000,600000,11992.24,2010-04-03,2009-06-22,NORTH
11227,608,15000,600000,11992.24,2010-04-03,2009-07-22,NORTH
11227,608,15000,600000,11992.24,2010-04-03,2009-08-21,NORTH
11228,608,7500,400000,4018.33,2007-11-06,2006-09-02,NORTH
11229,608,25000,800000,17036.52,2016-04-01,2015-07-17,NORTH
11230,609,15000,600000,3622.83,2011-04-18,2010-08-09,NORTH
11231,609,10000,600000,5066.87,2020-01-11,2019-05-07,NORTH
11231,609,10000,600000,5066.87,2020-01-11,2019-06-06,NORTH
11231,609,10000,600000,5066.87,2020-01-11,2019-07-06,NORTH
11231,609,10000,600000,5066.87,2020-01-11,2019-08-05,NORTH
11232,609,7500,800000,3203.86,2007-10-04,2007-06-29,NORTH
11232,609,7500,800000,3203.86,2007-10-04,2007-07-29,NORTH
11232,609,7500,800000,3203.86,2007-10-04,2007-08-28,NORTH
11232,609,7500,800000,3203.86,2007-10-04,2007-09-27,NORTH
11232,609,7500,800000,3203.86,2007-10-04,2007-10-27,NORTH
11233,610,15000,400000,5099.94,2009-05-16,2008-05-28,EAST
11234,610,10000,600000,7339.51,2015-10-05,2014-10-31,EAST
11234,610,10000,600000,7339.51,2015-10-05,2014-11-30,EAST
11234,610,10000,600000,7339.51,2015-10-05,2014-12-30,EAST
11234,610,10000,600000,7339.51,2015-10-05,2015-01-29,EAST
11234,610,10000,600000,7339.51,2015-10-05,2015-02-28,EAST
11235,610,25000,400000,5382.41,2018-08-14,2017-06-27,EAST
11235,610,25000,400000,5382.41,2018-08-14,2017-07-27,EAST
11235,610,25000,400000,5382.41,2018-08-14,2017-08-26,EAST
11236,611,20000,300000,8497.74,2013-07-11,2013-02-07,WEST
11237,612,7500,800000,2859.89,2014-04-11,2013-02-15,NORTH
11237,612,7500,800000,2859.89,2014-04-11,2013-03-17,NORTH
11237,612,7500,800000,2859.89,2014-04-11,2013-04-16,NORTH
11238,613,20000,500000,9548.31,2008-11-28,2008-02-24,WEST
11238,613,20000,500000,9548.31,2008-11-28,2008-03-25,WEST
11238,613,20000,500000,9548.31,2008-11-28,2008-04-24,WEST
11238,613,20000,500000,9548.31,2008-11-28,2008-05-24,WEST
11238,613,20000,500000,9548.31,2008-11-28,2008-06-23,WEST
11239,613,5000,600000,1056.7,2006-10-07,2006-01-29,WEST
11240,613,25000,1000000,18827.41,2006-05-05,2005-09-20,WEST
11240,613,25000,1000000,18827.41,2006-05-05,2005-10-20,WEST
11240,613,25000,1000000,18827.41,2006-05-05,2005-11-19,WEST
11241,614,20000,200000,5057.74,2019-02-01,2017-11-22,NORTH
11242,614,15000,300000,8391.75,2018-10-21,2017-07-10,NORTH
11242,614,15000,300000,8391.75,2018-10-21,2017-08-09,NORTH
11242,614,15000,300000,8391.75,2018-10-21,2017-09-08,NORTH
11242,614,15000,300000,8391.75,2018-10-21,2017-10-08,NORTH
11243,615,20000,300000,5023.17,2016-09-21,2015-07-05,EAST
11243,615,20000,300000,5023.17,2016-09-21,2015-08-04,EAST
11243,615,20000,300000,5023.17,2016-09-21,2015-09-03,EAST
11243,615,20000,300000,5023.17,2016-09-21,2015-10-03,EAST
11244,616,12500,800000,8191.38,2011-08-03,2011-03-19,NORTH
11244,616,12500,800000,8191.38,2011-08-03,2011-04-18,NORTH
11245,616,15000,400000,8541.0,2009-11-16,2009-01-28,NORTH
11245,616,15000,400000,8541.0,2009-11-16,2009-02-27,NORTH
11245,616,15000,400000,8541.0,2009-11-16,2009-03-29,NORTH
11245,616,15000,400000,8541.0,2009-11-16,2009-04-28,NORTH
11245,616,15000,400000,8541.0,2009-11-16,2009-05-28,NORTH
11246,616,15000,400000,9548.74,2005-08-27,2005-06-25,NORTH
11246,616,15000,400000,9548.74,2005-08-27,2005-07-25,NORTH
11247,617,10000,500000,3811.97,2005-07-26,2005-03-11,EAST
11247,617,10000,500000,3811.97,2005-07-26,2005-04-10,EAST
11247,617,10000,500000,3811.97,2005-07-26,2005-05-10,EAST
11247,617,10000,500000,3811.97,2005-07-26,2005-06-09,EAST
11247,617,10000,500000,3811.97,2005-07-26,2005-07-09,EAST
11248,617,25000,400000,13010.68,2019-01-07,2018-02-09,EAST
11248,617,25000,400000,13010.68,2019-01-07,2018-03-11,EAST
11248,617,25000,400000,13010.68,2019-01-07,2018-04-10,EAST
11248,617,25000,400000,13010.68,2019-01-07,2018-05-10,EAST
11249,618,20000,1000000,6136.47,2018-11-09,2017-11-19,WEST
11249,618,20000,1000000,6136.47,2018-11-09,2017-12-19,WEST
11249,618,20000,1000000,6136.47,2018-11-09,2018-01-18,WEST
11249,618,20000,1000000,6136.47,2018-11-09,2018-02-17,WEST
11250,618,7500,200000,4300.47,2009-10-28,2009-08-16,WEST
11250,618,7500,200000,4300.47,2009-10-28,2009-09-15,WEST
11251,618,10000,200000,8093.89,2008-06-24,2007-11-10,WEST
11252,619,7500,500000,2723.14,2010-01-25,2009-07-11,SOUTH
11252,619,7500,500000,2723.14,2010-01-25,2009-08-10,SOUTH
11252,619,7500,500000,2723.14,2010-01-25,2009-09-09,SOUTH
11253,620,12500,200000,10795.12,2006-12-12,2005-08-12,WEST
11253,620,12500,200000,10795.12,2006-12-12,2005-09-11,WEST
11254,621,5000,500000,2397.12,2010-06-16,2009-09-05,SOUTH
11254,621,5000,500000,2397.12,2010-06-16,2009-10-05,SOUTH
11254,621,5000,500000,2397.12,2010-06-16,2009-11-04,SOUTH
11255,622,5000,300000,4196.49,2019-02-11,2018-03-29,NORTH
11255,622,5000,300000,4196.49,2019-02-11,2018-04-28,NORTH
11255,622,5000,300000,4196.49,2019-02-11,2018-05-28,NORTH
11256,623,25000,300000,21462.18,2008-01-23,2007-09-24,WEST
11257,623,10000,500000,3472.29,2013-06-20,2013-01-14,WEST
11257,623,10000,500000,3472.29,2013-06-20,2013-02-13,WEST
11257,623,10000,500000,3472.29,2013-06-20,2013-03-15,WEST
11257,623,10000,500000,3472.29,2013-06-20,2013-04-14,WEST
11258,623,12500,400000,3479.93,2017-03-31,2016-05-15,WEST
11258,623,12500,400000,3479.93,2017-03-31,2016-06-14,WEST
11258,623,12500,400000,3479.93,2017-03-31,2016-07-14,WEST
11258,623,12500,400000,3479.93,2017-03-31,2016-08-13,WEST
11259,624,25000,500000,21827.45,2005-11-20,2005-03-01,NORTH
11259,624,25000,500000,21827.45,2005-11-20,2005-03-31,NORTH
11259,624,25000,500000,21827.45,2005-11-20,2005-04-30,NORTH
11259,624,25000,500000,21827.45,2005-11-20,2005-05-30,NORTH
11260,624,10000,1000000,5039.04,2013-03-18,2012-12-15,NORTH
11260,624,10000,1000000,5039.04,2013-03-18,2013-01-14,NORTH
11260,624,10000,1000000,5039.04,2013-03-18,2013-02-13,NORTH
11260,624,10000,1000000,5039.04,2013-03-18,2013-03-15,NORTH
11260,624,10000,1000000,5039.04,2013-03-18,2013-04-14,NORTH
11261,625,5000,800000,3835.59,2011-03-18,2010-02-22,WEST
11261,625,5000,800000,3835.59,2011-03-18,2010-03-24,WEST
11261,625,5000,800000,3835.59,2011-03-18,2010-04-23,WEST
11262,625,20000,800000,8525.79,2006-10-11,2005-05-10,WEST
11262,625,20000,800000,8525.79,2006-10-11,2005-06-09,WEST
11262,625,20000,800000,8525.79,2006-10-11,2005-07-09,WEST
11262,625,20000,800000,8525.79,2006-10-11,2005-08-08,WEST
11263,625,15000,200000,8445.53,2010-12-05,2010-08-02,WEST
11263,625,15000,200000,8445.53,2010-12-05,2010-09-01,WEST
11264,626,15000,1000000,12096.62,2006-05-02,2005-11-16,SOUTH
11265,627,12500,1000000,6168.34,2013-09-20,2013-05-03,NORTH
11265,627,12500,1000000,6168.34,2013-09-20,2013-06-02,NORTH
11265,627,12500,1000000,6168.34,2013-09-20,2013-07-02,NORTH
11265,627,12500,1000000,6168.34,2013-09-20,2013-08-01,NORTH
11266,627,20000,1000000,13361.35,2017-12-06,2016-08-19,NORTH
11266,627,20000,1000000,13361.35,2017-12-06,2016-09-18,NORTH
11267,627,5000,500000,2071.23,2007-11-27,2007-06-16,NORTH
11267,627,5000,500000,2071.23,2007-11-27,2007-07-16,NORTH
11267,627,5000,500000,2071.23,2007-11-27,2007-08-15,NORTH
11267,627,5000,500000,2071.23,2007-11-27,2007-09-14,NORTH
11268,628,10000,200000,2180.81,2012-03-18,2010-12-13,SOUTH
11268,628,10000,200000,2180.81,2012-03-18,2011-01-12,SOUTH
11268,628,10000,200000,2180.81,2012-03-18,2011-02-11,SOUTH
11268,628,10000,200000,2180.81,2012-03-18,2011-03-13,SOUTH
11269,628,20000,1000000,16790.08,2015-12-02,2015-07-22,SOUTH
11269,628,20000,1000000,16790.08,2015-12-02,2015-08-21,SOUTH
11270,628,25000,600000,14191.08,2018-04-11,2017-02-06,SOUTH
11270,628,25000,600000,14191.08,2018-04-11,2017-03-08,SOUTH
11270,628,25000,600000,14191.08,2018-04-11,2017-04-07,SOUTH
11270,628,25000,600000,14191.08,2018-04-11,2017-05-07,SOUTH
11270,628,25000,600000,14191.08,2018-04-11,2017-06-06,SOUTH
11271,629,7500,200000,6688.01,2006-02-01,2005-05-03,EAST
11271,629,7500,200000,6688.01,2006-02-01,2005-06-02,EAST
11272,630,25000,600000,7352.09,2016-03-13,2015-06-02,SOUTH
11272,630,25000,600000,7352.09,2016-03-13,2015-07-02,SOUTH
11272,630,25000,600000,7352.09,2016-03-13,2015-08-01,SOUTH
11273,631,12500,400000,5325.17,2012-04-30,2011-12-27,SOUTH
11274,631,20000,800000,10689.06,2013-07-01,2013-03-14,SOUTH
11274,631,20000,800000,10689.06,2013-07-01,2013-04-13,SOUTH
11274,631,20000,800000,10689.06,2013-07-01,2013-05-13,SOUTH
11274,631,20000,800000,10689.06,2013-07-01,2013-06-12,SOUTH
11274,631,20000,800000,10689.06,2013-07-01,2013-07-12,SOUTH
11275,631,7500,600000,5728.6,2009-09-30,2009-05-27,SOUTH
11276,632,20000,200000,9653.74,2020-12-15,2019-10-15,NORTH
11276,632,20000,200000,9653.74,2020-12-15,2019-11-14,NORTH
11276,632,20000,200000,9653.74,2020-12-15,2019-12-14,NORTH
11276,632,20000,200000,9653.74,2020-12-15,2020-01-13,NORTH
11277,633,10000,300000,6615.59,2011-10-16,2010-08-09,WEST
11277,633,10000,300000,6615.59,2011-10-16,2010-09-08,WEST
11277,633,10000,300000,6615.59,2011-10-16,2010-10-08,WEST
11277,633,10000,300000,6615.59,2011-10-16,2010-11-07,WEST
11278,633,20000,600000,11236.66,2021-10-30,2020-12-08,WEST
11278,633,20000,600000,11236.66,2021-10-30,2021-01-07,WEST
11278,633,20000,600000,11236.66,2021-10-30,2021-02-06,WEST
11278,633,20000,600000,11236.66,2021-10-30,2021-03-08,WEST
11279,633,12500,400000,3770.68,2009-01-16,2007-12-15,WEST
11280,634,5000,1000000,4428.36,2014-01-29,2013-08-21,NORTH
11280,634,5000,1000000,4428.36,2014-01-29,2013-09-20,NORTH
11281,634,5000,1000000,1832.4,2009-06-26,2008-03-17,NORTH
11281,634,5000,1000000,1832.4,2009-06-26,2008-04-16,NORTH
11281,634,5000,1000000,1832.4,2009-06-26,2008-05-16,NORTH
11281,634,5000,1000000,1832.4,2009-06-26,2008-06-15,NORTH
11281,634,5000,1000000,1832.4,2009-06-26,2008-07-15,NORTH
11282,634,15000,500000,12005.64,2013-01-28,2012-03-27,NORTH
11282,634,15000,500000,12005.64,2013-01-28,2012-04-26,NORTH
11282,634,15000,500000,12005.64,2013-01-28,2012-05-26,NORTH
11282,634,15000,500000,12005.64,2013-01-28,2012-06-25,NORTH
11282,634,15000,500000,12005.64,2013-01-28,2012-07-25,NORTH
11283,635,7500,500000,2879.72,2015-02-19,2014-02-06,NORTH
11284,636,25000,600000,10901.96,2011-11-26,2011-04-08,WEST
11284,636,25000,600000,10901.96,2011-11-26,2011-05-08,WEST
11284,636,25000,600000,10901.96,2011-11-26,2011-06-07,WEST
11285,636,25000,1000000,18510.14,2011-07-29,2010-09-23,WEST
11286,637,25000,600000,6104.56,2020-07-07,2019-12-26,EAST
11286,637,25000,600000,6104.56,2020-07-07,2020-01-25,EAST
11286,637,25000,600000,6104.56,2020-07-07,2020-02-24,EAST
11286,637,25000,600000,6104.56,2020-07-07,2020-03-25,EAST
11287,637,5000,600000,1331.04,2014-11-28,2014-07-27,EAST
11287,637,5000,600000,1331.04,2014-11-28,2014-08-26,EAST
11287,637,5000,600000,1331.04,2014-11-28,2014-09-25,EAST
11287,637,5000,600000,1331.04,2014-11-28,2014-10-25,EAST
11287,637,5000,600000,1331.04,2014-11-28,2014-11-24,EAST
11288,638,20000,400000,16226.29,2008-01-15,2007-09-13,NORTH
11288,638,20000,400000,16226.29,2008-01-15,2007-10-13,NORTH
11288,638,20000,400000,16226.29,2008-01-15,2007-11-12,NORTH
11288,638,20000,400000,16226.29,2008-01-15,2007-12-12,NORTH
11288,638,20000,400000,16226.29,2008-01-15,2008-01-11,NORTH
11289,638,15000,200000,13202.64,2016-07-12,2015-02-25,NORTH
11289,638,15000,200000,13202.64,2016-07-12,2015-03-27,NORTH
11289,638,15000,200000,13202.64,2016-07-12,2015-04-26,NORTH
11290,639,7500,1000000,2664.75,2017-07-30,2016-06-17,SOUTH
11291,640,15000,1000000,8910.27,2013-04-25,2012-12-09,EAST
11291,640,15000,1000000,8910.27,2013-04-25,2013-01-08,EAST
11292,641,10000,600000,6855.86,2006-07-16,2006-01-20,EAST
11292,641,10000,600000,6855.86,2006-07-16,2006-02-19,EAST
11293,641,7500,200000,2369.59,2009-11-10,2008-09-28,EAST
11293,641,7500,200000,2369.59,2009-11-10,2008-10-28,EAST
11294,641,7500,600000,3726.08,2011-02-04,2010-01-28,EAST
11294,641,7500,600000,3726.08,2011-02-04,2010-02-27,EAST
11294,641,7500,600000,3726.08,2011-02-04,2010-03-29,EAST
11294,641,7500,600000,3726.08,2011-02-04,2010-04-28,EAST
11295,642,10000,500000,5652.24,2007-07-11,2006-02-05,WEST
11295,642,10000,500000,5652.24,2007-07-11,2006-03-07,WEST
11296,643,7500,800000,1501.86,2016-01-30,2015-07-01,SOUTH
11297,643,20000,400000,16922.73,2021-05-05,2020-11-20,SOUTH
11297,643,20000,400000,16922.73,2021-05-05,2020-12-20,SOUTH
11298,644,25000,500000,7516.35,2006-11-10,2006-07-02,SOUTH
11298,644,25000,500000,7516.35,2006-11-10,2006-08-01,SOUTH
11298,644,25000,500000,7516.35,2006-11-10,2006-08-31,SOUTH
11299,644,25000,300000,12332.66,2011-07-05,2010-06-10,SOUTH
11299,644,25000,300000,12332.66,2011-07-05,2010-07-10,SOUTH
11299,644,25000,300000,12332.66,2011-07-05,2010-08-09,SOUTH
11300,644,25000,400000,8960.34,2009-08-08,2009-05-04,SOUTH
11300,644,25000,400000,8960.34,2009-08-08,2009-06-03,SOUTH
11301,645,20000,800000,17220.78,2014-12-27,2014-01-02,WEST
11301,645,20000,800000,17220.78,2014-12-27,2014-02-01,WEST
11302,645,7500,800000,5493.07,2010-03-03,2009-08-14,WEST
11302,645,7500,800000,5493.07,2010-03-03,2009-09-13,WEST
11302,645,7500,800000,5493.07,2010-03-03,2009-10-13,WEST
11303,646,15000,200000,9599.73,2017-12-03,2016-09-04,WEST
11303,646,15000,200000,9599.73,2017-12-03,2016-10-04,WEST
11303,646,15000,200000,9599.73,2017-12-03,2016-11-03,WEST
11303,646,15000,200000,9599.73,2017-12-03,2016-12-03,WEST
11304,647,10000,1000000,5788.82,2020-02-25,2019-10-25,SOUTH
11305,647,5000,1000000,3520.02,2016-08-19,2015-03-12,SOUTH
11305,647,5000,1000000,3520.02,2016-08-19,2015-04-11,SOUTH
11305,647,5000,1000000,3520.02,2016-08-19,2015-05-11,SOUTH
11305,647,5000,1000000,3520.02,2016-08-19,2015-06-10,SOUTH
11306,648,5000,800000,2490.69,2014-05-17,2013-07-23,WEST
11306,648,5000,800000,2490.69,2014-05-17,2013-08-22,WEST
11306,648,5000,800000,2490.69,2014-05-17,2013-09-21,WEST
11306,648,5000,800000,2490.69,2014-05-17,2013-10-21,WEST
11306,648,5000,800000,2490.69,2014-05-17,2013-11-20,WEST
11307,648,25000,1000000,18273.04,2021-10-07,2020-12-02,WEST
11308,649,20000,600000,16111.19,2008-04-25,2007-04-25,WEST
11308,649,20000,600000,16111.19,2008-04-25,2007-05-25,WEST
11308,649,20000,600000,16111.19,2008-04-25,2007-06-24,WEST
11308,649,20000,600000,16111.19,2008-04-25,2007-07-24,WEST
11309,650,12500,200000,3420.41,2021-10-17,2020-09-26,WEST
11310,651,15000,400000,10003.27,2011-05-25,2010-08-24,NORTH
11310,651,15000,400000,10003.27,2011-05-25,2010-09-23,NORTH
11311,651,5000,200000,3820.97,2014-03-01,2012-12-31,NORTH
11311,651,5000,200000,3820.97,2014-03-01,2013-01-30,NORTH
11312,652,15000,500000,5790.42,2017-03-13,2016-02-07,WEST
11313,653,25000,600000,15615.99,2018-04-08,2017-07-30,WEST
11314,653,5000,600000,3777.6,2007-04-14,2005-12-11,WEST
11314,653,5000,600000,3777.6,2007-04-14,2006-01-10,WEST
11314,653,5000,600000,3777.6,2007-04-14,2006-02-09,WEST
11314,653,5000,600000,3777.6,2007-04-14,2006-03-11,WEST
11314,653,5000,600000,3777.6,2007-04-14,2006-04-10,WEST
11315,653,5000,1000000,2262.45,2018-05-30,2017-11-29,WEST
11315,653,5000,1000000,2262.45,2018-05-30,2017-12-29,WEST
11316,654,20000,800000,8862.26,2014-09-06,2014-06-18,WEST
11317,654,25000,600000,21453.45,2015-07-21,2015-05-03,WEST
11317,654,25000,600000,21453.45,2015-07-21,2015-06-02,WEST
11317,654,25000,600000,21453.45,2015-07-21,2015-07-02,WEST
11317,654,25000,600000,21453.45,2015-07-21,2015-08-01,WEST
11318,654,7500,600000,1626.76,2020-06-04,2020-01-04,WEST
11319,655,25000,200000,12990.91,2012-09-28,2011-07-23,WEST
11319,655,25000,200000,12990.91,2012-09-28,2011-08-22,WEST
11320,655,10000,400000,3936.43,2013-07-22,2013-01-16,WEST
11320,655,10000,400000,3936.43,2013-07-22,2013-02-15,WEST
11320,655,10000,400000,3936.43,2013-07-22,2013-03-17,WEST
11320,655,10000,400000,3936.43,2013-07-22,2013-04-16,WEST
11321,656,20000,400000,15110.97,2016-07-08,2015-04-12,NORTH
11321,656,20000,400000,15110.97,2016-07-08,2015-05-12,NORTH
11322,657,10000,800000,7273.23,2018-01-01,2017-04-11,NORTH
11322,657,10000,800000,7273.23,2018-01-01,2017-05-11,NORTH
11322,657,10000,800000,7273.23,2018-01-01,2017-06-10,NORTH
11322,657,10000,800000,7273.23,2018-01-01,2017-07-10,NORTH
11322,657,10000,800000,7273.23,2018-01-01,2017-08-09,NORTH
11323,658,10000,600000,7179.02,2007-11-30,2006-12-30,SOUTH
11323,658,10000,600000,7179.02,2007-11-30,2007-01-29,SOUTH
11323,658,10000,600000,7179.02,2007-11-30,2007-02-28,SOUTH
11324,659,20000,200000,9684.91,2012-12-02,2011-11-11,SOUTH
11324,659,20000,200000,9684.91,2012-12-02,2011-12-11,SOUTH
11325,660,25000,500000,9631.91,2019-10-16,2019-05-06,NORTH
11325,660,25000,500000,9631.91,2019-10-16,2019-06-05,NORTH
11325,660,25000,500000,9631.91,2019-10-16,2019-07-05,NORTH
11325,660,25000,500000,9631.91,2019-10-16,2019-08-04,NORTH
11326,660,25000,500000,11325.61,2014-04-14,2012-11-12,NORTH
11326,660,25000,500000,11325.61,2014-04-14,2012-12-12,NORTH
11326,660,25000,500000,11325.61,2014-04-14,2013-01-11,NORTH
11326,660,25000,500000,11325.61,2014-04-14,2013-02-10,NORTH
11327,660,5000,200000,3036.46,2009-03-18,2008-10-12,NORTH
11327,660,5000,200000,3036.46,2009-03-18,2008-11-11,NORTH
11327,660,5000,200000,3036.46,2009-03-18,2008-12-11,NORTH
11327,660,5000,200000,3036.46,2009-03-18,2009-01-10,NORTH
11327,660,5000,200000,3036.46,2009-03-18,2009-02-09,NORTH
11328,661,15000,300000,9493.95,2012-05-13,2011-08-24,SOUTH
11328,661,15000,300000,9493.95,2012-05-13,2011-09-23,SOUTH
11328,661,15000,300000,9493.95,2012-05-13,2011-10-23,SOUTH
11328,661,15000,300000,9493.95,2012-05-13,2011-11-22,SOUTH
11328,661,15000,300000,9493.95,2012-05-13,2011-12-22,SOUTH
11329,661,5000,800000,4201.44,2010-06-17,2009-06-16,SOUTH
11329,661,5000,800000,4201.44,2010-06-17,2009-07-16,SOUTH
11329,661,5000,800000,4201.44,2010-06-17,2009-08-15,SOUTH
11330,661,20000,400000,8953.2,2011-10-26,2010-11-28,SOUTH
11330,661,20000,400000,8953.2,2011-10-26,2010-12-28,SOUTH
11330,661,20000,400000,8953.2,2011-10-26,2011-01-27,SOUTH
11330,661,20000,400000,8953.2,2011-10-26,2011-02-26,SOUTH
11331,662,25000,1000000,15734.85,2007-11-25,2007-04-29,SOUTH
11332,663,25000,200000,14589.78,2010-07-20,2010-01-16,SOUTH
11332,663,25000,200000,14589.78,2010-07-20,2010-02-15,SOUTH
11333,664,7500,1000000,6662.13,2006-09-23,2005-08-04,NORTH
11333,664,7500,1000000,6662.13,2006-09-23,2005-09-03,NORTH
11334,664,20000,1000000,6035.27,2010-07-14,2010-01-25,NORTH
11334,664,20000,1000000,6035.27,2010-07-14,2010-02-24,NORTH
11334,664,20000,1000000,6035.27,2010-07-14,2010-03-26,NORTH
11334,664,20000,1000000,6035.27,2010-07-14,2010-04-25,NORTH
11335,664,25000,600000,19663.79,2011-04-23,2010-06-20,NORTH
11336,665,7500,500000,5951.5,2017-10-15,2017-05-13,EAST
11336,665,7500,500000,5951.5,2017-10-15,2017-06-12,EAST
11336,665,7500,500000,5951.5,2017-10-15,2017-07-12,EAST
11336,665,7500,500000,5951.5,2017-10-15,2017-08-11,EAST
11336,665,7500,500000,5951.5,2017-10-15,2017-09-10,EAST
11337,665,15000,500000,5745.67,2015-03-05,2013-12-18,EAST
11337,665,15000,500000,5745.67,2015-03-05,2014-01-17,EAST
11337,665,15000,500000,5745.67,2015-03-05,2014-02-16,EAST
11338,666,10000,300000,5782.58,2015-04-15,2014-09-04,WEST
11338,666,10000,300000,5782.58,2015-04-15,2014-10-04,WEST
11338,666,10000,300000,5782.58,2015-04-15,2014-11-03,WEST
11339,666,10000,1000000,8903.79,2021-11-14,2020-07-19,WEST
11339,666,10000,1000000,8903.79,2021-11-14,2020-08-18,WEST
11339,666,10000,1000000,8903.79,2021-11-14,2020-09-17,WEST
11340,667,5000,600000,3479.24,2018-11-10,2017-12-26,EAST
11340,667,5000,600000,3479.24,2018-11-10,2018-01-25,EAST
11340,667,5000,600000,3479.24,2018-11-10,2018-02-24,EAST
11340,667,5000,600000,3479.24,2018-11-10,2018-03-26,EAST
11340,667,5000,600000,3479.24,2018-11-10,2018-04-25,EAST
11341,668,7500,800000,5267.21,2008-01-02,2007-05-09,SOUTH
11342,668,10000,600000,2372.41,2011-05-12,2010-01-09,SOUTH
11342,668,10000,600000,2372.41,2011-05-12,2010-02-08,SOUTH
11343,668,15000,500000,13008.22,2015-01-29,2014-10-28,SOUTH
11343,668,15000,500000,13008.22,2015-01-29,2014-11-27,SOUTH
11343,668,15000,500000,13008.22,2015-01-29,2014-12-27,SOUTH
11343,668,15000,500000,13008.22,2015-01-29,2015-01-26,SOUTH
11343,668,15000,500000,13008.22,2015-01-29,2015-02-25,SOUTH
11344,669,15000,800000,12406.34,2017-10-21,2017-07-24,SOUTH
11344,669,15000,800000,12406.34,2017-10-21,2017-08-23,SOUTH
11344,669,15000,800000,12406.34,2017-10-21,2017-09-22,SOUTH
11345,670,10000,200000,3932.63,2007-08-09,2006-06-07,WEST
11346,670,15000,500000,10394.29,2006-05-21,2005-08-14,WEST
11346,670,15000,500000,10394.29,2006-05-21,2005-09-13,WEST
11347,671,12500,400000,8600.55,2010-09-29,2009-10-29,EAST
11347,671,12500,400000,8600.55,2010-09-29,2009-11-28,EAST
11347,671,12500,400000,8600.55,2010-09-29,2009-12-28,EAST
11347,671,12500,400000,8600.55,2010-09-29,2010-01-27,EAST
11348,672,25000,600000,7524.08,2010-12-14,2010-03-21,SOUTH
11348,672,25000,600000,7524.08,2010-12-14,2010-04-20,SOUTH
11348,672,25000,600000,7524.08,2010-12-14,2010-05-20,SOUTH
11349,672,10000,1000000,8796.22,2020-06-15,2020-04-13,SOUTH
11349,672,10000,1000000,8796.22,2020-06-15,2020-05-13,SOUTH
11349,672,10000,1000000,8796.22,2020-06-15,2020-06-12,SOUTH
11349,672,10000,1000000,8796.22,2020-06-15,2020-07-12,SOUTH
11349,672,10000,1000000,8796.22,2020-06-15,2020-08-11,SOUTH
11350,673,25000,200000,6113.5,2019-03-15,2018-03-06,EAST
11351,674,15000,1000000,13390.7,2010-08-05,2009-05-14,NORTH
11352,674,12500,800000,5403.16,2005-12-29,2005-08-30,NORTH
11352,674,12500,800000,5403.16,2005-12-29,2005-09-29,NORTH
11352,674,12500,800000,5403.16,2005-12-29,2005-10-29,NORTH
11352,674,12500,800000,5403.16,2005-12-29,2005-11-28,NORTH
11353,675,20000,500000,9706.04,2019-03-03,2017-11-16,WEST
11353,675,20000,500000,9706.04,2019-03-03,2017-12-16,WEST
11353,675,20000,500000,9706.04,2019-03-03,2018-01-15,WEST
11354,676,7500,200000,3364.57,2008-09-15,2008-02-09,SOUTH
11354,676,7500,200000,3364.57,2008-09-15,2008-03-10,SOUTH
11354,676,7500,200000,3364.57,2008-09-15,2008-04-09,SOUTH
11355,676,5000,300000,2405.0,2011-03-08,2010-08-27,SOUTH
11356,676,20000,200000,10324.18,2013-07-08,2012-11-17,SOUTH
11356,676,20000,200000,10324.18,2013-07-08,2012-12-17,SOUTH
11357,677,15000,200000,3621.04,2011-09-23,2010-10-13,SOUTH
11357,677,15000,200000,3621.04,2011-09-23,2010-11-12,SOUTH
11357,677,15000,200000,3621.04,2011-09-23,2010-12-12,SOUTH
11357,677,15000,200000,3621.04,2011-09-23,2011-01-11,SOUTH
11358,678,15000,200000,6432.03,2008-12-13,2008-10-12,EAST
11358,678,15000,200000,6432.03,2008-12-13,2008-11-11,EAST
11359,678,15000,400000,3728.59,2006-12-27,2005-08-15,EAST
11359,678,15000,400000,3728.59,2006-12-27,2005-09-14,EAST
11359,678,15000,400000,3728.59,2006-12-27,2005-10-14,EAST
11360,679,12500,300000,4410.77,2020-03-11,2019-04-12,NORTH
11361,680,15000,400000,4857.75,2021-04-16,2020-04-28,NORTH
11361,680,15000,400000,4857.75,2021-04-16,2020-05-28,NORTH
11361,680,15000,400000,4857.75,2021-04-16,2020-06-27,NORTH
11361,680,15000,400000,4857.75,2021-04-16,2020-07-27,NORTH
11362,680,15000,300000,11599.45,2022-02-23,2020-11-04,NORTH
11362,680,15000,300000,11599.45,2022-02-23,2020-12-04,NORTH
11362,680,15000,300000,11599.45,2022-02-23,2021-01-03,NORTH
11362,680,15000,300000,11599.45,2022-02-23,2021-02-02,NORTH
11363,681,25000,200000,21349.34,2007-03-02,2005-11-14,NORTH
11363,681,25000,200000,21349.34,2007-03-02,2005-12-14,NORTH
11363,681,25000,200000,21349.34,2007-03-02,2006-01-13,NORTH
11363,681,25000,200000,21349.34,2007-03-02,2006-02-12,NORTH
11363,681,25000,200000,21349.34,2007-03-02,2006-03-14,NORTH
11364,682,7500,600000,2378.77,2013-09-20,2012-10-30,SOUTH
11365,682,15000,300000,12659.99,2017-03-08,2016-02-29,SOUTH
11365,682,15000,300000,12659.99,2017-03-08,2016-03-30,SOUTH
11366,683,5000,800000,1229.12,2014-08-30,2013-09-21,SOUTH
11366,683,5000,800000,1229.12,2014-08-30,2013-10-21,SOUTH
11366,683,5000,800000,1229.12,2014-08-30,2013-11-20,SOUTH
11366,683,5000,800000,1229.12,2014-08-30,2013-12-20,SOUTH
11367,683,7500,1000000,2488.79,2014-01-20,2013-03-15,SOUTH
11367,683,7500,1000000,2488.79,2014-01-20,2013-04-14,SOUTH
11367,683,7500,1000000,2488.79,2014-01-20,2013-05-14,SOUTH
11367,683,7500,1000000,2488.79,2014-01-20,2013-06-13,SOUTH
11368,684,12500,1000000,10459.6,2014-05-20,2013-01-14,WEST
11368,684,12500,1000000,10459.6,2014-05-20,2013-02-13,WEST
11368,684,12500,1000000,10459.6,2014-05-20,2013-03-15,WEST
11368,684,12500,1000000,10459.6,2014-05-20,2013-04-14,WEST
11368,684,12500,1000000,10459.6,2014-05-20,2013-05-14,WEST
11369,684,5000,800000,2121.94,2008-04-19,2007-03-21,WEST
11369,684,5000,800000,2121.94,2008-04-19,2007-04-20,WEST
11370,685,15000,600000,10947.7,2018-08-13,2017-11-25,SOUTH
11370,685,15000,600000,10947.7,2018-08-13,2017-12-25,SOUTH
11371,685,7500,500000,2539.72,2012-07-27,2011-05-04,SOUTH
11372,685,12500,200000,2708.55,2014-12-02,2014-01-25,SOUTH
11373,686,15000,500000,8224.95,2018-03-07,2017-08-03,EAST
11373,686,15000,500000,8224.95,2018-03-07,2017-09-02,EAST
11374,687,7500,200000,6183.49,2017-06-05,2016-10-31,WEST
11375,687,20000,400000,4671.38,2018-05-17,2017-03-05,WEST
11375,687,20000,400000,4671.38,2018-05-17,2017-04-04,WEST
11375,687,20000,400000,4671.38,2018-05-17,2017-05-04,WEST
11375,687,20000,400000,4671.38,2018-05-17,2017-06-03,WEST
11376,688,7500,400000,1775.29,2012-09-17,2011-10-18,SOUTH
11376,688,7500,400000,1775.29,2012-09-17,2011-11-17,SOUTH
11376,688,7500,400000,1775.29,2012-09-17,2011-12-17,SOUTH
11376,688,7500,400000,1775.29,2012-09-17,2012-01-16,SOUTH
11376,688,7500,400000,1775.29,2012-09-17,2012-02-15,SOUTH
11377,689,25000,300000,11489.42,2017-04-12,2016-05-27,NORTH
11377,689,25000,300000,11489.42,2017-04-12,2016-06-26,NORTH
11377,689,25000,300000,11489.42,2017-04-12,2016-07-26,NORTH
11377,689,25000,300000,11489.42,2017-04-12,2016-08-25,NORTH
11377,689,25000,300000,11489.42,2017-04-12,2016-09-24,NORTH
11378,689,12500,300000,4438.71,2011-03-24,2009-10-24,NORTH
11378,689,12500,300000,4438.71,2011-03-24,2009-11-23,NORTH
11379,689,7500,500000,4498.51,2007-02-02,2006-08-21,NORTH
11380,690,7500,800000,6352.64,2006-05-05,2006-01-06,SOUTH
11380,690,7500,800000,6352.64,2006-05-05,2006-02-05,SOUTH
11381,690,25000,1000000,22227.03,2011-01-08,2010-05-24,SOUTH
11381,690,25000,1000000,22227.03,2011-01-08,2010-06-23,SOUTH
11381,690,25000,1000000,22227.03,2011-01-08,2010-07-23,SOUTH
11382,690,25000,500000,7728.76,2010-05-07,2010-02-14,SOUTH
11382,690,25000,500000,7728.76,2010-05-07,2010-03-16,SOUTH
11382,690,25000,500000,7728.76,2010-05-07,2010-04-15,SOUTH
11382,690,25000,500000,7728.76,2010-05-07,2010-05-15,SOUTH
11382,690,25000,500000,7728.76,2010-05-07,2010-06-14,SOUTH
11383,691,10000,500000,5993.78,2020-01-24,2018-12-12,NORTH
11383,691,10000,500000,5993.78,2020-01-24,2019-01-11,NORTH
11383,691,10000,500000,5993.78,2020-01-24,2019-02-10,NORTH
11383,691,10000,500000,5993.78,2020-01-24,2019-03-12,NORTH
11384,691,20000,400000,13663.94,2010-05-02,2009-08-06,NORTH
11384,691,20000,400000,13663.94,2010-05-02,2009-09-05,NORTH
11385,691,10000,1000000,3326.48,2015-09-15,2014-04-12,NORTH
11385,691,10000,1000000,3326.48,2015-09-15,2014-05-12,NORTH
11385,691,10000,1000000,3326.48,2015-09-15,2014-06-11,NORTH
11385,691,10000,1000000,3326.48,2015-09-15,2014-07-11,NORTH
11385,691,10000,1000000,3326.48,2015-09-15,2014-08-10,NORTH
11386,692,20000,800000,4585.19,2019-03-07,2018-06-18,WEST
11386,692,20000,800000,4585.19,2019-03-07,2018-07-18,WEST
11386,692,20000,800000,4585.19,2019-03-07,2018-08-17,WEST
11386,692,20000,800000,4585.19,2019-03-07,2018-09-16,WEST
11386,692,20000,800000,4585.19,2019-03-07,2018-10-16,WEST
11387,692,20000,300000,12926.36,2008-02-26,2007-11-22,WEST
11387,692,20000,300000,12926.36,2008-02-26,2007-12-22,WEST
11387,692,20000,300000,12926.36,2008-02-26,2008-01-21,WEST
11388,693,7500,600000,2378.68,2016-07-31,2015-12-17,NORTH
11388,693,7500,600000,2378.68,2016-07-31,2016-01-16,NORTH
11388,693,7500,600000,2378.68,2016-07-31,2016-02-15,NORTH
11388,693,7500,600000,2378.68,2016-07-31,2016-03-16,NORTH
11389,694,20000,500000,11507.64,2020-10-31,2020-04-09,NORTH
11389,694,20000,500000,11507.64,2020-10-31,2020-05-09,NORTH
11389,694,20000,500000,11507.64,2020-10-31,2020-06-08,NORTH
11389,694,20000,500000,11507.64,2020-10-31,2020-07-08,NORTH
11389,694,20000,500000,11507.64,2020-10-31,2020-08-07,NORTH
11390,694,5000,1000000,2382.17,2018-02-13,2017-10-15,NORTH
11390,694,5000,1000000,2382.17,2018-02-13,2017-11-14,NORTH
11390,694,5000,1000000,2382.17,2018-02-13,2017-12-14,NORTH
11390,694,5000,1000000,2382.17,2018-02-13,2018-01-13,NORTH
11391,694,25000,500000,7224.51,2007-05-21,2006-12-10,NORTH
11391,694,25000,500000,7224.51,2007-05-21,2007-01-09,NORTH
11392,695,5000,300000,3915.83,2015-12-16,2015-09-28,SOUTH
11392,695,5000,300000,3915.83,2015-12-16,2015-10-28,SOUTH
11392,695,5000,300000,3915.83,2015-12-16,2015-11-27,SOUTH
11392,695,5000,300000,3915.83,2015-12-16,2015-12-27,SOUTH
11393,696,7500,500000,3447.23,2021-08-02,2020-07-23,EAST
11393,696,7500,500000,3447.23,2021-08-02,2020-08-22,EAST
11394,697,25000,200000,21338.27,2016-01-04,2014-12-01,NORTH
11394,697,25000,200000,21338.27,2016-01-04,2014-12-31,NORTH
11394,697,25000,200000,21338.27,2016-01-04,2015-01-30,NORTH
11394,697,25000,200000,21338.27,2016-01-04,2015-03-01,NORTH
11394,697,25000,200000,21338.27,2016-01-04,2015-03-31,NORTH
11395,697,10000,200000,2099.48,2010-09-06,2009-09-20,NORTH
11395,697,10000,200000,2099.48,2010-09-06,2009-10-20,NORTH
11396,697,7500,400000,2553.41,2013-06-20,2012-08-28,NORTH
11397,698,7500,400000,1834.16,2014-08-25,2013-10-11,EAST
11397,698,7500,400000,1834.16,2014-08-25,2013-11-10,EAST
11397,698,7500,400000,1834.16,2014-08-25,2013-12-10,EAST
11397,698,7500,400000,1834.16,2014-08-25,2014-01-09,EAST
11397,698,7500,400000,1834.16,2014-08-25,2014-02-08,EAST
11398,698,10000,800000,5072.1,2020-03-30,2019-01-26,EAST
11398,698,10000,800000,5072.1,2020-03-30,2019-02-25,EAST
11399,698,15000,600000,8846.96,2007-02-15,2006-07-23,EAST
11399,698,15000,600000,8846.96,2007-02-15,2006-08-22,EAST
11399,698,15000,600000,8846.96,2007-02-15,2006-09-21,EAST
11399,698,15000,600000,8846.96,2007-02-15,2006-10-21,EAST
11399,698,15000,600000,8846.96,2007-02-15,2006-11-20,EAST
11400,699,5000,800000,2434.73,2012-05-18,2012-02-15,NORTH
11400,699,5000,800000,2434.73,2012-05-18,2012-03-16,NORTH
11400,699,5000,800000,2434.73,2012-05-18,2012-04-15,NORTH
11401,700,7500,800000,3444.45,2019-06-28,2018-11-16,SOUTH
11401,700,7500,800000,3444.45,2019-06-28,2018-12-16,SOUTH
11401,700,7500,800000,3444.45,2019-06-28,2019-01-15,SOUTH
11401,700,7500,800000,3444.45,2019-06-28,2019-02-14,SOUTH
11402,700,7500,200000,1517.96,2008-01-11,2007-05-01,SOUTH
11403,700,5000,1000000,3667.62,2014-03-03,2013-09-10,SOUTH
11403,700,5000,1000000,3667.62,2014-03-03,2013-10-10,SOUTH
11403,700,5000,1000000,3667.62,2014-03-03,2013-11-09,SOUTH
