Customer_SK,Customer_ID,Customer_Title,Customer_First_Name,Customer_Last_Name,Customer_Segment,Marital_Status,Gender,DOB,Effective_Start_Dt,Effective_End_Dt,Region,Customer_Name
1,1,Mrs.,Aaron,Wilson,SME,Single,Male,1970-01-10,2003-02-17,,EAST,Mrs. Aaron Wilson
2,2,Mr.,Bonnie,Smith,SME,Single,Male,1969-08-13,2005-03-20,,SOUTH,Mr. Bonnie Smith
3,3,Mister.,Bonnie,Potter,SME,Married,Female,1974-12-16,2000-02-23,,SOUTH,Mister. Bonnie Potter
4,4,Mrs.,Irene,Jones,Corporate,Single,Male,1980-03-13,2002-04-17,,NORTH,Mrs. Irene Jones
5,5,Professor,Brian,Thomas,SME,Widowed,Male,1973-09-24,2000-12-21,,NORTH,Professor Brian Thomas
6,6,Ms.,Charles,Potter,SME,Married,Male,1982-06-12,2012-12-12,,SOUTH,Ms. Charles Potter
7,7,Ms.,Victor,Davis,Corporate,Single,Female,1957-02-27,2005-03-22,,EAST,Ms. Victor Davis
8,8,Mrs.,Ursula,Thomas,SME,Married,Female,1983-03-19,2007-12-20,,SOUTH,Mrs. Ursula Thomas
9,9,Mrs.,Tina,Dillon,Corporate,Married,Female,1997-12-02,2005-06-28,,EAST,Mrs. Tina Dillon
10,10,Mrs.,Ursula,Potter,Consumer,Married,Female,1979-02-04,2001-04-03,,NORTH,Mrs. Ursula Potter
11,11,Mrs.,Irene,Williams,SME,Married,Female,2000-11-19,2007-01-21,,SOUTH,Mrs. Irene Williams
12,12,Dr.,Catherine,Dillon,Consumer,Married,Female,1962-10-26,2005-12-09,,SOUTH,Dr. Catherine Dillon
13,13,Dr.,Catherine,Kirby,SME,Married,Female,1982-06-23,2004-12-01,,SOUTH,Dr. Catherine Kirby
14,14,Mr.,Gwendolyn,Tyson,SME,Married,Female,1963-09-18,2014-01-27,,EAST,Mr. Gwendolyn Tyson
15,15,Professor,Megan,Jackson,SME,Divorced,Male,1991-12-29,2011-11-13,,EAST,Professor Megan Jackson
16,16,Ms.,Victor,Potter,Corporate,Divorced,Male,1980-07-08,2002-07-02,,EAST,Ms. Victor Potter
17,17,Professor,Aaron,Wilson,SME,Single,Female,1966-01-11,2011-05-21,,SOUTH,Professor Aaron Wilson
18,18,Mrs.,Edward,Thomas,SME,Single,Female,1998-05-23,2011-11-23,,WEST,Mrs. Edward Thomas
19,19,Ms.,Aaron,Brown,Consumer,Single,Male,1977-08-03,2005-05-15,,SOUTH,Ms. Aaron Brown
20,20,Mr.,Xander,Martin,SME,Married,Female,1997-10-16,2002-10-27,,EAST,Mr. Xander Martin
21,21,Professor,Irene,Thompson,SME,Married,Female,1987-12-18,2004-10-01,,WEST,Professor Irene Thompson
22,22,Ms.,Victor,Dillon,Consumer,Widowed,Male,1989-04-21,2011-08-10,,SOUTH,Ms. Victor Dillon
23,23,Mr.,Charles,Taylor,Consumer,Married,Male,1999-09-11,2005-02-28,,WEST,Mr. Charles Taylor
24,24,Mr.,Henry,Williams,Corporate,Married,Female,1979-08-24,2001-08-03,,EAST,Mr. Henry Williams
25,25,Professor,Rachel,Jones,Corporate,Widowed,Male,1992-05-28,2005-06-13,,WEST,Professor Rachel Jones
26,26,Ms.,Diana,White,SME,Widowed,Male,1988-01-01,2009-03-21,,EAST,Ms. Diana White
27,27,Ms.,Bonnie,Jackson,Consumer,Married,Female,1959-10-21,2005-07-29,,EAST,Ms. Bonnie Jackson
28,28,Ms.,Nathan,Garcia,Corporate,Single,Male,1991-07-04,2005-08-08,,WEST,Ms. Nathan Garcia
29,29,Mr.,Ursula,Potter,Corporate,Married,Female,1958-05-15,2005-04-20,,EAST,Mr. Ursula Potter
30,30,Mr.,Gwendolyn,Jackson,Corporate,Single,Female,1964-10-08,2008-07-01,,SOUTH,Mr. Gwendolyn Jackson
31,31,Professor,James,White,Corporate,Married,Male,1993-08-30,2003-06-22,,SOUTH,Professor James White
32,32,Mr.,Samuel,Potter,SME,Single,Female,1978-02-19,2001-04-13,,EAST,Mr. Samuel Potter
33,33,Mr.,Bonnie,Thompson,SME,Single,Male,1966-09-03,2001-07-15,,WEST,Mr. Bonnie Thompson
34,34,Mrs.,Diana,Kirby,Corporate,Single,Female,1953-07-26,2013-11-21,,SOUTH,Mrs. Diana Kirby
35,35,Mrs.,Gwendolyn,Taylor,SME,Married,Female,1973-10-30,2008-11-16,,NORTH,Mrs. Gwendolyn Taylor
36,36,Mr.,Karen,Williams,Consumer,Single,Male,1991-02-12,2013-12-06,,SOUTH,Mr. Karen Williams
37,37,Mr.,Edward,Thomas,Consumer,Divorced,Female,1971-12-01,2008-04-15,,NORTH,Mr. Edward Thomas
38,38,Professor,Tina,Dillon,SME,Divorced,Male,1950-09-14,2014-12-24,,NORTH,Professor Tina Dillon
39,39,Mr.,Irene,Brown,Corporate,Divorced,Male,1999-08-20,2003-06-27,,WEST,Mr. Irene Brown
40,40,Ms.,Gwendolyn,Dillon,Consumer,Divorced,Male,1995-05-06,2010-12-16,,NORTH,Ms. Gwendolyn Dillon
41,41,Mr.,Allison,Wilson,SME,Married,Female,1950-04-27,2007-06-25,,SOUTH,Mr. Allison Wilson
42,42,Professor,Xander,Harris,Consumer,Single,Male,1988-05-15,2012-07-30,,WEST,Professor Xander Harris
43,43,Ms.,Rachel,Johnson,Consumer,Widowed,Male,1999-07-28,2003-04-28,,WEST,Ms. Rachel Johnson
44,44,Ms.,Liam,Johnson,SME,Married,Male,1968-11-05,2015-04-19,,NORTH,Ms. Liam Johnson
45,45,Dr.,Yvonne,Potter,Consumer,Married,Female,1963-11-13,2005-04-23,,NORTH,Dr. Yvonne Potter
46,46,Dr.,Fiona,Taylor,SME,Married,Male,1972-04-06,2005-12-25,,EAST,Dr. Fiona Taylor
47,47,Dr.,Brian,Johnson,Corporate,Widowed,Female,1969-12-15,2004-06-22,,SOUTH,Dr. Brian Johnson
48,48,Mrs.,Henry,Smith,Consumer,Divorced,Female,1985-09-30,2007-05-13,,WEST,Mrs. Henry Smith
49,49,Dr.,Ursula,Thompson,Consumer,Single,Female,1998-02-08,2007-06-05,,NORTH,Dr. Ursula Thompson
50,50,Mr.,Samuel,Wilson,Corporate,Widowed,Female,1959-09-23,2013-05-19,,WEST,Mr. Samuel Wilson
51,51,Mr.,Tina,Thompson,Corporate,Married,Male,1984-07-23,2012-12-06,,SOUTH,Mr. Tina Thompson
52,52,Professor,Aaron,Thompson,Consumer,Widowed,Female,1967-09-05,2008-03-02,,SOUTH,Professor Aaron Thompson
53,53,Ms.,Victor,Brown,Corporate,Widowed,Female,1995-07-01,2006-12-08,,NORTH,Ms. Victor Brown
54,54,Mrs.,Rachel,Jones,SME,Widowed,Male,1987-09-21,2014-11-30,,NORTH,Mrs. Rachel Jones
55,55,Mr.,Megan,Potter,Corporate,Married,Female,1977-04-06,2006-06-08,,NORTH,Mr. Megan Potter
56,56,Mrs.,Olivia,Harris,SME,Married,Male,1995-11-11,2010-08-12,,SOUTH,Mrs. Olivia Harris
57,57,Professor,Quinn,Dillon,SME,Married,Female,1980-01-27,2002-02-04,,NORTH,Professor Quinn Dillon
58,58,Mrs.,Zachary,Miller,Corporate,Married,Male,1952-03-11,2001-01-13,,WEST,Mrs. Zachary Miller
59,59,Professor,Nathan,Dillon,Corporate,Widowed,Female,1967-06-12,2015-08-14,,SOUTH,Professor Nathan Dillon
60,60,Mr.,Edward,Dillon,Consumer,Married,Female,1959-07-25,2009-07-14,,WEST,Mr. Edward Dillon
61,61,Mr.,Rachel,Davis,SME,Widowed,Female,1990-12-14,2002-12-28,,EAST,Mr. Rachel Davis
62,62,Dr.,Tina,Thompson,SME,Married,Female,1999-02-25,2009-12-31,,SOUTH,Dr. Tina Thompson
63,63,Ms.,Irene,Davis,Corporate,Married,Female,1996-10-07,2010-11-13,,SOUTH,Ms. Irene Davis
64,64,Mrs.,Wendy,Anderson,SME,Divorced,Male,1974-05-18,2007-07-14,,EAST,Mrs. Wendy Anderson
65,65,Dr.,Edward,Davis,Consumer,Married,Female,1963-09-17,2015-11-04,,WEST,Dr. Edward Davis
66,66,Dr.,Karen,Potter,Corporate,Married,Female,1987-04-21,2001-05-25,,SOUTH,Dr. Karen Potter
67,67,Dr.,Brian,Kirby,Corporate,Divorced,Female,1992-10-16,2000-02-18,,EAST,Dr. Brian Kirby
68,68,Professor,Rachel,Potter,Corporate,Married,Female,1969-10-14,2010-12-13,,SOUTH,Professor Rachel Potter
69,69,Ms.,Aaron,Jackson,Consumer,Widowed,Male,1986-04-10,2003-09-14,,SOUTH,Ms. Aaron Jackson
70,70,Mr.,Samuel,Kirby,Consumer,Widowed,Female,1957-07-13,2014-06-01,,SOUTH,Mr. Samuel Kirby
71,71,Dr.,Bonnie,Wilson,Corporate,Widowed,Female,1979-05-15,2004-09-29,,WEST,Dr. Bonnie Wilson
72,72,Ms.,Irene,White,SME,Single,Male,1957-05-07,2010-07-19,,SOUTH,Ms. Irene White
73,73,Mr.,Henry,Dillon,Consumer,Married,Male,1953-08-12,2000-09-11,,NORTH,Mr. Henry Dillon
74,74,Dr.,Henry,Jones,Corporate,Married,Female,1960-04-06,2012-08-25,,WEST,Dr. Henry Jones
75,75,Professor,Fiona,Tyson,Consumer,Divorced,Male,1960-04-11,2003-09-03,,NORTH,Professor Fiona Tyson
76,76,Dr.,Samuel,Jackson,Consumer,Married,Female,1967-10-17,2001-09-14,,NORTH,Dr. Samuel Jackson
77,77,Mr.,Zachary,Kirby,SME,Widowed,Female,1981-02-24,2011-12-13,,EAST,Mr. Zachary Kirby
78,78,Ms.,Quinn,Dillon,Consumer,Widowed,Female,1951-02-19,2009-06-03,,EAST,Ms. Quinn Dillon
79,79,Mrs.,Ursula,Harris,SME,Divorced,Female,1989-01-26,2003-12-13,,NORTH,Mrs. Ursula Harris
80,80,Ms.,Nathan,Kirby,Corporate,Single,Female,1978-12-01,2005-07-04,,SOUTH,Ms. Nathan Kirby
81,81,Professor,Yvonne,Harris,Corporate,Single,Female,1984-01-01,2007-07-18,,WEST,Professor Yvonne Harris
82,82,Ms.,Patrick,Miller,SME,Divorced,Female,1973-03-06,2007-08-20,,WEST,Ms. Patrick Miller
83,83,Mr.,Quinn,Miller,SME,Widowed,Male,1971-08-27,2009-02-11,,EAST,Mr. Quinn Miller
84,84,Dr.,Ursula,Martin,Consumer,Divorced,Female,1951-07-20,2002-02-01,,SOUTH,Dr. Ursula Martin
85,85,Ms.,James,Kirby,Corporate,Divorced,Female,1992-06-16,2012-05-31,,WEST,Ms. James Kirby
86,86,Ms.,Wendy,Harris,Consumer,Married,Male,1977-07-05,2005-08-21,,NORTH,Ms. Wendy Harris
87,87,Mrs.,Diana,Potter,Corporate,Widowed,Female,1967-03-09,2004-11-07,,NORTH,Mrs. Diana Potter
88,88,Ms.,Allison,Miller,Corporate,Married,Male,1970-05-30,2008-02-04,,EAST,Ms. Allison Miller
89,89,Mr.,Irene,Johnson,SME,Married,Female,1999-08-24,2006-07-21,,WEST,Mr. Irene Johnson
90,90,Professor,Brian,Smith,Corporate,Widowed,Female,1975-07-06,2010-07-12,,EAST,Professor Brian Smith
91,91,Dr.,Bonnie,Wilson,Corporate,Widowed,Male,1960-03-27,2001-06-19,,WEST,Dr. Bonnie Wilson
92,92,Professor,Edward,Jones,Consumer,Married,Female,1977-04-05,2001-11-28,,EAST,Professor Edward Jones
93,93,Dr.,Yvonne,Thompson,SME,Divorced,Female,1990-06-02,2009-12-05,,WEST,Dr. Yvonne Thompson
94,94,Mr.,Samuel,Tyson,Corporate,Married,Male,1958-11-26,2004-08-29,,NORTH,Mr. Samuel Tyson
95,95,Professor,Henry,Garcia,Corporate,Single,Female,1956-09-25,2003-07-06,,WEST,Professor Henry Garcia
96,96,Mrs.,James,Johnson,SME,Divorced,Female,1975-11-06,2015-11-09,,SOUTH,Mrs. James Johnson
97,97,Ms.,Victor,Davis,SME,Single,Male,1967-10-01,2009-07-14,,EAST,Ms. Victor Davis
98,98,Mr.,Irene,Jones,SME,Divorced,Female,1955-05-09,2003-09-21,,WEST,Mr. Irene Jones
99,99,Ms.,Diana,Harris,Corporate,Widowed,Male,1986-02-10,2006-02-08,,SOUTH,Ms. Diana Harris
100,100,Ms.,Catherine,White,Consumer,Single,Male,1972-06-18,2000-07-30,,EAST,Ms. Catherine White
101,101,Mrs.,Samuel,Johnson,Corporate,Widowed,Male,1992-03-18,2011-08-22,,NORTH,Mrs. Samuel Johnson
102,102,Mr.,Ursula,Martin,Corporate,Widowed,Female,1992-03-02,2007-10-21,,SOUTH,Mr. Ursula Martin
103,103,Ms.,Brian,Garcia,Corporate,Widowed,Female,1986-12-06,2015-07-23,,EAST,Ms. Brian Garcia
104,104,Ms.,Olivia,Williams,Corporate,Single,Male,1972-08-23,2007-04-02,,EAST,Ms. Olivia Williams
105,105,Mrs.,Nathan,Johnson,SME,Widowed,Female,1996-07-06,2008-02-11,,SOUTH,Mrs. Nathan Johnson
106,106,Professor,Gwendolyn,Wilson,SME,Widowed,Female,1961-10-03,2006-06-17,,EAST,Professor Gwendolyn Wilson
107,107,Professor,Aaron,Dillon,Corporate,Married,Male,1971-06-21,2015-12-02,,EAST,Professor Aaron Dillon
108,108,Mr.,Charles,Davis,Corporate,Married,Female,1991-05-26,2002-08-20,,SOUTH,Mr. Charles Davis
109,109,Dr.,Nathan,Martin,Corporate,Married,Male,1971-11-13,2010-03-30,,NORTH,Dr. Nathan Martin
110,110,Ms.,Brian,Williams,Consumer,Divorced,Female,1987-03-24,2007-08-16,,WEST,Ms. Brian Williams
111,111,Professor,Allison,Kirby,SME,Widowed,Female,1993-12-05,2003-05-02,,NORTH,Professor Allison Kirby
112,112,Professor,Karen,Potter,Consumer,Divorced,Male,1983-11-04,2010-03-19,,NORTH,Professor Karen Potter
113,113,Mr.,Henry,White,Corporate,Widowed,Male,1978-07-19,2010-08-10,,SOUTH,Mr. Henry White
114,114,Professor,Bonnie,Jones,Consumer,Widowed,Female,1979-10-14,2002-04-02,,SOUTH,Professor Bonnie Jones
115,115,Dr.,Xander,Jones,Corporate,Widowed,Female,1963-11-07,2001-09-04,,EAST,Dr. Xander Jones
116,116,Ms.,Ursula,Williams,SME,Divorced,Female,1997-11-15,2008-07-10,,SOUTH,Ms. Ursula Williams
117,117,Mrs.,Tina,Williams,Corporate,Single,Male,1975-10-13,2005-02-06,,EAST,Mrs. Tina Williams
118,118,Ms.,Olivia,Garcia,Consumer,Divorced,Female,1952-08-06,2001-01-11,,EAST,Ms. Olivia Garcia
119,119,Mrs.,Liam,White,SME,Widowed,Male,1971-11-28,2011-11-30,,NORTH,Mrs. Liam White
120,120,Professor,Fiona,Williams,Corporate,Married,Male,1984-04-27,2013-11-24,,WEST,Professor Fiona Williams
121,121,Ms.,Olivia,Dillon,Corporate,Single,Female,1991-03-26,2005-09-22,,WEST,Ms. Olivia Dillon
122,122,Ms.,Charles,Harris,SME,Widowed,Female,1976-11-02,2014-05-01,,WEST,Ms. Charles Harris
123,123,Mrs.,Brian,Anderson,Consumer,Single,Female,1984-07-06,2010-11-02,,SOUTH,Mrs. Brian Anderson
124,124,Ms.,Samuel,Anderson,Corporate,Widowed,Male,1951-12-20,2014-10-06,,NORTH,Ms. Samuel Anderson
125,125,Ms.,Tina,Martin,Consumer,Divorced,Male,1970-08-24,2013-08-13,,EAST,Ms. Tina Martin
126,126,Mr.,Victor,Jones,Consumer,Widowed,Female,1953-07-15,2006-12-05,,NORTH,Mr. Victor Jones
127,127,Ms.,Charles,Anderson,Consumer,Married,Female,1987-04-12,2003-12-09,,WEST,Ms. Charles Anderson
128,128,Ms.,Allison,Garcia,Consumer,Divorced,Female,1993-03-25,2006-08-14,,NORTH,Ms. Allison Garcia
129,129,Dr.,Edward,Davis,Corporate,Single,Male,2000-01-01,2008-03-15,,EAST,Dr. Edward Davis
130,130,Dr.,Rachel,Brown,SME,Divorced,Female,1983-01-25,2015-02-02,,NORTH,Dr. Rachel Brown
131,131,Dr.,Diana,Davis,SME,Divorced,Male,1952-03-31,2013-11-23,,NORTH,Dr. Diana Davis
132,132,Ms.,Ursula,Harris,Consumer,Married,Male,1986-08-19,2002-08-13,,EAST,Ms. Ursula Harris
133,133,Mr.,Patrick,Brown,Corporate,Married,Female,1971-01-24,2012-01-21,,NORTH,Mr. Patrick Brown
134,134,Dr.,Victor,Potter,Corporate,Single,Female,1963-11-12,2009-04-21,,NORTH,Dr. Victor Potter
135,135,Mrs.,Bonnie,Thomas,Corporate,Married,Male,1989-10-11,2009-12-21,,NORTH,Mrs. Bonnie Thomas
136,136,Ms.,Rachel,Dillon,Consumer,Divorced,Male,1955-06-08,2008-12-05,,NORTH,Ms. Rachel Dillon
137,137,Professor,Charles,Miller,Consumer,Divorced,Male,1951-12-01,2001-02-18,,SOUTH,Professor Charles Miller
138,138,Mrs.,Charles,Potter,Consumer,Divorced,Male,1969-05-17,2005-03-23,,WEST,Mrs. Charles Potter
139,139,Mrs.,Brian,Jones,Consumer,Married,Male,1998-06-19,2005-08-15,,NORTH,Mrs. Brian Jones
140,140,Mrs.,Aaron,Thomas,Corporate,Married,Male,1979-01-18,2000-05-09,,WEST,Mrs. Aaron Thomas
141,141,Professor,Xander,White,Corporate,Widowed,Female,1960-03-13,2001-06-04,,WEST,Professor Xander White
142,142,Mrs.,Olivia,Thompson,Corporate,Divorced,Male,1953-11-21,2014-10-11,,EAST,Mrs. Olivia Thompson
143,143,Dr.,Patrick,Jackson,Consumer,Widowed,Male,1959-09-08,2010-12-30,,EAST,Dr. Patrick Jackson
144,144,Mr.,Tina,Jones,Corporate,Divorced,Female,1961-04-28,2006-03-02,,NORTH,Mr. Tina Jones
145,145,Dr.,Quinn,Tyson,SME,Single,Male,1958-11-24,2015-09-27,,SOUTH,Dr. Quinn Tyson
146,146,Dr.,Olivia,Davis,Corporate,Widowed,Male,1980-05-29,2010-03-04,,SOUTH,Dr. Olivia Davis
147,147,Ms.,Nathan,Taylor,Consumer,Widowed,Male,1983-08-01,2003-06-04,,NORTH,Ms. Nathan Taylor
148,148,Mr.,Charles,White,SME,Single,Female,1983-06-07,2002-12-01,,EAST,Mr. Charles White
149,149,Dr.,Nathan,Thomas,Corporate,Divorced,Male,1954-08-13,2006-06-14,,EAST,Dr. Nathan Thomas
150,150,Mrs.,Edward,Martin,Consumer,Divorced,Female,1959-09-17,2007-11-08,,WEST,Mrs. Edward Martin
151,151,Professor,Zachary,White,Consumer,Divorced,Male,1999-12-13,2000-08-03,,WEST,Professor Zachary White
152,152,Ms.,Wendy,Anderson,Consumer,Married,Female,1981-06-29,2000-02-20,,NORTH,Ms. Wendy Anderson
153,153,Mr.,Edward,Dillon,Corporate,Married,Female,1958-03-26,2011-11-24,,EAST,Mr. Edward Dillon
154,154,Ms.,Karen,Garcia,Consumer,Single,Male,1977-12-16,2007-04-11,,SOUTH,Ms. Karen Garcia
155,155,Mr.,Yvonne,Tyson,SME,Widowed,Female,1957-04-27,2006-02-07,,WEST,Mr. Yvonne Tyson
156,156,Dr.,Tina,Harris,Corporate,Single,Female,1974-07-05,2004-10-31,,SOUTH,Dr. Tina Harris
157,157,Dr.,James,Kirby,Consumer,Divorced,Male,1997-04-10,2014-12-18,,EAST,Dr. James Kirby
158,158,Mr.,Tina,Johnson,Consumer,Married,Female,1968-05-04,2006-10-05,,SOUTH,Mr. Tina Johnson
159,159,Mr.,Karen,Brown,Consumer,Married,Female,1994-08-16,2009-08-28,,NORTH,Mr. Karen Brown
160,160,Ms.,Quinn,Potter,Corporate,Single,Male,1956-06-19,2008-11-26,,WEST,Ms. Quinn Potter
161,161,Professor,Charles,Taylor,SME,Widowed,Female,1988-07-06,2012-11-10,,SOUTH,Professor Charles Taylor
162,162,Mr.,Diana,Jackson,SME,Widowed,Female,1979-02-20,2003-11-08,,NORTH,Mr. Diana Jackson
163,163,Mrs.,Nathan,Brown,SME,Widowed,Male,1989-02-01,2013-03-17,,EAST,Mrs. Nathan Brown
164,164,Ms.,Brian,Anderson,Consumer,Married,Male,1969-11-17,2007-06-21,,SOUTH,Ms. Brian Anderson
165,165,Ms.,Catherine,Thomas,Consumer,Single,Female,1963-04-02,2005-04-19,,WEST,Ms. Catherine Thomas
166,166,Mrs.,Fiona,Tyson,Corporate,Widowed,Female,1956-10-05,2003-12-22,,WEST,Mrs. Fiona Tyson
167,167,Ms.,Brian,Dillon,Corporate,Single,Female,1963-07-18,2009-11-11,,NORTH,Ms. Brian Dillon
168,168,Professor,Zachary,Wilson,Corporate,Single,Female,1955-01-15,2007-11-23,,NORTH,Professor Zachary Wilson
169,169,Ms.,Bonnie,Johnson,SME,Single,Female,1975-10-03,2001-09-20,,SOUTH,Ms. Bonnie Johnson
170,170,Mr.,Samuel,Potter,Corporate,Married,Female,1990-05-07,2012-10-27,,SOUTH,Mr. Samuel Potter
171,171,Mr.,Bonnie,Harris,Consumer,Married,Male,1980-10-23,2001-11-21,,WEST,Mr. Bonnie Harris
172,172,Professor,Olivia,Thompson,Corporate,Divorced,Female,1964-03-29,2008-02-29,,SOUTH,Professor Olivia Thompson
173,173,Professor,Yvonne,Taylor,Consumer,Divorced,Female,1954-09-12,2014-02-24,,SOUTH,Professor Yvonne Taylor
174,174,Ms.,Rachel,Jackson,Corporate,Married,Male,1972-08-10,2014-09-22,,EAST,Ms. Rachel Jackson
175,175,Dr.,Liam,Anderson,Corporate,Single,Female,1961-07-27,2013-05-06,,WEST,Dr. Liam Anderson
176,176,Professor,Allison,Jones,SME,Widowed,Female,1958-05-21,2014-06-28,,NORTH,Professor Allison Jones
177,177,Mrs.,Liam,Anderson,Consumer,Widowed,Male,1969-03-20,2007-08-31,,EAST,Mrs. Liam Anderson
178,178,Ms.,Edward,Williams,SME,Single,Female,1959-01-28,2011-05-21,,WEST,Ms. Edward Williams
179,179,Mrs.,Tina,Jackson,SME,Married,Female,1964-07-22,2004-01-21,,WEST,Mrs. Tina Jackson
180,180,Mrs.,Nathan,Thomas,SME,Divorced,Female,1989-11-07,2013-09-10,,EAST,Mrs. Nathan Thomas
181,181,Ms.,Rachel,Davis,SME,Divorced,Female,1992-01-29,2004-05-08,,WEST,Ms. Rachel Davis
182,182,Dr.,Yvonne,Anderson,Consumer,Widowed,Male,1995-02-13,2011-10-30,,SOUTH,Dr. Yvonne Anderson
183,183,Mr.,Brian,Wilson,SME,Single,Male,1993-02-11,2008-04-28,,WEST,Mr. Brian Wilson
184,184,Ms.,Charles,Garcia,Corporate,Married,Male,1990-04-24,2011-07-07,,NORTH,Ms. Charles Garcia
185,185,Ms.,Allison,Harris,Corporate,Single,Female,1952-05-23,2009-04-21,,WEST,Ms. Allison Harris
186,186,Ms.,Megan,Williams,Consumer,Divorced,Female,1970-02-22,2000-08-18,,WEST,Ms. Megan Williams
187,187,Ms.,Edward,Johnson,SME,Married,Female,1992-05-21,2015-08-12,,WEST,Ms. Edward Johnson
188,188,Mr.,Tina,Smith,Consumer,Married,Female,1951-09-15,2005-09-27,,SOUTH,Mr. Tina Smith
189,189,Mrs.,Yvonne,Anderson,Consumer,Single,Female,1977-01-07,2002-09-25,,EAST,Mrs. Yvonne Anderson
190,190,Dr.,Charles,Brown,SME,Married,Male,1998-02-03,2000-05-14,,SOUTH,Dr. Charles Brown
191,191,Professor,Nathan,Smith,Consumer,Widowed,Male,1981-08-27,2005-05-24,,NORTH,Professor Nathan Smith
192,192,Professor,Charles,Thompson,Corporate,Single,Female,1995-07-08,2011-05-21,,NORTH,Professor Charles Thompson
193,193,Ms.,Ursula,Jackson,Consumer,Divorced,Female,1972-10-03,2000-05-13,,EAST,Ms. Ursula Jackson
194,194,Mr.,Xander,Dillon,Corporate,Single,Female,1979-10-31,2002-12-28,,WEST,Mr. Xander Dillon
195,195,Dr.,Allison,Harris,SME,Single,Female,1966-05-09,2003-01-09,,WEST,Dr. Allison Harris
196,196,Mr.,James,Miller,Corporate,Divorced,Female,1967-11-24,2000-12-09,,EAST,Mr. James Miller
197,197,Mrs.,Irene,Johnson,SME,Single,Female,1975-09-02,2008-01-03,,SOUTH,Mrs. Irene Johnson
198,198,Dr.,Diana,Thomas,Corporate,Widowed,Male,1985-11-20,2009-11-11,,NORTH,Dr. Diana Thomas
199,199,Ms.,Wendy,Martin,SME,Single,Female,1996-08-02,2005-12-24,,SOUTH,Ms. Wendy Martin
200,200,Mrs.,Nathan,Tyson,Consumer,Divorced,Male,1998-12-09,2006-08-03,,EAST,Mrs. Nathan Tyson
201,201,Ms.,Victor,Anderson,Consumer,Widowed,Female,1990-01-02,2013-07-07,,NORTH,Ms. Victor Anderson
202,202,Ms.,Olivia,Johnson,Consumer,Single,Female,1989-01-08,2006-02-27,,NORTH,Ms. Olivia Johnson
203,203,Mr.,Quinn,Garcia,Consumer,Widowed,Male,1962-10-23,2013-08-17,,NORTH,Mr. Quinn Garcia
204,204,Ms.,Henry,Dillon,SME,Single,Male,1982-06-28,2008-08-02,,EAST,Ms. Henry Dillon
205,205,Dr.,Liam,Thomas,SME,Married,Female,1956-11-24,2012-11-14,,SOUTH,Dr. Liam Thomas
206,206,Ms.,Karen,Dillon,SME,Single,Male,1972-05-24,2002-07-18,,SOUTH,Ms. Karen Dillon
207,207,Professor,Quinn,Jackson,SME,Divorced,Female,1960-07-25,2005-11-14,,SOUTH,Professor Quinn Jackson
208,208,Dr.,Tina,Anderson,Consumer,Married,Female,1967-12-17,2002-10-01,,WEST,Dr. Tina Anderson
209,209,Mr.,Catherine,Harris,SME,Divorced,Male,1978-09-03,2014-12-23,,WEST,Mr. Catherine Harris
210,210,Mrs.,Catherine,Anderson,Consumer,Married,Male,1965-08-14,2008-02-09,,NORTH,Mrs. Catherine Anderson
211,211,Mr.,Henry,Martin,Corporate,Divorced,Male,1982-05-18,2012-06-04,,WEST,Mr. Henry Martin
212,212,Dr.,Charles,Anderson,Corporate,Widowed,Male,1992-12-10,2011-10-16,,EAST,Dr. Charles Anderson
213,213,Mr.,Karen,Dillon,Consumer,Divorced,Male,1990-05-15,2010-06-13,,WEST,Mr. Karen Dillon
214,214,Mr.,Nathan,Thompson,Corporate,Married,Male,1961-02-20,2011-08-15,,WEST,Mr. Nathan Thompson
215,215,Ms.,Karen,Davis,Corporate,Single,Male,1996-07-21,2006-05-15,,WEST,Ms. Karen Davis
216,216,Ms.,Edward,Dillon,SME,Married,Male,1997-11-11,2002-02-04,,NORTH,Ms. Edward Dillon
217,217,Professor,Victor,Tyson,Consumer,Single,Male,1980-04-16,2012-08-22,,WEST,Professor Victor Tyson
218,218,Ms.,Ursula,Kirby,SME,Widowed,Male,1968-11-29,2012-10-30,,EAST,Ms. Ursula Kirby
219,219,Professor,Catherine,Dillon,Corporate,Divorced,Male,1975-12-27,2014-05-25,,SOUTH,Professor Catherine Dillon
220,220,Mr.,James,Harris,Corporate,Widowed,Female,1955-05-18,2003-07-18,,SOUTH,Mr. James Harris
221,221,Professor,Gwendolyn,Taylor,SME,Divorced,Female,1962-11-21,2007-01-04,,SOUTH,Professor Gwendolyn Taylor
222,222,Professor,Edward,Thomas,Consumer,Divorced,Female,2000-05-22,2002-05-19,,SOUTH,Professor Edward Thomas
223,223,Mrs.,Irene,Harris,Corporate,Single,Female,1962-08-22,2002-03-04,,EAST,Mrs. Irene Harris
224,224,Ms.,Henry,Garcia,Corporate,Married,Female,1978-01-21,2004-04-04,,SOUTH,Ms. Henry Garcia
225,225,Dr.,Catherine,Anderson,SME,Widowed,Female,1952-01-30,2002-01-07,,SOUTH,Dr. Catherine Anderson
226,226,Ms.,Gwendolyn,Kirby,Corporate,Divorced,Female,1954-05-14,2001-02-18,,WEST,Ms. Gwendolyn Kirby
227,227,Mr.,Rachel,Smith,SME,Divorced,Female,1988-08-29,2003-01-02,,NORTH,Mr. Rachel Smith
228,228,Dr.,Liam,Johnson,Corporate,Married,Female,1954-08-04,2012-10-15,,SOUTH,Dr. Liam Johnson
229,229,Dr.,Megan,Thompson,Consumer,Single,Male,1999-05-01,2006-04-10,,EAST,Dr. Megan Thompson
230,230,Professor,Liam,Taylor,SME,Married,Female,1982-10-20,2003-03-27,,SOUTH,Professor Liam Taylor
231,231,Mrs.,Bonnie,Johnson,Consumer,Widowed,Male,1979-11-18,2010-08-16,,EAST,Mrs. Bonnie Johnson
232,232,Mrs.,Tina,Taylor,SME,Divorced,Female,1985-04-03,2013-10-29,,NORTH,Mrs. Tina Taylor
233,233,Ms.,Wendy,Kirby,Corporate,Divorced,Male,1992-08-09,2000-05-16,,SOUTH,Ms. Wendy Kirby
234,234,Mr.,Samuel,Anderson,SME,Married,Male,1992-07-30,2005-12-15,,SOUTH,Mr. Samuel Anderson
235,235,Professor,Fiona,Thompson,Consumer,Married,Male,1984-02-10,2003-04-25,,SOUTH,Professor Fiona Thompson
236,236,Ms.,Aaron,Harris,SME,Widowed,Male,1987-07-28,2003-05-25,,WEST,Ms. Aaron Harris
237,237,Dr.,Quinn,Tyson,SME,Married,Male,1955-08-03,2015-10-30,,SOUTH,Dr. Quinn Tyson
238,238,Professor,Victor,Martin,Corporate,Married,Female,1983-10-22,2007-01-14,,NORTH,Professor Victor Martin
239,239,Ms.,Victor,Dillon,Corporate,Married,Female,1993-06-09,2004-04-24,,NORTH,Ms. Victor Dillon
240,240,Mrs.,James,Anderson,Corporate,Widowed,Female,1993-11-14,2007-02-10,,WEST,Mrs. James Anderson
241,241,Professor,Diana,Kirby,Consumer,Divorced,Female,1984-01-24,2008-11-06,,NORTH,Professor Diana Kirby
242,242,Ms.,James,Williams,SME,Divorced,Female,1989-09-08,2014-09-17,,EAST,Ms. James Williams
243,243,Ms.,Gwendolyn,Potter,Consumer,Divorced,Male,2000-06-03,2015-08-13,,WEST,Ms. Gwendolyn Potter
244,244,Professor,Henry,Johnson,Consumer,Married,Male,1970-03-31,2014-04-23,,WEST,Professor Henry Johnson
245,245,Mr.,Karen,Martin,Corporate,Married,Female,1962-05-02,2000-02-12,,SOUTH,Mr. Karen Martin
246,246,Ms.,Ursula,Miller,Consumer,Single,Male,1978-10-25,2006-05-27,,SOUTH,Ms. Ursula Miller
247,247,Mrs.,Fiona,White,Consumer,Widowed,Female,1953-04-05,2008-11-26,,EAST,Mrs. Fiona White
248,248,Professor,Aaron,Anderson,Corporate,Divorced,Female,1959-08-18,2007-07-07,,EAST,Professor Aaron Anderson
249,249,Dr.,Brian,Thompson,Corporate,Single,Male,1974-06-24,2004-04-28,,WEST,Dr. Brian Thompson
250,250,Mrs.,Ursula,Wilson,SME,Divorced,Male,1951-04-07,2007-07-24,,SOUTH,Mrs. Ursula Wilson
251,251,Dr.,Tina,Dillon,Consumer,Divorced,Female,1988-05-15,2011-07-23,,WEST,Dr. Tina Dillon
252,252,Dr.,Fiona,Jones,Corporate,Single,Female,1979-01-12,2005-07-25,,EAST,Dr. Fiona Jones
253,253,Ms.,Olivia,Wilson,Corporate,Single,Female,1977-02-02,2013-01-23,,WEST,Ms. Olivia Wilson
254,254,Dr.,Bonnie,Brown,SME,Widowed,Female,1977-07-11,2003-08-01,,WEST,Dr. Bonnie Brown
255,255,Ms.,Ursula,Anderson,Corporate,Married,Male,1969-10-24,2004-11-30,,EAST,Ms. Ursula Anderson
256,256,Ms.,Xander,Tyson,SME,Widowed,Male,1987-04-23,2015-09-29,,SOUTH,Ms. Xander Tyson
257,257,Mr.,Victor,Tyson,Consumer,Divorced,Male,1997-02-22,2010-01-07,,WEST,Mr. Victor Tyson
258,258,Professor,Allison,Potter,Consumer,Married,Female,1968-02-20,2012-11-04,,EAST,Professor Allison Potter
259,259,Professor,Diana,Miller,Consumer,Widowed,Female,1993-11-08,2002-01-14,,SOUTH,Professor Diana Miller
260,260,Dr.,Quinn,White,SME,Widowed,Female,2000-08-04,2001-04-17,,WEST,Dr. Quinn White
261,261,Mr.,Megan,Wilson,Consumer,Single,Female,1969-07-20,2012-12-20,,EAST,Mr. Megan Wilson
262,262,Professor,Wendy,Williams,Consumer,Widowed,Female,1955-05-29,2001-07-19,,NORTH,Professor Wendy Williams
263,263,Dr.,Fiona,Jones,Corporate,Widowed,Female,1983-08-06,2008-07-30,,SOUTH,Dr. Fiona Jones
264,264,Mrs.,Victor,Potter,SME,Married,Female,1981-03-14,2002-08-29,,EAST,Mrs. Victor Potter
265,265,Mr.,Xander,Davis,SME,Widowed,Female,1952-01-15,2006-09-10,,WEST,Mr. Xander Davis
266,266,Mrs.,Allison,Davis,Corporate,Married,Male,1991-04-29,2007-10-06,,SOUTH,Mrs. Allison Davis
267,267,Professor,Bonnie,White,Consumer,Married,Male,1951-05-28,2005-05-25,,EAST,Professor Bonnie White
268,268,Mr.,Olivia,Tyson,Corporate,Widowed,Male,1971-12-16,2000-12-28,,EAST,Mr. Olivia Tyson
269,269,Mrs.,Yvonne,Johnson,SME,Married,Female,1995-03-17,2006-06-27,,WEST,Mrs. Yvonne Johnson
270,270,Mrs.,Henry,Anderson,Corporate,Widowed,Female,1996-10-06,2004-12-15,,NORTH,Mrs. Henry Anderson
271,271,Mrs.,Rachel,Kirby,Consumer,Widowed,Female,1988-04-29,2012-06-19,,EAST,Mrs. Rachel Kirby
272,272,Ms.,Zachary,Thompson,Corporate,Married,Female,1987-05-09,2009-02-26,,SOUTH,Ms. Zachary Thompson
273,273,Dr.,Yvonne,Potter,SME,Divorced,Male,1971-08-15,2005-01-20,,WEST,Dr. Yvonne Potter
274,274,Dr.,Bonnie,Potter,Corporate,Married,Male,1987-05-15,2012-07-01,,SOUTH,Dr. Bonnie Potter
275,275,Mr.,Gwendolyn,Taylor,SME,Single,Male,1990-05-09,2008-04-27,,NORTH,Mr. Gwendolyn Taylor
276,276,Professor,Irene,Jackson,SME,Married,Male,1953-07-19,2001-08-19,,EAST,Professor Irene Jackson
277,277,Ms.,Gwendolyn,Taylor,SME,Married,Male,1951-05-18,2004-10-01,,SOUTH,Ms. Gwendolyn Taylor
278,278,Mrs.,Henry,Tyson,Corporate,Divorced,Female,1985-08-01,2005-05-14,,SOUTH,Mrs. Henry Tyson
279,279,Ms.,Rachel,Dillon,SME,Divorced,Female,1977-09-02,2005-11-12,,SOUTH,Ms. Rachel Dillon
280,280,Ms.,Diana,Martin,Corporate,Divorced,Male,1968-03-23,2008-04-24,,SOUTH,Ms. Diana Martin
281,281,Mr.,Xander,Jones,Corporate,Widowed,Male,1973-05-25,2012-05-29,,WEST,Mr. Xander Jones
282,282,Dr.,Karen,Davis,Corporate,Divorced,Female,1972-01-18,2011-03-14,,WEST,Dr. Karen Davis
283,283,Ms.,Olivia,Garcia,Consumer,Widowed,Male,1965-03-09,2003-02-20,,SOUTH,Ms. Olivia Garcia
284,284,Mr.,Allison,Williams,SME,Married,Male,1950-07-29,2009-04-01,,EAST,Mr. Allison Williams
285,285,Mr.,Wendy,Jones,Corporate,Widowed,Male,1969-08-16,2011-05-05,,EAST,Mr. Wendy Jones
286,286,Mr.,Victor,Martin,Consumer,Widowed,Male,1950-08-05,2011-12-08,,SOUTH,Mr. Victor Martin
287,287,Mr.,Rachel,Anderson,Consumer,Widowed,Male,1995-01-21,2015-08-26,,NORTH,Mr. Rachel Anderson
288,288,Mrs.,Quinn,Jones,Corporate,Divorced,Female,1967-03-22,2013-11-25,,EAST,Mrs. Quinn Jones
289,289,Dr.,Charles,Thomas,SME,Married,Male,1991-03-07,2012-09-02,,SOUTH,Dr. Charles Thomas
290,290,Mr.,Victor,Williams,Corporate,Widowed,Female,1958-05-22,2009-02-02,,NORTH,Mr. Victor Williams
291,291,Mrs.,Ursula,Smith,SME,Widowed,Female,1957-06-02,2011-03-18,,EAST,Mrs. Ursula Smith
292,292,Mr.,Catherine,Thompson,Corporate,Widowed,Male,1970-08-12,2004-09-27,,EAST,Mr. Catherine Thompson
293,293,Professor,Victor,Wilson,Consumer,Single,Female,2000-07-22,2014-10-05,,EAST,Professor Victor Wilson
294,294,Mrs.,Gwendolyn,Kirby,Consumer,Divorced,Male,1985-09-25,2001-09-22,,EAST,Mrs. Gwendolyn Kirby
295,295,Ms.,Victor,Potter,SME,Single,Female,1984-06-08,2003-02-20,,SOUTH,Ms. Victor Potter
296,296,Mrs.,Diana,White,Corporate,Widowed,Male,1956-10-26,2007-08-22,,EAST,Mrs. Diana White
297,297,Dr.,Zachary,Harris,Corporate,Widowed,Male,1970-06-20,2007-12-24,,NORTH,Dr. Zachary Harris
298,298,Ms.,Charles,Tyson,Consumer,Single,Female,1972-02-10,2015-12-29,,SOUTH,Ms. Charles Tyson
299,299,Mrs.,Megan,Dillon,Consumer,Divorced,Male,1984-12-15,2007-02-07,,WEST,Mrs. Megan Dillon
300,300,Ms.,James,Harris,Consumer,Married,Male,1974-03-15,2002-04-17,,EAST,Ms. James Harris
301,301,Professor,Olivia,Potter,Consumer,Single,Male,1995-12-22,2009-02-24,,SOUTH,Professor Olivia Potter
302,302,Professor,Rachel,Williams,Corporate,Single,Female,1979-02-08,2008-08-21,,NORTH,Professor Rachel Williams
303,303,Professor,Yvonne,Williams,SME,Married,Female,1971-10-12,2012-10-29,,SOUTH,Professor Yvonne Williams
304,304,Ms.,Edward,Wilson,Consumer,Married,Male,1974-01-30,2011-01-22,,WEST,Ms. Edward Wilson
305,305,Ms.,Irene,White,Corporate,Divorced,Male,1993-06-11,2001-09-22,,SOUTH,Ms. Irene White
306,306,Mrs.,Tina,Tyson,Corporate,Married,Male,1991-01-29,2002-05-26,,SOUTH,Mrs. Tina Tyson
307,307,Dr.,Karen,Tyson,Corporate,Divorced,Male,1979-07-26,2009-11-15,,SOUTH,Dr. Karen Tyson
308,308,Mrs.,Karen,Tyson,Corporate,Married,Female,1992-12-22,2007-01-17,,NORTH,Mrs. Karen Tyson
309,309,Dr.,Xander,Dillon,Corporate,Widowed,Female,1971-10-01,2007-04-23,,NORTH,Dr. Xander Dillon
310,310,Mrs.,Diana,Kirby,SME,Single,Female,1998-12-14,2004-01-13,,NORTH,Mrs. Diana Kirby
311,311,Mr.,Olivia,Anderson,Consumer,Widowed,Female,1986-09-15,2015-02-04,,WEST,Mr. Olivia Anderson
312,312,Dr.,Irene,Jones,SME,Widowed,Female,1983-10-28,2001-08-28,,WEST,Dr. Irene Jones
313,313,Dr.,Rachel,Thompson,SME,Divorced,Male,1998-10-10,2000-10-28,,SOUTH,Dr. Rachel Thompson
314,314,Ms.,Yvonne,Davis,SME,Single,Female,1964-12-03,2014-07-06,,EAST,Ms. Yvonne Davis
315,315,Mr.,Zachary,White,Consumer,Divorced,Male,1950-12-12,2002-03-18,,NORTH,Mr. Zachary White
316,316,Dr.,Liam,Jackson,Consumer,Divorced,Female,1994-11-25,2003-05-19,,SOUTH,Dr. Liam Jackson
317,317,Mr.,James,White,Corporate,Divorced,Female,1960-05-31,2003-03-06,,EAST,Mr. James White
318,318,Professor,Zachary,Miller,Consumer,Widowed,Female,1993-04-29,2007-10-24,,SOUTH,Professor Zachary Miller
319,319,Ms.,Karen,Williams,Consumer,Single,Female,1954-01-04,2015-12-10,,SOUTH,Ms. Karen Williams
320,320,Mrs.,Victor,Garcia,Corporate,Married,Female,1996-04-17,2003-11-30,,EAST,Mrs. Victor Garcia
321,321,Mrs.,Henry,Jackson,Corporate,Widowed,Male,1966-09-21,2014-05-13,,SOUTH,Mrs. Henry Jackson
322,322,Dr.,Olivia,Kirby,Consumer,Married,Female,1984-11-19,2000-02-06,,WEST,Dr. Olivia Kirby
323,323,Professor,Samuel,Brown,Consumer,Divorced,Female,1966-10-10,2008-03-15,,EAST,Professor Samuel Brown
324,324,Professor,Irene,Martin,SME,Widowed,Female,1978-02-12,2013-05-22,,EAST,Professor Irene Martin
325,325,Dr.,Liam,Thomas,SME,Divorced,Male,1965-06-24,2015-02-09,,EAST,Dr. Liam Thomas
326,326,Mrs.,Karen,Brown,Corporate,Married,Male,1977-05-25,2002-08-16,,WEST,Mrs. Karen Brown
327,327,Mrs.,Nathan,Tyson,Corporate,Married,Male,1984-06-04,2009-06-27,,SOUTH,Mrs. Nathan Tyson
328,328,Mrs.,Patrick,Anderson,SME,Widowed,Male,1966-10-14,2007-01-21,,WEST,Mrs. Patrick Anderson
329,329,Mrs.,Aaron,Martin,Corporate,Widowed,Female,1967-07-04,2008-08-11,,NORTH,Mrs. Aaron Martin
330,330,Dr.,Wendy,Harris,Consumer,Single,Female,1965-01-02,2001-11-08,,SOUTH,Dr. Wendy Harris
331,331,Professor,Irene,Davis,SME,Widowed,Female,1975-11-25,2003-10-09,,EAST,Professor Irene Davis
332,332,Ms.,Samuel,Brown,SME,Single,Female,1998-09-22,2008-03-24,,EAST,Ms. Samuel Brown
333,333,Mrs.,Nathan,Brown,Corporate,Widowed,Female,1976-09-16,2000-09-21,,WEST,Mrs. Nathan Brown
334,334,Mrs.,Olivia,Brown,SME,Divorced,Female,1968-10-30,2013-03-09,,EAST,Mrs. Olivia Brown
335,335,Mrs.,Tina,Jones,SME,Divorced,Female,1968-07-26,2001-05-01,,WEST,Mrs. Tina Jones
336,336,Ms.,Karen,Anderson,Consumer,Single,Female,1973-12-26,2011-07-16,,WEST,Ms. Karen Anderson
337,337,Mrs.,Irene,Dillon,SME,Married,Female,1961-11-27,2005-08-07,,EAST,Mrs. Irene Dillon
338,338,Dr.,Yvonne,Jackson,SME,Divorced,Female,1962-10-03,2012-12-13,,WEST,Dr. Yvonne Jackson
339,339,Mr.,Olivia,Williams,SME,Divorced,Female,1986-02-21,2011-07-25,,SOUTH,Mr. Olivia Williams
340,340,Professor,Patrick,Taylor,SME,Widowed,Female,1950-03-23,2002-02-02,,SOUTH,Professor Patrick Taylor
341,341,Dr.,Zachary,Potter,Corporate,Married,Female,1969-07-17,2009-08-20,,EAST,Dr. Zachary Potter
342,342,Ms.,Allison,Anderson,SME,Married,Female,1999-02-07,2012-12-17,,NORTH,Ms. Allison Anderson
343,343,Mr.,Catherine,Johnson,Consumer,Widowed,Male,1958-12-07,2014-01-16,,NORTH,Mr. Catherine Johnson
344,344,Mr.,Olivia,Harris,SME,Married,Female,1988-05-19,2004-07-15,,WEST,Mr. Olivia Harris
345,345,Mr.,Brian,Wilson,Corporate,Single,Male,1982-05-03,2005-08-13,,WEST,Mr. Brian Wilson
346,346,Ms.,Megan,Dillon,SME,Single,Male,1971-01-03,2009-08-17,,EAST,Ms. Megan Dillon
347,347,Mr.,Gwendolyn,Martin,SME,Married,Female,1961-11-27,2013-04-25,,EAST,Mr. Gwendolyn Martin
348,348,Mr.,Aaron,Taylor,Corporate,Married,Male,1987-11-21,2015-07-26,,EAST,Mr. Aaron Taylor
349,349,Mr.,Megan,Williams,Corporate,Divorced,Male,1959-04-05,2007-01-10,,WEST,Mr. Megan Williams
350,350,Mrs.,Yvonne,Jones,SME,Single,Male,1956-02-20,2011-11-24,,SOUTH,Mrs. Yvonne Jones
351,351,Mrs.,Liam,Miller,Consumer,Widowed,Male,1986-12-08,2013-10-25,,SOUTH,Mrs. Liam Miller
352,352,Professor,Edward,Brown,Corporate,Widowed,Male,1984-06-14,2007-11-19,,EAST,Professor Edward Brown
353,353,Mr.,Irene,Dillon,SME,Divorced,Male,1972-04-06,2012-05-30,,WEST,Mr. Irene Dillon
354,354,Professor,Gwendolyn,Thompson,Corporate,Widowed,Male,1995-09-18,2004-03-25,,NORTH,Professor Gwendolyn Thompson
355,355,Mr.,Patrick,Jackson,SME,Single,Male,1971-08-18,2011-03-16,,WEST,Mr. Patrick Jackson
356,356,Dr.,Karen,Jones,SME,Divorced,Male,2000-12-28,2009-06-09,,NORTH,Dr. Karen Jones
357,357,Mr.,Yvonne,Williams,Consumer,Divorced,Male,1956-01-22,2000-04-22,,SOUTH,Mr. Yvonne Williams
358,358,Professor,Zachary,Jackson,Corporate,Widowed,Female,1975-09-14,2014-02-05,,EAST,Professor Zachary Jackson
359,359,Professor,Ursula,Potter,Corporate,Single,Male,1963-09-13,2006-03-23,,EAST,Professor Ursula Potter
360,360,Professor,Zachary,Jones,Corporate,Single,Female,1979-04-25,2008-10-05,,WEST,Professor Zachary Jones
361,361,Mr.,Bonnie,Davis,SME,Widowed,Male,1988-12-24,2002-08-08,,WEST,Mr. Bonnie Davis
362,362,Mr.,Victor,Garcia,SME,Married,Male,1951-02-20,2015-11-17,,NORTH,Mr. Victor Garcia
363,363,Professor,Patrick,Thomas,Corporate,Married,Male,1996-05-27,2005-10-24,,WEST,Professor Patrick Thomas
364,364,Mr.,Xander,Brown,SME,Divorced,Male,1980-01-21,2009-08-18,,NORTH,Mr. Xander Brown
365,365,Mr.,Wendy,Kirby,Consumer,Divorced,Female,1994-07-06,2010-03-17,,NORTH,Mr. Wendy Kirby
366,366,Ms.,Liam,Garcia,Consumer,Single,Male,1959-03-26,2012-11-14,,WEST,Ms. Liam Garcia
367,367,Mrs.,Brian,Smith,Corporate,Divorced,Male,1954-02-15,2010-07-31,,EAST,Mrs. Brian Smith
368,368,Professor,Brian,Johnson,Consumer,Divorced,Female,1987-08-16,2005-01-13,,WEST,Professor Brian Johnson
369,369,Professor,Irene,Williams,Consumer,Single,Male,1983-06-13,2002-09-05,,NORTH,Professor Irene Williams
370,370,Dr.,Megan,Williams,Consumer,Divorced,Female,1975-04-30,2006-12-20,,EAST,Dr. Megan Williams
371,371,Ms.,Liam,Miller,Corporate,Married,Female,2000-07-31,2006-10-25,,EAST,Ms. Liam Miller
372,372,Professor,Yvonne,Miller,Corporate,Single,Male,1971-12-29,2003-05-18,,SOUTH,Professor Yvonne Miller
373,373,Mr.,Rachel,Thomas,SME,Widowed,Female,1980-01-21,2000-01-12,,WEST,Mr. Rachel Thomas
374,374,Mrs.,Gwendolyn,Thompson,Consumer,Single,Female,1987-08-31,2011-01-13,,EAST,Mrs. Gwendolyn Thompson
375,375,Professor,Bonnie,Davis,Corporate,Divorced,Male,1987-01-22,2015-09-20,,EAST,Professor Bonnie Davis
376,376,Dr.,Quinn,Jones,Corporate,Single,Male,1956-09-18,2013-04-10,,EAST,Dr. Quinn Jones
377,377,Ms.,James,Wilson,Corporate,Divorced,Female,1985-04-03,2015-09-19,,WEST,Ms. James Wilson
378,378,Mrs.,Henry,Williams,Consumer,Single,Male,1962-03-19,2013-02-10,,NORTH,Mrs. Henry Williams
379,379,Ms.,Olivia,Harris,Consumer,Divorced,Female,1986-06-21,2002-09-16,,WEST,Ms. Olivia Harris
380,380,Mr.,Olivia,Wilson,SME,Divorced,Male,1958-02-10,2003-07-15,,NORTH,Mr. Olivia Wilson
381,381,Mrs.,Allison,Taylor,Corporate,Married,Female,1958-03-08,2015-12-13,,WEST,Mrs. Allison Taylor
382,382,Ms.,Victor,Anderson,Corporate,Widowed,Male,1965-08-07,2000-09-11,,EAST,Ms. Victor Anderson
383,383,Mrs.,Olivia,Brown,Consumer,Single,Male,1960-11-23,2000-04-07,,EAST,Mrs. Olivia Brown
384,384,Ms.,Allison,Jackson,Consumer,Divorced,Male,1957-07-16,2013-01-22,,WEST,Ms. Allison Jackson
385,385,Dr.,Gwendolyn,Dillon,Consumer,Divorced,Male,1961-07-22,2002-01-23,,EAST,Dr. Gwendolyn Dillon
386,386,Professor,Bonnie,Garcia,Consumer,Widowed,Female,1988-11-10,2008-11-09,,SOUTH,Professor Bonnie Garcia
387,387,Mrs.,Fiona,Thomas,Corporate,Divorced,Male,1966-10-16,2006-03-02,,SOUTH,Mrs. Fiona Thomas
388,388,Professor,Tina,Tyson,Corporate,Divorced,Female,1972-01-19,2014-07-08,,EAST,Professor Tina Tyson
389,389,Ms.,Bonnie,Williams,Consumer,Widowed,Male,1984-05-12,2003-01-29,,SOUTH,Ms. Bonnie Williams
390,390,Dr.,Megan,Thomas,SME,Divorced,Female,1998-11-07,2010-11-14,,EAST,Dr. Megan Thomas
391,391,Mr.,Irene,Garcia,Consumer,Married,Female,1978-08-10,2013-05-23,,SOUTH,Mr. Irene Garcia
392,392,Professor,Zachary,Martin,Consumer,Married,Male,1982-01-25,2013-02-05,,EAST,Professor Zachary Martin
393,393,Ms.,Victor,Davis,SME,Married,Female,1997-11-17,2001-04-03,,WEST,Ms. Victor Davis
394,394,Mrs.,Allison,Garcia,SME,Divorced,Female,1971-03-23,2013-04-15,,NORTH,Mrs. Allison Garcia
395,395,Professor,Wendy,Thomas,Corporate,Married,Female,2000-07-25,2003-03-10,,EAST,Professor Wendy Thomas
396,396,Mr.,Patrick,Johnson,Consumer,Married,Female,1955-01-15,2005-03-20,,WEST,Mr. Patrick Johnson
397,397,Mrs.,Karen,Tyson,Corporate,Married,Male,1961-09-15,2007-08-23,,EAST,Mrs. Karen Tyson
398,398,Mrs.,Edward,Kirby,Consumer,Divorced,Female,1959-12-14,2011-10-21,,EAST,Mrs. Edward Kirby
399,399,Ms.,Samuel,Brown,Consumer,Married,Female,1977-01-27,2007-03-27,,SOUTH,Ms. Samuel Brown
400,400,Mrs.,Ursula,Taylor,Consumer,Divorced,Male,2000-06-01,2015-07-22,,SOUTH,Mrs. Ursula Taylor
401,401,Mrs.,James,Anderson,SME,Widowed,Male,1965-12-11,2000-01-15,,SOUTH,Mrs. James Anderson
402,402,Professor,Tina,Taylor,Corporate,Single,Male,1969-10-26,2014-05-06,,WEST,Professor Tina Taylor
403,403,Mrs.,Xander,Williams,SME,Married,Male,1981-02-11,2007-03-02,,NORTH,Mrs. Xander Williams
404,404,Ms.,Olivia,Smith,Corporate,Single,Female,1968-10-23,2005-08-06,,NORTH,Ms. Olivia Smith
405,405,Mr.,Xander,Smith,Consumer,Widowed,Female,1984-08-16,2009-10-29,,EAST,Mr. Xander Smith
406,406,Ms.,Catherine,Jackson,Corporate,Single,Male,1998-12-27,2008-06-01,,SOUTH,Ms. Catherine Jackson
407,407,Mr.,Olivia,Williams,Corporate,Divorced,Male,1976-06-16,2000-06-13,,WEST,Mr. Olivia Williams
408,408,Dr.,Karen,Garcia,Corporate,Single,Female,1964-06-08,2001-09-06,,EAST,Dr. Karen Garcia
409,409,Mrs.,Nathan,Dillon,Consumer,Single,Female,1988-12-14,2003-07-10,,EAST,Mrs. Nathan Dillon
410,410,Professor,Gwendolyn,White,Corporate,Divorced,Male,1998-06-16,2005-12-13,,WEST,Professor Gwendolyn White
411,411,Professor,Bonnie,Jackson,Consumer,Married,Female,1999-04-25,2011-01-04,,EAST,Professor Bonnie Jackson
412,412,Ms.,Nathan,Williams,Consumer,Single,Male,1993-02-03,2004-06-23,,EAST,Ms. Nathan Williams
413,413,Mr.,Ursula,Anderson,Corporate,Divorced,Female,1992-06-26,2002-08-04,,WEST,Mr. Ursula Anderson
414,414,Mr.,Catherine,Wilson,Corporate,Married,Female,1998-10-25,2008-09-09,,SOUTH,Mr. Catherine Wilson
415,415,Mr.,Fiona,Harris,Corporate,Widowed,Male,1973-08-15,2009-11-11,,NORTH,Mr. Fiona Harris
416,416,Mrs.,Samuel,Johnson,SME,Divorced,Female,1958-09-04,2001-12-03,,NORTH,Mrs. Samuel Johnson
417,417,Dr.,Rachel,Johnson,SME,Widowed,Male,1996-11-18,2009-05-22,,WEST,Dr. Rachel Johnson
418,418,Dr.,James,Williams,Consumer,Married,Female,1953-02-11,2011-04-06,,SOUTH,Dr. James Williams
419,419,Mrs.,Fiona,Miller,Consumer,Widowed,Female,1961-04-27,2000-12-15,,WEST,Mrs. Fiona Miller
420,420,Mrs.,Allison,Dillon,Consumer,Single,Female,1973-02-19,2007-03-04,,WEST,Mrs. Allison Dillon
421,421,Ms.,Rachel,Taylor,SME,Single,Female,1996-08-16,2010-04-11,,SOUTH,Ms. Rachel Taylor
422,422,Mrs.,Nathan,Jones,Consumer,Single,Male,2000-10-31,2013-03-09,,EAST,Mrs. Nathan Jones
423,423,Ms.,Brian,Potter,SME,Widowed,Female,1986-11-12,2005-12-03,,NORTH,Ms. Brian Potter
424,424,Ms.,Bonnie,Garcia,Consumer,Widowed,Female,1986-02-25,2003-03-24,,SOUTH,Ms. Bonnie Garcia
425,425,Mr.,Wendy,Davis,Consumer,Divorced,Female,1992-08-19,2006-01-09,,NORTH,Mr. Wendy Davis
426,426,Dr.,James,Wilson,Corporate,Married,Female,1958-10-24,2005-02-10,,NORTH,Dr. James Wilson
427,427,Professor,Irene,White,Consumer,Widowed,Female,1958-01-04,2004-03-19,,NORTH,Professor Irene White
428,428,Ms.,Yvonne,Thompson,Consumer,Married,Female,1955-01-16,2011-07-23,,SOUTH,Ms. Yvonne Thompson
429,429,Professor,Edward,Thompson,Consumer,Married,Male,1952-08-06,2003-11-24,,SOUTH,Professor Edward Thompson
430,430,Mr.,Bonnie,Harris,Corporate,Married,Female,1982-05-01,2015-10-21,,WEST,Mr. Bonnie Harris
431,431,Mr.,Quinn,Jackson,Corporate,Divorced,Female,1952-09-28,2005-06-04,,SOUTH,Mr. Quinn Jackson
432,432,Professor,Brian,Martin,Consumer,Divorced,Female,1999-06-19,2007-11-05,,WEST,Professor Brian Martin
433,433,Dr.,James,Smith,Consumer,Married,Male,1954-06-15,2003-08-27,,EAST,Dr. James Smith
434,434,Dr.,Irene,Dillon,Corporate,Single,Male,1996-01-19,2000-06-13,,WEST,Dr. Irene Dillon
435,435,Mrs.,Tina,Smith,SME,Divorced,Female,1972-08-23,2013-08-23,,WEST,Mrs. Tina Smith
436,436,Ms.,Catherine,Jackson,Corporate,Married,Female,1991-03-07,2005-08-26,,SOUTH,Ms. Catherine Jackson
437,437,Mr.,Samuel,Brown,SME,Divorced,Female,1995-11-22,2014-11-09,,SOUTH,Mr. Samuel Brown
438,438,Dr.,Victor,Brown,SME,Divorced,Female,1955-09-23,2007-07-17,,NORTH,Dr. Victor Brown
439,439,Ms.,Irene,Dillon,Consumer,Married,Female,1966-11-25,2003-05-13,,NORTH,Ms. Irene Dillon
440,440,Mr.,Victor,Jones,Corporate,Divorced,Female,1994-08-15,2006-08-18,,NORTH,Mr. Victor Jones
441,441,Professor,Xander,Johnson,SME,Married,Female,1967-01-15,2007-09-12,,SOUTH,Professor Xander Johnson
442,442,Mrs.,Quinn,Anderson,Consumer,Divorced,Female,2000-01-31,2004-01-23,,NORTH,Mrs. Quinn Anderson
443,443,Professor,Xander,Wilson,SME,Divorced,Male,1966-06-04,2015-03-31,,WEST,Professor Xander Wilson
444,444,Ms.,Liam,Davis,Corporate,Divorced,Female,1987-09-22,2007-06-07,,WEST,Ms. Liam Davis
445,445,Dr.,Brian,Brown,Corporate,Single,Male,1954-10-25,2014-03-24,,SOUTH,Dr. Brian Brown
446,446,Professor,Brian,Jackson,Consumer,Single,Male,1976-10-07,2009-04-07,,EAST,Professor Brian Jackson
447,447,Professor,Karen,White,SME,Divorced,Male,1991-01-19,2003-03-19,,WEST,Professor Karen White
448,448,Mrs.,Patrick,Taylor,Consumer,Single,Female,1978-02-12,2014-03-25,,EAST,Mrs. Patrick Taylor
449,449,Professor,Gwendolyn,Garcia,Consumer,Single,Female,1964-03-19,2010-12-24,,NORTH,Professor Gwendolyn Garcia
450,450,Dr.,Megan,White,SME,Single,Male,1984-05-22,2000-02-08,,SOUTH,Dr. Megan White
451,451,Professor,Aaron,Taylor,SME,Single,Male,1967-02-05,2000-05-26,,NORTH,Professor Aaron Taylor
452,452,Ms.,Wendy,Thomas,SME,Widowed,Female,1961-07-26,2002-04-21,,WEST,Ms. Wendy Thomas
453,453,Ms.,Charles,Johnson,Corporate,Divorced,Male,1976-02-03,2010-03-23,,WEST,Ms. Charles Johnson
454,454,Ms.,Catherine,Martin,Consumer,Widowed,Male,1966-11-27,2003-09-12,,NORTH,Ms. Catherine Martin
455,455,Mrs.,Xander,Jones,Consumer,Married,Female,1951-12-20,2013-03-23,,WEST,Mrs. Xander Jones
456,456,Ms.,Megan,Dillon,SME,Single,Male,1997-12-22,2013-12-22,,EAST,Ms. Megan Dillon
457,457,Mr.,Ursula,Smith,Corporate,Widowed,Male,1960-05-22,2009-05-07,,EAST,Mr. Ursula Smith
458,458,Mrs.,Patrick,Jones,SME,Widowed,Male,1950-11-01,2006-10-02,,NORTH,Mrs. Patrick Jones
459,459,Mrs.,Tina,Tyson,Corporate,Single,Male,1987-07-30,2002-05-09,,NORTH,Mrs. Tina Tyson
460,460,Professor,Patrick,Miller,Corporate,Married,Female,1967-12-03,2005-11-24,,EAST,Professor Patrick Miller
461,461,Professor,Fiona,Johnson,Corporate,Widowed,Male,1994-07-13,2004-08-28,,NORTH,Professor Fiona Johnson
462,462,Mr.,Aaron,Williams,SME,Single,Male,1994-04-30,2003-05-06,,EAST,Mr. Aaron Williams
463,463,Mrs.,Catherine,Wilson,Corporate,Divorced,Male,1990-12-23,2006-08-22,,EAST,Mrs. Catherine Wilson
464,464,Mr.,Allison,Garcia,Corporate,Divorced,Male,1976-01-26,2008-01-29,,EAST,Mr. Allison Garcia
465,465,Mr.,Brian,Johnson,Corporate,Married,Female,1962-06-01,2014-11-17,,EAST,Mr. Brian Johnson
466,466,Mr.,Tina,Wilson,Consumer,Married,Female,1983-06-07,2007-09-08,,SOUTH,Mr. Tina Wilson
467,467,Dr.,Olivia,Wilson,Consumer,Married,Male,1992-11-27,2009-06-16,,SOUTH,Dr. Olivia Wilson
468,468,Mr.,Brian,Garcia,SME,Widowed,Female,1987-04-29,2013-04-01,,EAST,Mr. Brian Garcia
469,469,Ms.,Tina,Jackson,Corporate,Married,Female,1952-08-02,2015-05-09,,WEST,Ms. Tina Jackson
470,470,Dr.,Catherine,White,SME,Divorced,Female,1954-02-15,2001-06-02,,EAST,Dr. Catherine White
471,471,Professor,Wendy,Thompson,SME,Divorced,Male,2000-09-09,2005-01-08,,EAST,Professor Wendy Thompson
472,472,Dr.,Victor,Davis,Consumer,Widowed,Male,1981-01-07,2014-11-20,,SOUTH,Dr. Victor Davis
473,473,Professor,Ursula,Garcia,Consumer,Married,Female,1992-02-07,2011-02-13,,EAST,Professor Ursula Garcia
474,474,Ms.,Henry,Taylor,SME,Married,Female,1954-07-08,2011-05-15,,NORTH,Ms. Henry Taylor
475,475,Mr.,Allison,Davis,Consumer,Widowed,Female,1991-03-10,2009-12-17,,SOUTH,Mr. Allison Davis
476,476,Dr.,Karen,Brown,Corporate,Widowed,Male,1951-08-06,2002-04-20,,SOUTH,Dr. Karen Brown
477,477,Professor,Allison,Williams,SME,Married,Female,1977-04-30,2011-05-27,,EAST,Professor Allison Williams
478,478,Mrs.,Liam,Johnson,SME,Widowed,Female,1990-10-09,2007-06-12,,NORTH,Mrs. Liam Johnson
479,479,Mrs.,Diana,Brown,SME,Divorced,Female,1950-03-13,2007-08-28,,SOUTH,Mrs. Diana Brown
480,480,Mr.,Wendy,Brown,SME,Married,Female,1964-09-23,2011-01-16,,NORTH,Mr. Wendy Brown
481,481,Mrs.,Irene,Tyson,Consumer,Widowed,Female,1966-10-29,2002-09-16,,EAST,Mrs. Irene Tyson
482,482,Mr.,Wendy,Taylor,Corporate,Single,Female,1987-03-09,2001-01-15,,WEST,Mr. Wendy Taylor
483,483,Professor,Patrick,Smith,SME,Widowed,Female,1954-05-11,2012-05-29,,WEST,Professor Patrick Smith
484,484,Mrs.,Wendy,Kirby,SME,Widowed,Female,1961-07-08,2002-04-28,,WEST,Mrs. Wendy Kirby
485,485,Mrs.,Nathan,Tyson,Corporate,Divorced,Female,1974-07-19,2008-12-03,,SOUTH,Mrs. Nathan Tyson
486,486,Professor,Edward,White,SME,Divorced,Male,1995-12-17,2006-09-14,,WEST,Professor Edward White
487,487,Ms.,Gwendolyn,Tyson,SME,Married,Male,1980-12-23,2015-01-30,,WEST,Ms. Gwendolyn Tyson
488,488,Ms.,Wendy,Brown,SME,Widowed,Female,2000-06-11,2010-10-10,,NORTH,Ms. Wendy Brown
489,489,Professor,Zachary,Smith,Consumer,Widowed,Male,1959-07-21,2000-07-26,,SOUTH,Professor Zachary Smith
490,490,Mrs.,Gwendolyn,Wilson,Consumer,Divorced,Male,1975-09-18,2015-04-30,,EAST,Mrs. Gwendolyn Wilson
491,491,Mr.,Gwendolyn,Potter,SME,Single,Male,1982-03-07,2010-02-24,,NORTH,Mr. Gwendolyn Potter
492,492,Ms.,Henry,Thompson,Corporate,Widowed,Female,1954-03-20,2008-07-22,,SOUTH,Ms. Henry Thompson
493,493,Mrs.,Aaron,Wilson,SME,Divorced,Male,1989-10-01,2005-01-21,,EAST,Mrs. Aaron Wilson
494,494,Mrs.,James,Harris,SME,Married,Male,1956-09-06,2004-03-11,,WEST,Mrs. James Harris
495,495,Ms.,Bonnie,White,Consumer,Married,Female,1999-12-08,2005-12-04,,SOUTH,Ms. Bonnie White
496,496,Mrs.,Karen,Harris,SME,Divorced,Male,1953-08-01,2003-06-13,,EAST,Mrs. Karen Harris
497,497,Professor,Patrick,Kirby,SME,Divorced,Male,1982-02-15,2001-08-20,,NORTH,Professor Patrick Kirby
498,498,Professor,Quinn,Williams,Consumer,Widowed,Female,1964-04-19,2009-04-30,,WEST,Professor Quinn Williams
499,499,Ms.,Catherine,Miller,Consumer,Divorced,Female,1979-09-14,2008-02-03,,WEST,Ms. Catherine Miller
500,500,Dr.,Diana,Thomas,Consumer,Married,Female,1971-07-25,2014-05-28,,EAST,Dr. Diana Thomas
501,501,Dr.,Zachary,Brown,Consumer,Divorced,Female,1973-01-07,2012-02-12,,SOUTH,Dr. Zachary Brown
502,502,Ms.,Patrick,Johnson,Consumer,Single,Male,1967-04-10,2007-03-09,,SOUTH,Ms. Patrick Johnson
503,503,Mrs.,Ursula,Williams,Consumer,Widowed,Male,1969-02-15,2015-05-16,,EAST,Mrs. Ursula Williams
504,504,Mrs.,Ursula,Williams,Consumer,Divorced,Male,1952-02-18,2010-04-19,,SOUTH,Mrs. Ursula Williams
505,505,Ms.,Bonnie,Garcia,Corporate,Married,Female,2000-01-26,2001-07-31,,EAST,Ms. Bonnie Garcia
506,506,Dr.,Olivia,Dillon,Corporate,Single,Male,1988-11-06,2007-02-04,,SOUTH,Dr. Olivia Dillon
507,507,Mr.,Ursula,Tyson,Corporate,Single,Male,1954-01-31,2015-09-20,,EAST,Mr. Ursula Tyson
508,508,Professor,Zachary,Anderson,Corporate,Widowed,Female,1957-10-05,2006-04-25,,NORTH,Professor Zachary Anderson
509,509,Professor,Patrick,Garcia,SME,Widowed,Female,1969-09-22,2003-01-22,,EAST,Professor Patrick Garcia
510,510,Ms.,James,Dillon,Consumer,Married,Male,1951-01-01,2012-05-31,,WEST,Ms. James Dillon
511,511,Dr.,Samuel,Tyson,Corporate,Single,Male,1998-03-11,2012-04-12,,EAST,Dr. Samuel Tyson
512,512,Professor,Gwendolyn,White,Consumer,Married,Female,1962-10-12,2003-08-11,,NORTH,Professor Gwendolyn White
513,513,Professor,Diana,Garcia,SME,Widowed,Male,1954-11-18,2012-04-23,,WEST,Professor Diana Garcia
514,514,Ms.,Victor,Williams,Corporate,Widowed,Female,1958-10-23,2004-06-05,,NORTH,Ms. Victor Williams
515,515,Mrs.,Victor,Dillon,Consumer,Single,Female,1958-12-23,2006-05-24,,WEST,Mrs. Victor Dillon
516,516,Professor,Olivia,Taylor,SME,Married,Female,1977-06-04,2015-07-21,,SOUTH,Professor Olivia Taylor
517,517,Mr.,Nathan,Garcia,SME,Married,Female,1978-02-06,2005-07-09,,NORTH,Mr. Nathan Garcia
518,518,Mrs.,Allison,Thomas,Corporate,Widowed,Female,1979-09-30,2010-10-06,,NORTH,Mrs. Allison Thomas
519,519,Mr.,Patrick,Potter,Corporate,Single,Male,1965-10-08,2014-06-24,,NORTH,Mr. Patrick Potter
520,520,Mr.,Irene,Dillon,SME,Single,Female,1956-10-06,2000-06-01,,WEST,Mr. Irene Dillon
521,521,Ms.,Bonnie,Potter,SME,Widowed,Male,1998-10-04,2012-02-08,,WEST,Ms. Bonnie Potter
522,522,Professor,Megan,Davis,SME,Widowed,Male,1976-02-09,2003-01-01,,NORTH,Professor Megan Davis
523,523,Mr.,Liam,Thompson,SME,Married,Male,1971-06-07,2013-10-09,,SOUTH,Mr. Liam Thompson
524,524,Professor,Fiona,Garcia,SME,Married,Female,2000-10-05,2014-10-15,,SOUTH,Professor Fiona Garcia
525,525,Dr.,Bonnie,Davis,Corporate,Divorced,Male,1970-10-16,2001-05-29,,NORTH,Dr. Bonnie Davis
526,526,Professor,Victor,Miller,Corporate,Widowed,Male,1982-05-30,2008-09-14,,EAST,Professor Victor Miller
527,527,Mr.,Ursula,Taylor,SME,Divorced,Female,1996-10-10,2014-03-18,,EAST,Mr. Ursula Taylor
528,528,Dr.,Megan,Dillon,SME,Single,Female,1982-10-10,2013-03-07,,WEST,Dr. Megan Dillon
529,529,Dr.,Henry,Thompson,Corporate,Widowed,Male,1981-08-29,2007-09-27,,SOUTH,Dr. Henry Thompson
530,530,Mrs.,Olivia,Garcia,Consumer,Divorced,Male,1956-12-01,2011-07-17,,WEST,Mrs. Olivia Garcia
531,531,Professor,Fiona,Thomas,Corporate,Married,Female,1960-08-13,2014-10-29,,WEST,Professor Fiona Thomas
532,532,Dr.,Patrick,Martin,SME,Married,Female,1968-11-26,2013-04-01,,EAST,Dr. Patrick Martin
533,533,Mrs.,Henry,Johnson,SME,Single,Male,1964-06-15,2003-01-08,,EAST,Mrs. Henry Johnson
534,534,Mrs.,Fiona,Wilson,SME,Single,Female,1996-05-08,2009-02-03,,EAST,Mrs. Fiona Wilson
535,535,Professor,Gwendolyn,Harris,Consumer,Married,Female,1992-04-17,2010-10-20,,EAST,Professor Gwendolyn Harris
536,536,Mrs.,Zachary,Kirby,SME,Married,Female,1995-10-30,2005-12-06,,WEST,Mrs. Zachary Kirby
537,537,Mr.,Tina,Kirby,Consumer,Widowed,Male,1970-08-14,2008-06-25,,SOUTH,Mr. Tina Kirby
538,538,Professor,Gwendolyn,Thompson,Consumer,Single,Female,1987-08-30,2003-05-10,,EAST,Professor Gwendolyn Thompson
539,539,Professor,Catherine,Potter,SME,Widowed,Male,1960-07-17,2002-02-02,,EAST,Professor Catherine Potter
540,540,Dr.,Catherine,Dillon,Consumer,Divorced,Female,1996-11-01,2009-06-08,,EAST,Dr. Catherine Dillon
541,541,Dr.,Zachary,Martin,Corporate,Single,Male,1981-06-12,2013-03-18,,WEST,Dr. Zachary Martin
542,542,Mr.,Patrick,Davis,Corporate,Widowed,Male,1975-06-01,2013-06-02,,NORTH,Mr. Patrick Davis
543,543,Professor,Wendy,Smith,Corporate,Single,Male,1996-11-17,2002-08-23,,EAST,Professor Wendy Smith
544,544,Mr.,Nathan,Thomas,Corporate,Divorced,Female,1963-11-20,2009-07-22,,NORTH,Mr. Nathan Thomas
545,545,Dr.,Tina,Wilson,Consumer,Widowed,Female,1968-04-10,2009-04-08,,NORTH,Dr. Tina Wilson
546,546,Professor,Irene,Anderson,SME,Widowed,Male,1980-11-22,2015-10-28,,SOUTH,Professor Irene Anderson
547,547,Dr.,Xander,Davis,SME,Married,Female,1964-07-07,2002-04-01,,EAST,Dr. Xander Davis
548,548,Professor,Zachary,Potter,SME,Widowed,Male,1954-09-02,2003-08-09,,NORTH,Professor Zachary Potter
549,549,Dr.,Allison,Jones,Corporate,Single,Male,1989-01-22,2001-12-23,,EAST,Dr. Allison Jones
550,550,Mr.,Charles,Tyson,SME,Divorced,Male,1984-06-24,2008-12-26,,NORTH,Mr. Charles Tyson
551,551,Dr.,Ursula,Martin,Consumer,Divorced,Male,1950-12-17,2004-07-10,,WEST,Dr. Ursula Martin
552,552,Mr.,Tina,Garcia,Consumer,Single,Male,1982-04-10,2005-05-13,,WEST,Mr. Tina Garcia
553,553,Ms.,Yvonne,Jackson,SME,Married,Male,1985-06-14,2009-02-03,,NORTH,Ms. Yvonne Jackson
554,554,Ms.,Charles,Potter,Corporate,Divorced,Female,2000-02-29,2013-01-27,,EAST,Ms. Charles Potter
555,555,Dr.,Tina,Miller,Corporate,Single,Male,1986-03-29,2012-11-22,,WEST,Dr. Tina Miller
556,556,Professor,Quinn,Brown,Corporate,Divorced,Male,1956-06-29,2011-04-14,,SOUTH,Professor Quinn Brown
557,557,Professor,Catherine,Potter,Corporate,Widowed,Female,1972-06-10,2015-07-27,,NORTH,Professor Catherine Potter
558,558,Dr.,Yvonne,Taylor,Corporate,Single,Male,1991-05-02,2013-02-28,,WEST,Dr. Yvonne Taylor
559,559,Mrs.,Charles,Jackson,Corporate,Widowed,Male,1970-08-18,2007-01-30,,NORTH,Mrs. Charles Jackson
560,560,Mr.,Henry,Anderson,Consumer,Divorced,Male,1985-10-16,2015-02-09,,NORTH,Mr. Henry Anderson
561,561,Mrs.,Karen,Thomas,Corporate,Married,Male,1974-02-21,2004-02-06,,SOUTH,Mrs. Karen Thomas
562,562,Ms.,Xander,Davis,Consumer,Married,Female,1968-07-20,2005-02-20,,WEST,Ms. Xander Davis
563,563,Mr.,Yvonne,Brown,SME,Widowed,Male,1957-01-15,2015-02-27,,WEST,Mr. Yvonne Brown
564,564,Ms.,Brian,Martin,Corporate,Divorced,Male,1978-04-19,2011-01-16,,EAST,Ms. Brian Martin
565,565,Professor,Megan,Davis,Corporate,Widowed,Male,1961-07-04,2001-03-19,,NORTH,Professor Megan Davis
566,566,Dr.,Megan,Garcia,Corporate,Widowed,Male,1960-10-19,2015-08-30,,NORTH,Dr. Megan Garcia
567,567,Dr.,Victor,Miller,SME,Divorced,Female,1959-01-15,2007-04-19,,EAST,Dr. Victor Miller
568,568,Mrs.,Rachel,Wilson,Corporate,Divorced,Male,1974-03-03,2010-07-28,,WEST,Mrs. Rachel Wilson
569,569,Dr.,Nathan,Miller,Corporate,Widowed,Female,1983-05-27,2008-03-09,,SOUTH,Dr. Nathan Miller
570,570,Professor,Samuel,Jones,Consumer,Divorced,Female,1970-07-04,2002-03-29,,WEST,Professor Samuel Jones
571,571,Mrs.,Gwendolyn,Jones,Corporate,Married,Female,1992-06-07,2000-03-20,,SOUTH,Mrs. Gwendolyn Jones
572,572,Professor,Catherine,Dillon,Corporate,Widowed,Female,1997-11-27,2007-01-30,,WEST,Professor Catherine Dillon
573,573,Mrs.,Megan,Brown,Corporate,Divorced,Male,1955-05-22,2004-10-31,,EAST,Mrs. Megan Brown
574,574,Ms.,Xander,Taylor,Corporate,Divorced,Male,1982-05-21,2008-01-30,,SOUTH,Ms. Xander Taylor
575,575,Professor,Diana,Thomas,Corporate,Married,Female,1967-11-07,2012-12-08,,SOUTH,Professor Diana Thomas
576,576,Dr.,Victor,Thompson,SME,Widowed,Female,1990-02-05,2001-10-04,,NORTH,Dr. Victor Thompson
577,577,Mrs.,Ursula,Jones,Consumer,Widowed,Male,1980-04-08,2009-06-17,,SOUTH,Mrs. Ursula Jones
578,578,Ms.,Karen,Davis,SME,Divorced,Female,1978-06-06,2014-08-24,,WEST,Ms. Karen Davis
579,579,Ms.,Irene,Harris,Consumer,Widowed,Male,1996-09-26,2010-02-05,,SOUTH,Ms. Irene Harris
580,580,Ms.,Edward,Davis,Corporate,Married,Male,1957-03-08,2004-09-21,,EAST,Ms. Edward Davis
581,581,Professor,Charles,Martin,SME,Widowed,Male,1954-10-30,2000-08-03,,EAST,Professor Charles Martin
582,582,Mrs.,Irene,Tyson,Corporate,Widowed,Male,1957-07-25,2014-09-08,,EAST,Mrs. Irene Tyson
583,583,Dr.,Xander,Anderson,Consumer,Married,Male,1961-05-05,2002-12-11,,WEST,Dr. Xander Anderson
584,584,Dr.,Brian,Taylor,SME,Divorced,Female,1991-11-30,2012-02-15,,NORTH,Dr. Brian Taylor
585,585,Mrs.,Wendy,Potter,SME,Widowed,Female,1990-12-17,2014-02-25,,WEST,Mrs. Wendy Potter
586,586,Mrs.,Patrick,Potter,Corporate,Divorced,Female,1958-01-13,2009-11-28,,NORTH,Mrs. Patrick Potter
587,587,Mr.,Edward,Anderson,Corporate,Married,Female,1950-01-04,2011-09-27,,NORTH,Mr. Edward Anderson
588,588,Dr.,Rachel,Smith,Corporate,Single,Female,1992-10-19,2006-09-20,,SOUTH,Dr. Rachel Smith
589,589,Professor,Zachary,Smith,SME,Widowed,Female,1983-07-10,2004-03-24,,WEST,Professor Zachary Smith
590,590,Dr.,Henry,Garcia,Consumer,Divorced,Female,1983-12-12,2004-12-12,,SOUTH,Dr. Henry Garcia
591,591,Ms.,Quinn,Tyson,Corporate,Divorced,Male,1975-07-17,2014-07-18,,WEST,Ms. Quinn Tyson
592,592,Ms.,Fiona,Jones,SME,Widowed,Female,1959-11-26,2014-04-14,,EAST,Ms. Fiona Jones
593,593,Dr.,Wendy,Tyson,Consumer,Single,Male,1966-11-06,2007-03-11,,NORTH,Dr. Wendy Tyson
594,594,Ms.,Fiona,Brown,SME,Widowed,Male,1974-02-24,2002-10-21,,EAST,Ms. Fiona Brown
595,595,Mr.,Charles,Jones,Corporate,Divorced,Female,1994-04-13,2004-11-14,,WEST,Mr. Charles Jones
596,596,Mr.,Liam,Harris,Consumer,Married,Female,1979-08-18,2001-10-19,,SOUTH,Mr. Liam Harris
597,597,Dr.,Charles,Potter,Corporate,Divorced,Male,1966-04-17,2004-04-23,,SOUTH,Dr. Charles Potter
598,598,Dr.,Yvonne,Davis,Consumer,Single,Female,1989-09-27,2005-07-17,,EAST,Dr. Yvonne Davis
599,599,Dr.,Quinn,Miller,Corporate,Divorced,Male,1984-11-28,2015-04-14,,EAST,Dr. Quinn Miller
600,600,Professor,Xander,Potter,SME,Widowed,Female,1960-12-16,2005-09-06,,EAST,Professor Xander Potter
601,601,Mrs.,Liam,Johnson,Corporate,Widowed,Male,1960-02-18,2005-04-17,,WEST,Mrs. Liam Johnson
602,602,Professor,Zachary,Wilson,Consumer,Married,Male,1960-09-25,2008-11-16,,WEST,Professor Zachary Wilson
603,603,Mrs.,Wendy,Tyson,Consumer,Married,Female,1983-04-27,2002-01-03,,SOUTH,Mrs. Wendy Tyson
604,604,Ms.,Victor,Tyson,SME,Divorced,Male,1955-05-22,2001-05-04,,EAST,Ms. Victor Tyson
605,605,Mrs.,Edward,Martin,Corporate,Divorced,Male,1978-06-01,2012-07-10,,EAST,Mrs. Edward Martin
606,606,Ms.,Wendy,Jackson,Corporate,Single,Female,1962-02-01,2005-08-15,,EAST,Ms. Wendy Jackson
607,607,Mrs.,Rachel,Martin,Corporate,Divorced,Female,2000-11-03,2004-03-08,,NORTH,Mrs. Rachel Martin
608,608,Professor,Brian,Tyson,Corporate,Married,Female,1964-05-21,2001-07-18,,NORTH,Professor Brian Tyson
609,609,Dr.,Rachel,Thomas,SME,Widowed,Male,1950-01-24,2014-04-23,,NORTH,Dr. Rachel Thomas
610,610,Professor,Tina,Thomas,SME,Single,Female,1971-06-04,2007-03-12,,EAST,Professor Tina Thomas
611,611,Professor,Quinn,Martin,Corporate,Divorced,Female,1963-10-30,2013-10-01,,WEST,Professor Quinn Martin
612,612,Professor,Diana,Brown,Consumer,Married,Male,1955-12-25,2000-12-24,,NORTH,Professor Diana Brown
613,613,Mrs.,Diana,Martin,SME,Widowed,Female,1958-11-10,2000-09-17,,WEST,Mrs. Diana Martin
614,614,Mrs.,Bonnie,Thomas,SME,Married,Female,1956-05-11,2000-04-17,,NORTH,Mrs. Bonnie Thomas
615,615,Mr.,Olivia,Dillon,Corporate,Widowed,Male,1982-05-19,2012-07-07,,EAST,Mr. Olivia Dillon
616,616,Mr.,Quinn,Johnson,SME,Married,Male,1977-04-07,2001-09-30,,NORTH,Mr. Quinn Johnson
617,617,Professor,Xander,Davis,SME,Married,Male,1984-07-27,2004-04-01,,EAST,Professor Xander Davis
618,618,Dr.,Rachel,Potter,SME,Divorced,Female,1959-06-20,2014-04-28,,WEST,Dr. Rachel Potter
619,619,Mrs.,Catherine,Brown,SME,Widowed,Female,1966-03-09,2012-05-02,,SOUTH,Mrs. Catherine Brown
620,620,Dr.,Rachel,Tyson,Corporate,Divorced,Female,1981-08-10,2007-01-25,,WEST,Dr. Rachel Tyson
621,621,Professor,Allison,Taylor,Corporate,Married,Female,1971-08-06,2012-08-18,,SOUTH,Professor Allison Taylor
622,622,Dr.,Olivia,Harris,SME,Divorced,Male,1950-01-07,2000-10-10,,NORTH,Dr. Olivia Harris
623,623,Mr.,Catherine,Anderson,Corporate,Married,Male,1976-12-11,2004-12-22,,WEST,Mr. Catherine Anderson
624,624,Professor,Rachel,Thompson,Corporate,Single,Female,1963-11-18,2002-02-11,,NORTH,Professor Rachel Thompson
625,625,Ms.,Edward,Wilson,Corporate,Divorced,Male,1972-06-01,2005-03-23,,WEST,Ms. Edward Wilson
626,626,Mr.,Samuel,Miller,Corporate,Married,Male,1979-02-17,2010-10-27,,SOUTH,Mr. Samuel Miller
627,627,Dr.,Bonnie,Kirby,Corporate,Divorced,Female,1957-01-15,2001-04-03,,NORTH,Dr. Bonnie Kirby
628,628,Mrs.,Brian,Brown,Consumer,Widowed,Female,1951-01-10,2014-03-20,,SOUTH,Mrs. Brian Brown
629,629,Professor,Karen,Potter,Consumer,Married,Male,1963-06-03,2007-05-01,,EAST,Professor Karen Potter
630,630,Professor,Olivia,Tyson,Corporate,Married,Female,1995-04-13,2002-01-07,,SOUTH,Professor Olivia Tyson
631,631,Ms.,Edward,Jones,SME,Single,Female,1957-05-28,2010-09-03,,SOUTH,Ms. Edward Jones
632,632,Professor,Charles,Jackson,Consumer,Married,Female,1988-12-24,2015-08-26,,NORTH,Professor Charles Jackson
633,633,Professor,Patrick,Jackson,Consumer,Married,Male,1967-08-05,2012-08-02,,WEST,Professor Patrick Jackson
634,634,Ms.,Yvonne,White,Corporate,Widowed,Female,1958-01-14,2002-07-10,,NORTH,Ms. Yvonne White
635,635,Ms.,Gwendolyn,Taylor,Corporate,Married,Female,1952-03-04,2006-11-02,,NORTH,Ms. Gwendolyn Taylor
636,636,Mrs.,Olivia,Johnson,Consumer,Divorced,Male,1967-12-01,2015-05-16,,WEST,Mrs. Olivia Johnson
637,637,Mrs.,Xander,Johnson,Corporate,Single,Male,1963-04-02,2006-06-14,,EAST,Mrs. Xander Johnson
638,638,Mr.,Olivia,Martin,Consumer,Married,Female,1979-10-10,2004-09-08,,NORTH,Mr. Olivia Martin
639,639,Mr.,Tina,Jones,Corporate,Single,Male,1983-10-15,2013-01-27,,SOUTH,Mr. Tina Jones
640,640,Professor,James,Miller,SME,Widowed,Male,1974-05-04,2001-03-10,,EAST,Professor James Miller
641,641,Ms.,Megan,Wilson,SME,Divorced,Female,1959-09-06,2000-06-05,,EAST,Ms. Megan Wilson
642,642,Mr.,Megan,Thompson,Consumer,Single,Male,1978-04-20,2010-11-14,,WEST,Mr. Megan Thompson
643,643,Mr.,Rachel,Smith,Corporate,Divorced,Female,1972-03-12,2011-11-15,,SOUTH,Mr. Rachel Smith
644,644,Mr.,Xander,Garcia,Corporate,Divorced,Female,1981-02-10,2015-05-07,,SOUTH,Mr. Xander Garcia
645,645,Mr.,Quinn,Wilson,SME,Single,Female,1973-02-12,2008-09-06,,WEST,Mr. Quinn Wilson
646,646,Dr.,Edward,Taylor,SME,Widowed,Male,1962-04-25,2001-12-20,,WEST,Dr. Edward Taylor
647,647,Mrs.,Henry,Kirby,Corporate,Divorced,Male,1988-04-05,2007-01-03,,SOUTH,Mrs. Henry Kirby
648,648,Professor,Ursula,Jones,Consumer,Married,Female,1998-07-27,2015-05-05,,WEST,Professor Ursula Jones
649,649,Professor,Nathan,Jones,SME,Single,Male,1964-03-06,2007-02-13,,WEST,Professor Nathan Jones
650,650,Mr.,Karen,Jones,Corporate,Widowed,Female,1978-08-04,2009-04-14,,WEST,Mr. Karen Jones
651,651,Mr.,Edward,Miller,SME,Single,Female,1961-10-20,2004-02-22,,NORTH,Mr. Edward Miller
652,652,Mrs.,Tina,Davis,SME,Single,Female,1952-05-04,2008-01-22,,WEST,Mrs. Tina Davis
653,653,Dr.,Quinn,Tyson,Corporate,Widowed,Female,1983-07-20,2004-02-16,,WEST,Dr. Quinn Tyson
654,654,Mrs.,Fiona,Miller,Corporate,Single,Female,1952-11-22,2009-03-01,,WEST,Mrs. Fiona Miller
655,655,Mrs.,Xander,Miller,SME,Widowed,Female,1955-12-08,2003-12-21,,WEST,Mrs. Xander Miller
656,656,Mrs.,Brian,Harris,SME,Single,Female,1988-05-11,2009-01-29,,NORTH,Mrs. Brian Harris
657,657,Professor,Megan,Tyson,SME,Single,Male,1998-02-06,2011-10-12,,NORTH,Professor Megan Tyson
658,658,Mrs.,Olivia,Johnson,SME,Widowed,Male,1996-07-14,2012-01-24,,SOUTH,Mrs. Olivia Johnson
659,659,Mr.,Quinn,Dillon,Corporate,Widowed,Female,1967-01-13,2006-07-13,,SOUTH,Mr. Quinn Dillon
660,660,Dr.,Olivia,Garcia,SME,Single,Male,1976-05-31,2013-10-01,,NORTH,Dr. Olivia Garcia
661,661,Dr.,Allison,Dillon,Consumer,Single,Male,1958-02-11,2011-03-25,,SOUTH,Dr. Allison Dillon
662,662,Dr.,Nathan,Taylor,SME,Widowed,Male,1952-03-27,2004-01-05,,SOUTH,Dr. Nathan Taylor
663,663,Ms.,Charles,Wilson,Consumer,Single,Female,1964-09-17,2002-10-09,,SOUTH,Ms. Charles Wilson
664,664,Dr.,Charles,Thompson,Corporate,Married,Female,1995-11-27,2013-09-23,,NORTH,Dr. Charles Thompson
665,665,Ms.,Yvonne,Garcia,Consumer,Married,Male,2000-09-25,2014-10-16,,EAST,Ms. Yvonne Garcia
666,666,Dr.,Yvonne,Johnson,Corporate,Widowed,Male,1977-08-21,2006-12-10,,WEST,Dr. Yvonne Johnson
667,667,Professor,Allison,Kirby,Consumer,Divorced,Female,1950-04-26,2013-12-18,,EAST,Professor Allison Kirby
668,668,Professor,Brian,Martin,Consumer,Widowed,Male,1950-07-08,2013-08-20,,SOUTH,Professor Brian Martin
669,669,Dr.,Olivia,White,Consumer,Single,Female,1957-02-14,2013-06-26,,SOUTH,Dr. Olivia White
670,670,Mrs.,Bonnie,Garcia,Consumer,Divorced,Male,1954-12-10,2014-08-26,,WEST,Mrs. Bonnie Garcia
671,671,Professor,Victor,Kirby,Consumer,Single,Male,1976-10-10,2007-06-05,,EAST,Professor Victor Kirby
672,672,Ms.,Fiona,Garcia,SME,Widowed,Female,2000-06-08,2003-12-24,,SOUTH,Ms. Fiona Garcia
673,673,Ms.,Charles,Anderson,Corporate,Single,Male,1983-01-25,2008-07-01,,EAST,Ms. Charles Anderson
674,674,Mr.,Patrick,Jones,SME,Widowed,Male,1974-08-15,2007-05-20,,NORTH,Mr. Patrick Jones
675,675,Mr.,Tina,Johnson,SME,Widowed,Female,1997-06-15,2001-12-19,,WEST,Mr. Tina Johnson
676,676,Ms.,Tina,Taylor,Consumer,Divorced,Female,1997-02-19,2012-11-24,,SOUTH,Ms. Tina Taylor
677,677,Professor,Patrick,Garcia,Consumer,Divorced,Male,1970-11-17,2015-11-22,,SOUTH,Professor Patrick Garcia
678,678,Mr.,Aaron,Harris,Corporate,Widowed,Male,1968-08-07,2013-10-19,,EAST,Mr. Aaron Harris
679,679,Mrs.,Liam,Potter,SME,Married,Female,1951-01-06,2014-05-14,,NORTH,Mrs. Liam Potter
680,680,Ms.,Zachary,Williams,Consumer,Divorced,Male,1976-12-09,2011-05-13,,NORTH,Ms. Zachary Williams
681,681,Professor,Karen,Jackson,Corporate,Married,Female,1952-08-12,2003-12-09,,NORTH,Professor Karen Jackson
682,682,Mrs.,Patrick,Johnson,SME,Widowed,Female,1993-03-13,2003-06-26,,SOUTH,Mrs. Patrick Johnson
683,683,Mr.,Zachary,White,SME,Divorced,Male,1996-09-30,2006-09-18,,SOUTH,Mr. Zachary White
684,684,Ms.,Samuel,Taylor,Consumer,Divorced,Female,1955-12-10,2003-05-08,,WEST,Ms. Samuel Taylor
685,685,Mrs.,Ursula,Potter,Corporate,Single,Female,1984-12-13,2004-03-15,,SOUTH,Mrs. Ursula Potter
686,686,Mr.,Irene,White,Corporate,Divorced,Female,1994-08-05,2005-04-30,,EAST,Mr. Irene White
687,687,Mrs.,Quinn,Anderson,Consumer,Single,Male,1960-01-26,2008-05-23,,WEST,Mrs. Quinn Anderson
688,688,Dr.,Quinn,Smith,Corporate,Married,Female,1994-11-11,2003-06-16,,SOUTH,Dr. Quinn Smith
689,689,Mrs.,Yvonne,Taylor,Consumer,Married,Male,1958-10-25,2011-07-30,,NORTH,Mrs. Yvonne Taylor
690,690,Mr.,Megan,Thompson,SME,Single,Male,1950-05-15,2006-12-22,,SOUTH,Mr. Megan Thompson
691,691,Mr.,Olivia,Johnson,Consumer,Divorced,Female,1996-09-14,2014-10-12,,NORTH,Mr. Olivia Johnson
692,692,Mrs.,Karen,Miller,Corporate,Divorced,Male,1975-09-17,2006-03-16,,WEST,Mrs. Karen Miller
693,693,Ms.,Edward,Garcia,Consumer,Single,Female,1960-04-08,2000-05-04,,NORTH,Ms. Edward Garcia
694,694,Ms.,Irene,Jones,Corporate,Single,Female,1971-12-19,2003-11-04,,NORTH,Ms. Irene Jones
695,695,Mr.,Bonnie,Jones,Consumer,Single,Female,1992-03-26,2015-02-24,,SOUTH,Mr. Bonnie Jones
696,696,Dr.,Charles,White,SME,Widowed,Female,1966-01-21,2015-10-21,,EAST,Dr. Charles White
697,697,Professor,Karen,Miller,Consumer,Married,Female,1957-01-17,2010-06-11,,NORTH,Professor Karen Miller
698,698,Dr.,Olivia,Anderson,Consumer,Married,Female,1992-03-19,2005-03-13,,EAST,Dr. Olivia Anderson
699,699,Ms.,Megan,Garcia,Consumer,Widowed,Male,1979-02-19,2010-03-02,,NORTH,Ms. Megan Garcia
700,700,Dr.,Diana,Thomas,Corporate,Divorced,Male,1991-05-19,2003-10-31,,SOUTH,Dr. Diana Thomas
1,701,Professor,Yvonne,Harris,SME,Single,Female,1996-05-27,2024-01-15,,WEST,Professor Yvonne Harris
2,702,Dr.,Victor,Brown,Corporate,Widowed,Male,1988-01-24,2024-01-15,,SOUTH,Dr. Victor Brown
3,703,Mrs.,Catherine,Jackson,SME,Married,Male,1986-05-18,2024-01-15,,SOUTH,Mrs. Catherine Jackson
4,704,Dr.,Rachel,Jones,Consumer,Married,Male,1980-01-17,2024-01-15,,EAST,Dr. Rachel Jones
5,705,Ms.,Victor,Garcia,Consumer,Widowed,Female,1970-09-01,2024-01-15,,NORTH,Ms. Victor Garcia
6,706,Professor,Olivia,Brown,SME,Divorced,Female,1995-07-18,2024-01-15,,NORTH,Professor Olivia Brown
7,707,Mr.,Quinn,Dillon,Consumer,Single,Male,1984-09-07,2024-01-15,,WEST,Mr. Quinn Dillon
8,708,Dr.,Yvonne,Tyson,Consumer,Divorced,Male,1989-04-15,2024-01-15,,SOUTH,Dr. Yvonne Tyson
9,709,Professor,Brian,Smith,Consumer,Married,Male,1984-11-04,2024-01-15,,NORTH,Professor Brian Smith
10,710,Professor,Wendy,Davis,SME,Widowed,Female,1992-10-04,2024-01-15,,EAST,Professor Wendy Davis
11,711,Mrs.,James,Tyson,Corporate,Single,Male,1982-09-20,2024-01-15,,NORTH,Mrs. James Tyson
12,712,Dr.,Ursula,Potter,SME,Widowed,Male,1999-05-17,2024-01-15,,NORTH,Dr. Ursula Potter
13,713,Mr.,Liam,Garcia,Consumer,Widowed,Female,1987-07-08,2024-01-15,,SOUTH,Mr. Liam Garcia
14,714,Mrs.,Rachel,Garcia,Consumer,Widowed,Female,1987-01-25,2024-01-15,,SOUTH,Mrs. Rachel Garcia
15,715,Professor,Charles,Dillon,SME,Widowed,Female,1997-05-20,2024-01-15,,EAST,Professor Charles Dillon
16,716,Dr.,Rachel,Jones,SME,Widowed,Female,1976-11-26,2024-01-15,,SOUTH,Dr. Rachel Jones
17,717,Ms.,Quinn,Kirby,Consumer,Widowed,Male,1998-11-09,2024-01-15,,WEST,Ms. Quinn Kirby
18,718,Professor,Aaron,Jackson,SME,Married,Male,1986-07-16,2024-01-15,,NORTH,Professor Aaron Jackson
19,719,Ms.,Catherine,Smith,SME,Divorced,Female,1987-02-02,2024-01-15,,EAST,Ms. Catherine Smith
20,720,Dr.,Samuel,Johnson,Consumer,Single,Male,1982-07-17,2024-01-15,,NORTH,Dr. Samuel Johnson
21,721,Ms.,Brian,Thomas,Corporate,Divorced,Male,1993-06-27,2024-01-15,,WEST,Ms. Brian Thomas
22,722,Dr.,Samuel,Jackson,Consumer,Married,Female,1997-06-04,2024-01-15,,SOUTH,Dr. Samuel Jackson
23,723,Mrs.,Ursula,Davis,SME,Married,Female,1987-07-23,2024-01-15,,NORTH,Mrs. Ursula Davis
24,724,Mrs.,Rachel,Kirby,Consumer,Divorced,Female,1977-05-17,2024-01-15,,WEST,Mrs. Rachel Kirby
25,725,Mr.,Victor,Taylor,Consumer,Divorced,Female,1977-12-24,2024-01-15,,NORTH,Mr. Victor Taylor
26,726,Dr.,Fiona,Kirby,Consumer,Widowed,Male,1979-12-21,2024-01-15,,NORTH,Dr. Fiona Kirby
27,727,Professor,Tina,Thomas,Consumer,Married,Male,1995-02-12,2024-01-15,,NORTH,Professor Tina Thomas
28,728,Ms.,Liam,Smith,SME,Widowed,Female,1987-04-30,2024-01-15,,SOUTH,Ms. Liam Smith
29,729,Mr.,Tina,Taylor,Corporate,Divorced,Female,1980-01-22,2024-01-15,,NORTH,Mr. Tina Taylor
30,730,Mrs.,James,Dillon,SME,Single,Male,1975-01-29,2024-01-15,,EAST,Mrs. James Dillon
31,731,Professor,Patrick,Garcia,Consumer,Married,Female,1996-02-09,2024-01-15,,SOUTH,Professor Patrick Garcia
32,732,Ms.,Zachary,Johnson,Consumer,Divorced,Male,1987-09-12,2024-01-15,,WEST,Ms. Zachary Johnson
33,733,Mr.,Karen,Anderson,Corporate,Single,Female,1984-09-14,2024-01-15,,NORTH,Mr. Karen Anderson
34,734,Mr.,Gwendolyn,Garcia,Corporate,Married,Female,1991-05-07,2024-01-15,,WEST,Mr. Gwendolyn Garcia
35,735,Mrs.,Zachary,White,Corporate,Divorced,Male,1970-09-21,2024-01-15,,EAST,Mrs. Zachary White
36,736,Mrs.,Wendy,Dillon,Consumer,Divorced,Male,1971-07-31,2024-01-15,,NORTH,Mrs. Wendy Dillon
37,737,Mrs.,Olivia,Jackson,SME,Single,Female,1995-03-10,2024-01-15,,NORTH,Mrs. Olivia Jackson
38,738,Professor,Xander,Jones,Corporate,Single,Female,1986-03-12,2024-01-15,,EAST,Professor Xander Jones
39,739,Mrs.,Brian,Thompson,SME,Divorced,Female,1977-04-21,2024-01-15,,WEST,Mrs. Brian Thompson
40,740,Ms.,Rachel,White,Corporate,Single,Female,1996-03-06,2024-01-15,,WEST,Ms. Rachel White
41,741,Dr.,Rachel,Harris,Corporate,Divorced,Male,1976-03-14,2024-01-15,,SOUTH,Dr. Rachel Harris
42,742,Ms.,Quinn,Taylor,SME,Divorced,Female,1996-05-23,2024-01-15,,SOUTH,Ms. Quinn Taylor
43,743,Ms.,Zachary,Taylor,SME,Divorced,Male,1992-07-09,2024-01-15,,SOUTH,Ms. Zachary Taylor
44,744,Ms.,Tina,Brown,Consumer,Widowed,Female,1971-02-21,2024-01-15,,WEST,Ms. Tina Brown
45,745,Mr.,Catherine,Johnson,Consumer,Married,Female,1986-09-17,2024-01-15,,WEST,Mr. Catherine Johnson
46,746,Professor,Ursula,Davis,Consumer,Married,Male,1998-10-30,2024-01-15,,WEST,Professor Ursula Davis
47,747,Ms.,Brian,Taylor,Consumer,Married,Male,1984-07-14,2024-01-15,,EAST,Ms. Brian Taylor
48,748,Dr.,Bonnie,Thompson,Consumer,Widowed,Male,2000-08-04,2024-01-15,,NORTH,Dr. Bonnie Thompson
49,749,Ms.,James,Anderson,SME,Widowed,Female,1996-04-22,2024-01-15,,EAST,Ms. James Anderson
50,750,Mrs.,Patrick,Davis,Corporate,Widowed,Female,1983-02-17,2024-01-15,,SOUTH,Mrs. Patrick Davis
51,1354,Mr.,Aaron,Dillon,Consumer,Married,Male,1985-02-15,2024-04-12,2024-04-12,EAST,Mr. Aaron Dillon
1,751,Mr.,Gwendolyn,Garcia,Consumer,Widowed,Female,1990-12-06,2024-02-20,,WEST,Mr. Gwendolyn Garcia
2,752,Mr.,Diana,Tyson,SME,Single,Male,1975-01-21,2024-02-20,,WEST,Mr. Diana Tyson
3,753,Dr.,Diana,Jones,Consumer,Single,Male,1997-09-13,2024-02-20,,SOUTH,Dr. Diana Jones
4,754,Dr.,Edward,Taylor,SME,Widowed,Male,1978-11-18,2024-02-20,,EAST,Dr. Edward Taylor
5,755,Mr.,James,Kirby,Consumer,Widowed,Female,1985-02-17,2024-02-20,,WEST,Mr. James Kirby
6,756,Professor,Aaron,Garcia,Corporate,Divorced,Male,1976-09-17,2024-02-20,,WEST,Professor Aaron Garcia
7,757,Mrs.,Diana,Williams,Corporate,Single,Female,1998-01-19,2024-02-20,,NORTH,Mrs. Diana Williams
8,758,Ms.,Brian,Smith,SME,Divorced,Male,1976-09-25,2024-02-20,,WEST,Ms. Brian Smith
9,759,Dr.,Edward,Smith,SME,Married,Female,1985-09-12,2024-02-20,,NORTH,Dr. Edward Smith
10,760,Mr.,Zachary,Dillon,Consumer,Married,Female,1975-10-02,2024-02-20,,SOUTH,Mr. Zachary Dillon
11,761,Mr.,Yvonne,Brown,Consumer,Widowed,Male,1976-05-13,2024-02-20,,SOUTH,Mr. Yvonne Brown
12,762,Mrs.,Nathan,Thomas,SME,Divorced,Female,1987-05-18,2024-02-20,,NORTH,Mrs. Nathan Thomas
13,763,Mrs.,Gwendolyn,Smith,Corporate,Single,Male,1971-02-25,2024-02-20,,NORTH,Mrs. Gwendolyn Smith
14,764,Dr.,Bonnie,White,Consumer,Divorced,Male,1991-07-03,2024-02-20,,WEST,Dr. Bonnie White
15,765,Professor,Patrick,Wilson,Consumer,Married,Male,1989-11-16,2024-02-20,,WEST,Professor Patrick Wilson
16,766,Dr.,Nathan,Kirby,Consumer,Widowed,Male,1975-10-31,2024-02-20,,EAST,Dr. Nathan Kirby
17,767,Ms.,Quinn,Dillon,Consumer,Divorced,Female,1981-09-17,2024-02-20,,WEST,Ms. Quinn Dillon
18,768,Mr.,Henry,Anderson,Consumer,Married,Male,1975-08-05,2024-02-20,,WEST,Mr. Henry Anderson
19,769,Professor,Liam,Jackson,Corporate,Widowed,Female,1988-12-25,2024-02-20,,EAST,Professor Liam Jackson
20,770,Professor,Charles,Thomas,Corporate,Divorced,Female,1982-10-15,2024-02-20,,NORTH,Professor Charles Thomas
21,771,Mrs.,Henry,Wilson,Corporate,Single,Male,1981-04-07,2024-02-20,,SOUTH,Mrs. Henry Wilson
22,772,Dr.,Aaron,Brown,Consumer,Single,Male,1993-01-24,2024-02-20,,SOUTH,Dr. Aaron Brown
23,773,Mr.,Gwendolyn,Smith,SME,Widowed,Male,1974-07-03,2024-02-20,,EAST,Mr. Gwendolyn Smith
24,774,Dr.,Irene,Williams,Corporate,Married,Female,1993-02-27,2024-02-20,,SOUTH,Dr. Irene Williams
25,775,Professor,Aaron,Thompson,Consumer,Divorced,Female,1974-10-26,2024-02-20,,EAST,Professor Aaron Thompson
26,776,Professor,Aaron,Brown,Corporate,Single,Female,1973-10-15,2024-02-20,,WEST,Professor Aaron Brown
27,777,Professor,Bonnie,White,Corporate,Single,Male,1972-06-01,2024-02-20,,WEST,Professor Bonnie White
28,778,Mrs.,Karen,Williams,Consumer,Divorced,Female,1993-10-21,2024-02-20,,SOUTH,Mrs. Karen Williams
29,779,Dr.,James,Miller,Corporate,Married,Male,1978-10-26,2024-02-20,,NORTH,Dr. James Miller
30,780,Mr.,Samuel,White,Consumer,Divorced,Female,1990-01-16,2024-02-20,,EAST,Mr. Samuel White
31,781,Dr.,Tina,Wilson,Corporate,Single,Male,1975-05-29,2024-02-20,,SOUTH,Dr. Tina Wilson
32,782,Ms.,Gwendolyn,Miller,SME,Widowed,Male,1989-09-18,2024-02-20,,EAST,Ms. Gwendolyn Miller
33,783,Dr.,Catherine,Jackson,Corporate,Married,Male,1985-11-05,2024-02-20,,NORTH,Dr. Catherine Jackson
34,784,Professor,Henry,Jones,SME,Widowed,Male,1971-06-10,2024-02-20,,EAST,Professor Henry Jones
35,785,Ms.,Megan,White,Corporate,Single,Female,1984-10-26,2024-02-20,,EAST,Ms. Megan White
36,786,Mr.,Zachary,Brown,Consumer,Widowed,Female,1999-11-25,2024-02-20,,EAST,Mr. Zachary Brown
37,787,Mr.,Irene,Johnson,Consumer,Divorced,Male,1994-05-25,2024-02-20,,SOUTH,Mr. Irene Johnson
38,788,Professor,Yvonne,Dillon,SME,Divorced,Male,1984-02-18,2024-02-20,,EAST,Professor Yvonne Dillon
39,789,Mr.,Karen,Garcia,Consumer,Divorced,Male,1996-06-13,2024-02-20,,WEST,Mr. Karen Garcia
40,790,Professor,Allison,Martin,Corporate,Widowed,Male,1999-01-26,2024-02-20,,NORTH,Professor Allison Martin
41,791,Mrs.,Olivia,Kirby,Corporate,Single,Female,1987-02-23,2024-02-20,,EAST,Mrs. Olivia Kirby
42,792,Mr.,Nathan,Jackson,Consumer,Married,Male,1991-10-03,2024-02-20,,NORTH,Mr. Nathan Jackson
43,793,Mr.,Patrick,Martin,SME,Divorced,Male,1980-06-19,2024-02-20,,NORTH,Mr. Patrick Martin
44,794,Ms.,Nathan,Garcia,Consumer,Divorced,Male,1997-05-22,2024-02-20,,WEST,Ms. Nathan Garcia
45,795,Mr.,Charles,Wilson,Consumer,Widowed,Male,1971-03-08,2024-02-20,,SOUTH,Mr. Charles Wilson
46,796,Dr.,Bonnie,Thompson,Corporate,Married,Male,1973-12-29,2024-02-20,,WEST,Dr. Bonnie Thompson
47,797,Mr.,Allison,Garcia,SME,Single,Female,1974-04-07,2024-02-20,,SOUTH,Mr. Allison Garcia
48,798,Mrs.,Liam,Tyson,SME,Widowed,Male,1975-01-09,2024-02-20,,EAST,Mrs. Liam Tyson
49,799,Dr.,Aaron,Potter,SME,Divorced,Male,1973-03-02,2024-02-20,,EAST,Dr. Aaron Potter
50,800,Ms.,James,Potter,Consumer,Married,Male,1990-03-30,2024-02-20,,SOUTH,Ms. James Potter
51,1354,Mr.,Aaron,Dillon,Consumer,Divorced,Male,1985-02-15,2024-04-13,2099-12-31,EAST,Mr. Aaron Dillon
1,1,Mrs.,Aaron,Wilson,SME,Single,Male,1970-01-10,2003-02-17,,EAST,Mrs. Aaron Wilson
2,2,Mr.,Bonnie,Smith,SME,Single,Male,1969-08-13,2005-03-20,,SOUTH,Mr. Bonnie Smith
3,3,Mister.,Bonnie,Potter,SME,Married,Female,1974-12-16,2000-02-23,,SOUTH,Mister. Bonnie Potter
4,4,Mrs.,Irene,Jones,Corporate,Single,Male,1980-03-13,2002-04-17,,NORTH,Mrs. Irene Jones
5,5,Professor,Brian,Thomas,SME,Widowed,Male,1973-09-24,2000-12-21,,NORTH,Professor Brian Thomas
6,6,Ms.,Charles,Potter,SME,Married,Male,1982-06-12,2012-12-12,,SOUTH,Ms. Charles Potter
7,7,Ms.,Victor,Davis,Corporate,Single,Female,1957-02-27,2005-03-22,,EAST,Ms. Victor Davis
8,8,Mrs.,Ursula,Thomas,SME,Married,Female,1983-03-19,2007-12-20,,SOUTH,Mrs. Ursula Thomas
9,9,Mrs.,Tina,Dillon,Corporate,Married,Female,1997-12-02,2005-06-28,,EAST,Mrs. Tina Dillon
10,10,Mrs.,Ursula,Potter,Consumer,Married,Female,1979-02-04,2001-04-03,,NORTH,Mrs. Ursula Potter
11,11,Mrs.,Irene,Williams,SME,Married,Female,2000-11-19,2007-01-21,,SOUTH,Mrs. Irene Williams
12,12,Dr.,Catherine,Dillon,Consumer,Married,Female,1962-10-26,2005-12-09,,SOUTH,Dr. Catherine Dillon
13,13,Dr.,Catherine,Kirby,SME,Married,Female,1982-06-23,2004-12-01,,SOUTH,Dr. Catherine Kirby
14,14,Mr.,Gwendolyn,Tyson,SME,Married,Female,1963-09-18,2014-01-27,,EAST,Mr. Gwendolyn Tyson
15,15,Professor,Megan,Jackson,SME,Divorced,Male,1991-12-29,2011-11-13,,EAST,Professor Megan Jackson
16,16,Ms.,Victor,Potter,Corporate,Divorced,Male,1980-07-08,2002-07-02,,EAST,Ms. Victor Potter
17,17,Professor,Aaron,Wilson,SME,Single,Female,1966-01-11,2011-05-21,,SOUTH,Professor Aaron Wilson
18,18,Mrs.,Edward,Thomas,SME,Single,Female,1998-05-23,2011-11-23,,WEST,Mrs. Edward Thomas
19,19,Ms.,Aaron,Brown,Consumer,Single,Male,1977-08-03,2005-05-15,,SOUTH,Ms. Aaron Brown
20,20,Mr.,Xander,Martin,SME,Married,Female,1997-10-16,2002-10-27,,EAST,Mr. Xander Martin
21,21,Professor,Irene,Thompson,SME,Married,Female,1987-12-18,2004-10-01,,WEST,Professor Irene Thompson
22,22,Ms.,Victor,Dillon,Consumer,Widowed,Male,1989-04-21,2011-08-10,,SOUTH,Ms. Victor Dillon
23,23,Mr.,Charles,Taylor,Consumer,Married,Male,1999-09-11,2005-02-28,,WEST,Mr. Charles Taylor
24,24,Mr.,Henry,Williams,Corporate,Married,Female,1979-08-24,2001-08-03,,EAST,Mr. Henry Williams
25,25,Professor,Rachel,Jones,Corporate,Widowed,Male,1992-05-28,2005-06-13,,WEST,Professor Rachel Jones
26,26,Ms.,Diana,White,SME,Widowed,Male,1988-01-01,2009-03-21,,EAST,Ms. Diana White
27,27,Ms.,Bonnie,Jackson,Consumer,Married,Female,1959-10-21,2005-07-29,,EAST,Ms. Bonnie Jackson
28,28,Ms.,Nathan,Garcia,Corporate,Single,Male,1991-07-04,2005-08-08,,WEST,Ms. Nathan Garcia
29,29,Mr.,Ursula,Potter,Corporate,Married,Female,1958-05-15,2005-04-20,,EAST,Mr. Ursula Potter
30,30,Mr.,Gwendolyn,Jackson,Corporate,Single,Female,1964-10-08,2008-07-01,,SOUTH,Mr. Gwendolyn Jackson
31,31,Professor,James,White,Corporate,Married,Male,1993-08-30,2003-06-22,,SOUTH,Professor James White
32,32,Mr.,Samuel,Potter,SME,Single,Female,1978-02-19,2001-04-13,,EAST,Mr. Samuel Potter
33,33,Mr.,Bonnie,Thompson,SME,Single,Male,1966-09-03,2001-07-15,,WEST,Mr. Bonnie Thompson
34,34,Mrs.,Diana,Kirby,Corporate,Single,Female,1953-07-26,2013-11-21,,SOUTH,Mrs. Diana Kirby
35,35,Mrs.,Gwendolyn,Taylor,SME,Married,Female,1973-10-30,2008-11-16,,NORTH,Mrs. Gwendolyn Taylor
36,36,Mr.,Karen,Williams,Consumer,Single,Male,1991-02-12,2013-12-06,,SOUTH,Mr. Karen Williams
37,37,Mr.,Edward,Thomas,Consumer,Divorced,Female,1971-12-01,2008-04-15,,NORTH,Mr. Edward Thomas
38,38,Professor,Tina,Dillon,SME,Divorced,Male,1950-09-14,2014-12-24,,NORTH,Professor Tina Dillon
39,39,Mr.,Irene,Brown,Corporate,Divorced,Male,1999-08-20,2003-06-27,,WEST,Mr. Irene Brown
40,40,Ms.,Gwendolyn,Dillon,Consumer,Divorced,Male,1995-05-06,2010-12-16,,NORTH,Ms. Gwendolyn Dillon
41,41,Mr.,Allison,Wilson,SME,Married,Female,1950-04-27,2007-06-25,,SOUTH,Mr. Allison Wilson
42,42,Professor,Xander,Harris,Consumer,Single,Male,1988-05-15,2012-07-30,,WEST,Professor Xander Harris
43,43,Ms.,Rachel,Johnson,Consumer,Widowed,Male,1999-07-28,2003-04-28,,WEST,Ms. Rachel Johnson
44,44,Ms.,Liam,Johnson,SME,Married,Male,1968-11-05,2015-04-19,,NORTH,Ms. Liam Johnson
45,45,Dr.,Yvonne,Potter,Consumer,Married,Female,1963-11-13,2005-04-23,,NORTH,Dr. Yvonne Potter
46,46,Dr.,Fiona,Taylor,SME,Married,Male,1972-04-06,2005-12-25,,EAST,Dr. Fiona Taylor
47,47,Dr.,Brian,Johnson,Corporate,Widowed,Female,1969-12-15,2004-06-22,,SOUTH,Dr. Brian Johnson
48,48,Mrs.,Henry,Smith,Consumer,Divorced,Female,1985-09-30,2007-05-13,,WEST,Mrs. Henry Smith
49,49,Dr.,Ursula,Thompson,Consumer,Single,Female,1998-02-08,2007-06-05,,NORTH,Dr. Ursula Thompson
50,50,Mr.,Samuel,Wilson,Corporate,Widowed,Female,1959-09-23,2013-05-19,,WEST,Mr. Samuel Wilson
51,51,Mr.,Tina,Thompson,Corporate,Married,Male,1984-07-23,2012-12-06,,SOUTH,Mr. Tina Thompson
52,52,Professor,Aaron,Thompson,Consumer,Widowed,Female,1967-09-05,2008-03-02,,SOUTH,Professor Aaron Thompson
53,53,Ms.,Victor,Brown,Corporate,Widowed,Female,1995-07-01,2006-12-08,,NORTH,Ms. Victor Brown
54,54,Mrs.,Rachel,Jones,SME,Widowed,Male,1987-09-21,2014-11-30,,NORTH,Mrs. Rachel Jones
55,55,Mr.,Megan,Potter,Corporate,Married,Female,1977-04-06,2006-06-08,,NORTH,Mr. Megan Potter
56,56,Mrs.,Olivia,Harris,SME,Married,Male,1995-11-11,2010-08-12,,SOUTH,Mrs. Olivia Harris
57,57,Professor,Quinn,Dillon,SME,Married,Female,1980-01-27,2002-02-04,,NORTH,Professor Quinn Dillon
58,58,Mrs.,Zachary,Miller,Corporate,Married,Male,1952-03-11,2001-01-13,,WEST,Mrs. Zachary Miller
59,59,Professor,Nathan,Dillon,Corporate,Widowed,Female,1967-06-12,2015-08-14,,SOUTH,Professor Nathan Dillon
60,60,Mr.,Edward,Dillon,Consumer,Married,Female,1959-07-25,2009-07-14,,WEST,Mr. Edward Dillon
61,61,Mr.,Rachel,Davis,SME,Widowed,Female,1990-12-14,2002-12-28,,EAST,Mr. Rachel Davis
62,62,Dr.,Tina,Thompson,SME,Married,Female,1999-02-25,2009-12-31,,SOUTH,Dr. Tina Thompson
63,63,Ms.,Irene,Davis,Corporate,Married,Female,1996-10-07,2010-11-13,,SOUTH,Ms. Irene Davis
64,64,Mrs.,Wendy,Anderson,SME,Divorced,Male,1974-05-18,2007-07-14,,EAST,Mrs. Wendy Anderson
65,65,Dr.,Edward,Davis,Consumer,Married,Female,1963-09-17,2015-11-04,,WEST,Dr. Edward Davis
66,66,Dr.,Karen,Potter,Corporate,Married,Female,1987-04-21,2001-05-25,,SOUTH,Dr. Karen Potter
67,67,Dr.,Brian,Kirby,Corporate,Divorced,Female,1992-10-16,2000-02-18,,EAST,Dr. Brian Kirby
68,68,Professor,Rachel,Potter,Corporate,Married,Female,1969-10-14,2010-12-13,,SOUTH,Professor Rachel Potter
69,69,Ms.,Aaron,Jackson,Consumer,Widowed,Male,1986-04-10,2003-09-14,,SOUTH,Ms. Aaron Jackson
70,70,Mr.,Samuel,Kirby,Consumer,Widowed,Female,1957-07-13,2014-06-01,,SOUTH,Mr. Samuel Kirby
71,71,Dr.,Bonnie,Wilson,Corporate,Widowed,Female,1979-05-15,2004-09-29,,WEST,Dr. Bonnie Wilson
72,72,Ms.,Irene,White,SME,Single,Male,1957-05-07,2010-07-19,,SOUTH,Ms. Irene White
73,73,Mr.,Henry,Dillon,Consumer,Married,Male,1953-08-12,2000-09-11,,NORTH,Mr. Henry Dillon
74,74,Dr.,Henry,Jones,Corporate,Married,Female,1960-04-06,2012-08-25,,WEST,Dr. Henry Jones
75,75,Professor,Fiona,Tyson,Consumer,Divorced,Male,1960-04-11,2003-09-03,,NORTH,Professor Fiona Tyson
76,76,Dr.,Samuel,Jackson,Consumer,Married,Female,1967-10-17,2001-09-14,,NORTH,Dr. Samuel Jackson
77,77,Mr.,Zachary,Kirby,SME,Widowed,Female,1981-02-24,2011-12-13,,EAST,Mr. Zachary Kirby
78,78,Ms.,Quinn,Dillon,Consumer,Widowed,Female,1951-02-19,2009-06-03,,EAST,Ms. Quinn Dillon
79,79,Mrs.,Ursula,Harris,SME,Divorced,Female,1989-01-26,2003-12-13,,NORTH,Mrs. Ursula Harris
80,80,Ms.,Nathan,Kirby,Corporate,Single,Female,1978-12-01,2005-07-04,,SOUTH,Ms. Nathan Kirby
81,81,Professor,Yvonne,Harris,Corporate,Single,Female,1984-01-01,2007-07-18,,WEST,Professor Yvonne Harris
82,82,Ms.,Patrick,Miller,SME,Divorced,Female,1973-03-06,2007-08-20,,WEST,Ms. Patrick Miller
83,83,Mr.,Quinn,Miller,SME,Widowed,Male,1971-08-27,2009-02-11,,EAST,Mr. Quinn Miller
84,84,Dr.,Ursula,Martin,Consumer,Divorced,Female,1951-07-20,2002-02-01,,SOUTH,Dr. Ursula Martin
85,85,Ms.,James,Kirby,Corporate,Divorced,Female,1992-06-16,2012-05-31,,WEST,Ms. James Kirby
86,86,Ms.,Wendy,Harris,Consumer,Married,Male,1977-07-05,2005-08-21,,NORTH,Ms. Wendy Harris
87,87,Mrs.,Diana,Potter,Corporate,Widowed,Female,1967-03-09,2004-11-07,,NORTH,Mrs. Diana Potter
88,88,Ms.,Allison,Miller,Corporate,Married,Male,1970-05-30,2008-02-04,,EAST,Ms. Allison Miller
89,89,Mr.,Irene,Johnson,SME,Married,Female,1999-08-24,2006-07-21,,WEST,Mr. Irene Johnson
90,90,Professor,Brian,Smith,Corporate,Widowed,Female,1975-07-06,2010-07-12,,EAST,Professor Brian Smith
91,91,Dr.,Bonnie,Wilson,Corporate,Widowed,Male,1960-03-27,2001-06-19,,WEST,Dr. Bonnie Wilson
92,92,Professor,Edward,Jones,Consumer,Married,Female,1977-04-05,2001-11-28,,EAST,Professor Edward Jones
93,93,Dr.,Yvonne,Thompson,SME,Divorced,Female,1990-06-02,2009-12-05,,WEST,Dr. Yvonne Thompson
94,94,Mr.,Samuel,Tyson,Corporate,Married,Male,1958-11-26,2004-08-29,,NORTH,Mr. Samuel Tyson
95,95,Professor,Henry,Garcia,Corporate,Single,Female,1956-09-25,2003-07-06,,WEST,Professor Henry Garcia
96,96,Mrs.,James,Johnson,SME,Divorced,Female,1975-11-06,2015-11-09,,SOUTH,Mrs. James Johnson
97,97,Ms.,Victor,Davis,SME,Single,Male,1967-10-01,2009-07-14,,EAST,Ms. Victor Davis
98,98,Mr.,Irene,Jones,SME,Divorced,Female,1955-05-09,2003-09-21,,WEST,Mr. Irene Jones
99,99,Ms.,Diana,Harris,Corporate,Widowed,Male,1986-02-10,2006-02-08,,SOUTH,Ms. Diana Harris
100,100,Ms.,Catherine,White,Consumer,Single,Male,1972-06-18,2000-07-30,,EAST,Ms. Catherine White
101,101,Mrs.,Samuel,Johnson,Corporate,Widowed,Male,1992-03-18,2011-08-22,,NORTH,Mrs. Samuel Johnson
102,102,Mr.,Ursula,Martin,Corporate,Widowed,Female,1992-03-02,2007-10-21,,SOUTH,Mr. Ursula Martin
103,103,Ms.,Brian,Garcia,Corporate,Widowed,Female,1986-12-06,2015-07-23,,EAST,Ms. Brian Garcia
104,104,Ms.,Olivia,Williams,Corporate,Single,Male,1972-08-23,2007-04-02,,EAST,Ms. Olivia Williams
105,105,Mrs.,Nathan,Johnson,SME,Widowed,Female,1996-07-06,2008-02-11,,SOUTH,Mrs. Nathan Johnson
106,106,Professor,Gwendolyn,Wilson,SME,Widowed,Female,1961-10-03,2006-06-17,,EAST,Professor Gwendolyn Wilson
107,107,Professor,Aaron,Dillon,Corporate,Married,Male,1971-06-21,2015-12-02,,EAST,Professor Aaron Dillon
108,108,Mr.,Charles,Davis,Corporate,Married,Female,1991-05-26,2002-08-20,,SOUTH,Mr. Charles Davis
109,109,Dr.,Nathan,Martin,Corporate,Married,Male,1971-11-13,2010-03-30,,NORTH,Dr. Nathan Martin
110,110,Ms.,Brian,Williams,Consumer,Divorced,Female,1987-03-24,2007-08-16,,WEST,Ms. Brian Williams
111,111,Professor,Allison,Kirby,SME,Widowed,Female,1993-12-05,2003-05-02,,NORTH,Professor Allison Kirby
112,112,Professor,Karen,Potter,Consumer,Divorced,Male,1983-11-04,2010-03-19,,NORTH,Professor Karen Potter
113,113,Mr.,Henry,White,Corporate,Widowed,Male,1978-07-19,2010-08-10,,SOUTH,Mr. Henry White
114,114,Professor,Bonnie,Jones,Consumer,Widowed,Female,1979-10-14,2002-04-02,,SOUTH,Professor Bonnie Jones
115,115,Dr.,Xander,Jones,Corporate,Widowed,Female,1963-11-07,2001-09-04,,EAST,Dr. Xander Jones
116,116,Ms.,Ursula,Williams,SME,Divorced,Female,1997-11-15,2008-07-10,,SOUTH,Ms. Ursula Williams
117,117,Mrs.,Tina,Williams,Corporate,Single,Male,1975-10-13,2005-02-06,,EAST,Mrs. Tina Williams
118,118,Ms.,Olivia,Garcia,Consumer,Divorced,Female,1952-08-06,2001-01-11,,EAST,Ms. Olivia Garcia
119,119,Mrs.,Liam,White,SME,Widowed,Male,1971-11-28,2011-11-30,,NORTH,Mrs. Liam White
120,120,Professor,Fiona,Williams,Corporate,Married,Male,1984-04-27,2013-11-24,,WEST,Professor Fiona Williams
121,121,Ms.,Olivia,Dillon,Corporate,Single,Female,1991-03-26,2005-09-22,,WEST,Ms. Olivia Dillon
122,122,Ms.,Charles,Harris,SME,Widowed,Female,1976-11-02,2014-05-01,,WEST,Ms. Charles Harris
123,123,Mrs.,Brian,Anderson,Consumer,Single,Female,1984-07-06,2010-11-02,,SOUTH,Mrs. Brian Anderson
124,124,Ms.,Samuel,Anderson,Corporate,Widowed,Male,1951-12-20,2014-10-06,,NORTH,Ms. Samuel Anderson
125,125,Ms.,Tina,Martin,Consumer,Divorced,Male,1970-08-24,2013-08-13,,EAST,Ms. Tina Martin
126,126,Mr.,Victor,Jones,Consumer,Widowed,Female,1953-07-15,2006-12-05,,NORTH,Mr. Victor Jones
127,127,Ms.,Charles,Anderson,Consumer,Married,Female,1987-04-12,2003-12-09,,WEST,Ms. Charles Anderson
128,128,Ms.,Allison,Garcia,Consumer,Divorced,Female,1993-03-25,2006-08-14,,NORTH,Ms. Allison Garcia
129,129,Dr.,Edward,Davis,Corporate,Single,Male,2000-01-01,2008-03-15,,EAST,Dr. Edward Davis
130,130,Dr.,Rachel,Brown,SME,Divorced,Female,1983-01-25,2015-02-02,,NORTH,Dr. Rachel Brown
131,131,Dr.,Diana,Davis,SME,Divorced,Male,1952-03-31,2013-11-23,,NORTH,Dr. Diana Davis
132,132,Ms.,Ursula,Harris,Consumer,Married,Male,1986-08-19,2002-08-13,,EAST,Ms. Ursula Harris
133,133,Mr.,Patrick,Brown,Corporate,Married,Female,1971-01-24,2012-01-21,,NORTH,Mr. Patrick Brown
134,134,Dr.,Victor,Potter,Corporate,Single,Female,1963-11-12,2009-04-21,,NORTH,Dr. Victor Potter
135,135,Mrs.,Bonnie,Thomas,Corporate,Married,Male,1989-10-11,2009-12-21,,NORTH,Mrs. Bonnie Thomas
136,136,Ms.,Rachel,Dillon,Consumer,Divorced,Male,1955-06-08,2008-12-05,,NORTH,Ms. Rachel Dillon
137,137,Professor,Charles,Miller,Consumer,Divorced,Male,1951-12-01,2001-02-18,,SOUTH,Professor Charles Miller
138,138,Mrs.,Charles,Potter,Consumer,Divorced,Male,1969-05-17,2005-03-23,,WEST,Mrs. Charles Potter
139,139,Mrs.,Brian,Jones,Consumer,Married,Male,1998-06-19,2005-08-15,,NORTH,Mrs. Brian Jones
140,140,Mrs.,Aaron,Thomas,Corporate,Married,Male,1979-01-18,2000-05-09,,WEST,Mrs. Aaron Thomas
141,141,Professor,Xander,White,Corporate,Widowed,Female,1960-03-13,2001-06-04,,WEST,Professor Xander White
142,142,Mrs.,Olivia,Thompson,Corporate,Divorced,Male,1953-11-21,2014-10-11,,EAST,Mrs. Olivia Thompson
143,143,Dr.,Patrick,Jackson,Consumer,Widowed,Male,1959-09-08,2010-12-30,,EAST,Dr. Patrick Jackson
144,144,Mr.,Tina,Jones,Corporate,Divorced,Female,1961-04-28,2006-03-02,,NORTH,Mr. Tina Jones
145,145,Dr.,Quinn,Tyson,SME,Single,Male,1958-11-24,2015-09-27,,SOUTH,Dr. Quinn Tyson
146,146,Dr.,Olivia,Davis,Corporate,Widowed,Male,1980-05-29,2010-03-04,,SOUTH,Dr. Olivia Davis
147,147,Ms.,Nathan,Taylor,Consumer,Widowed,Male,1983-08-01,2003-06-04,,NORTH,Ms. Nathan Taylor
148,148,Mr.,Charles,White,SME,Single,Female,1983-06-07,2002-12-01,,EAST,Mr. Charles White
149,149,Dr.,Nathan,Thomas,Corporate,Divorced,Male,1954-08-13,2006-06-14,,EAST,Dr. Nathan Thomas
150,150,Mrs.,Edward,Martin,Consumer,Divorced,Female,1959-09-17,2007-11-08,,WEST,Mrs. Edward Martin
151,151,Professor,Zachary,White,Consumer,Divorced,Male,1999-12-13,2000-08-03,,WEST,Professor Zachary White
152,152,Ms.,Wendy,Anderson,Consumer,Married,Female,1981-06-29,2000-02-20,,NORTH,Ms. Wendy Anderson
153,153,Mr.,Edward,Dillon,Corporate,Married,Female,1958-03-26,2011-11-24,,EAST,Mr. Edward Dillon
154,154,Ms.,Karen,Garcia,Consumer,Single,Male,1977-12-16,2007-04-11,,SOUTH,Ms. Karen Garcia
155,155,Mr.,Yvonne,Tyson,SME,Widowed,Female,1957-04-27,2006-02-07,,WEST,Mr. Yvonne Tyson
156,156,Dr.,Tina,Harris,Corporate,Single,Female,1974-07-05,2004-10-31,,SOUTH,Dr. Tina Harris
157,157,Dr.,James,Kirby,Consumer,Divorced,Male,1997-04-10,2014-12-18,,EAST,Dr. James Kirby
158,158,Mr.,Tina,Johnson,Consumer,Married,Female,1968-05-04,2006-10-05,,SOUTH,Mr. Tina Johnson
159,159,Mr.,Karen,Brown,Consumer,Married,Female,1994-08-16,2009-08-28,,NORTH,Mr. Karen Brown
160,160,Ms.,Quinn,Potter,Corporate,Single,Male,1956-06-19,2008-11-26,,WEST,Ms. Quinn Potter
161,161,Professor,Charles,Taylor,SME,Widowed,Female,1988-07-06,2012-11-10,,SOUTH,Professor Charles Taylor
162,162,Mr.,Diana,Jackson,SME,Widowed,Female,1979-02-20,2003-11-08,,NORTH,Mr. Diana Jackson
163,163,Mrs.,Nathan,Brown,SME,Widowed,Male,1989-02-01,2013-03-17,,EAST,Mrs. Nathan Brown
164,164,Ms.,Brian,Anderson,Consumer,Married,Male,1969-11-17,2007-06-21,,SOUTH,Ms. Brian Anderson
165,165,Ms.,Catherine,Thomas,Consumer,Single,Female,1963-04-02,2005-04-19,,WEST,Ms. Catherine Thomas
166,166,Mrs.,Fiona,Tyson,Corporate,Widowed,Female,1956-10-05,2003-12-22,,WEST,Mrs. Fiona Tyson
167,167,Ms.,Brian,Dillon,Corporate,Single,Female,1963-07-18,2009-11-11,,NORTH,Ms. Brian Dillon
168,168,Professor,Zachary,Wilson,Corporate,Single,Female,1955-01-15,2007-11-23,,NORTH,Professor Zachary Wilson
169,169,Ms.,Bonnie,Johnson,SME,Single,Female,1975-10-03,2001-09-20,,SOUTH,Ms. Bonnie Johnson
170,170,Mr.,Samuel,Potter,Corporate,Married,Female,1990-05-07,2012-10-27,,SOUTH,Mr. Samuel Potter
171,171,Mr.,Bonnie,Harris,Consumer,Married,Male,1980-10-23,2001-11-21,,WEST,Mr. Bonnie Harris
172,172,Professor,Olivia,Thompson,Corporate,Divorced,Female,1964-03-29,2008-02-29,,SOUTH,Professor Olivia Thompson
173,173,Professor,Yvonne,Taylor,Consumer,Divorced,Female,1954-09-12,2014-02-24,,SOUTH,Professor Yvonne Taylor
174,174,Ms.,Rachel,Jackson,Corporate,Married,Male,1972-08-10,2014-09-22,,EAST,Ms. Rachel Jackson
175,175,Dr.,Liam,Anderson,Corporate,Single,Female,1961-07-27,2013-05-06,,WEST,Dr. Liam Anderson
176,176,Professor,Allison,Jones,SME,Widowed,Female,1958-05-21,2014-06-28,,NORTH,Professor Allison Jones
177,177,Mrs.,Liam,Anderson,Consumer,Widowed,Male,1969-03-20,2007-08-31,,EAST,Mrs. Liam Anderson
178,178,Ms.,Edward,Williams,SME,Single,Female,1959-01-28,2011-05-21,,WEST,Ms. Edward Williams
179,179,Mrs.,Tina,Jackson,SME,Married,Female,1964-07-22,2004-01-21,,WEST,Mrs. Tina Jackson
180,180,Mrs.,Nathan,Thomas,SME,Divorced,Female,1989-11-07,2013-09-10,,EAST,Mrs. Nathan Thomas
181,181,Ms.,Rachel,Davis,SME,Divorced,Female,1992-01-29,2004-05-08,,WEST,Ms. Rachel Davis
182,182,Dr.,Yvonne,Anderson,Consumer,Widowed,Male,1995-02-13,2011-10-30,,SOUTH,Dr. Yvonne Anderson
183,183,Mr.,Brian,Wilson,SME,Single,Male,1993-02-11,2008-04-28,,WEST,Mr. Brian Wilson
184,184,Ms.,Charles,Garcia,Corporate,Married,Male,1990-04-24,2011-07-07,,NORTH,Ms. Charles Garcia
185,185,Ms.,Allison,Harris,Corporate,Single,Female,1952-05-23,2009-04-21,,WEST,Ms. Allison Harris
186,186,Ms.,Megan,Williams,Consumer,Divorced,Female,1970-02-22,2000-08-18,,WEST,Ms. Megan Williams
187,187,Ms.,Edward,Johnson,SME,Married,Female,1992-05-21,2015-08-12,,WEST,Ms. Edward Johnson
188,188,Mr.,Tina,Smith,Consumer,Married,Female,1951-09-15,2005-09-27,,SOUTH,Mr. Tina Smith
189,189,Mrs.,Yvonne,Anderson,Consumer,Single,Female,1977-01-07,2002-09-25,,EAST,Mrs. Yvonne Anderson
190,190,Dr.,Charles,Brown,SME,Married,Male,1998-02-03,2000-05-14,,SOUTH,Dr. Charles Brown
191,191,Professor,Nathan,Smith,Consumer,Widowed,Male,1981-08-27,2005-05-24,,NORTH,Professor Nathan Smith
192,192,Professor,Charles,Thompson,Corporate,Single,Female,1995-07-08,2011-05-21,,NORTH,Professor Charles Thompson
193,193,Ms.,Ursula,Jackson,Consumer,Divorced,Female,1972-10-03,2000-05-13,,EAST,Ms. Ursula Jackson
194,194,Mr.,Xander,Dillon,Corporate,Single,Female,1979-10-31,2002-12-28,,WEST,Mr. Xander Dillon
195,195,Dr.,Allison,Harris,SME,Single,Female,1966-05-09,2003-01-09,,WEST,Dr. Allison Harris
196,196,Mr.,James,Miller,Corporate,Divorced,Female,1967-11-24,2000-12-09,,EAST,Mr. James Miller
197,197,Mrs.,Irene,Johnson,SME,Single,Female,1975-09-02,2008-01-03,,SOUTH,Mrs. Irene Johnson
198,198,Dr.,Diana,Thomas,Corporate,Widowed,Male,1985-11-20,2009-11-11,,NORTH,Dr. Diana Thomas
199,199,Ms.,Wendy,Martin,SME,Single,Female,1996-08-02,2005-12-24,,SOUTH,Ms. Wendy Martin
200,200,Mrs.,Nathan,Tyson,Consumer,Divorced,Male,1998-12-09,2006-08-03,,EAST,Mrs. Nathan Tyson
201,201,Ms.,Victor,Anderson,Consumer,Widowed,Female,1990-01-02,2013-07-07,,NORTH,Ms. Victor Anderson
202,202,Ms.,Olivia,Johnson,Consumer,Single,Female,1989-01-08,2006-02-27,,NORTH,Ms. Olivia Johnson
203,203,Mr.,Quinn,Garcia,Consumer,Widowed,Male,1962-10-23,2013-08-17,,NORTH,Mr. Quinn Garcia
204,204,Ms.,Henry,Dillon,SME,Single,Male,1982-06-28,2008-08-02,,EAST,Ms. Henry Dillon
205,205,Dr.,Liam,Thomas,SME,Married,Female,1956-11-24,2012-11-14,,SOUTH,Dr. Liam Thomas
206,206,Ms.,Karen,Dillon,SME,Single,Male,1972-05-24,2002-07-18,,SOUTH,Ms. Karen Dillon
207,207,Professor,Quinn,Jackson,SME,Divorced,Female,1960-07-25,2005-11-14,,SOUTH,Professor Quinn Jackson
208,208,Dr.,Tina,Anderson,Consumer,Married,Female,1967-12-17,2002-10-01,,WEST,Dr. Tina Anderson
209,209,Mr.,Catherine,Harris,SME,Divorced,Male,1978-09-03,2014-12-23,,WEST,Mr. Catherine Harris
210,210,Mrs.,Catherine,Anderson,Consumer,Married,Male,1965-08-14,2008-02-09,,NORTH,Mrs. Catherine Anderson
211,211,Mr.,Henry,Martin,Corporate,Divorced,Male,1982-05-18,2012-06-04,,WEST,Mr. Henry Martin
212,212,Dr.,Charles,Anderson,Corporate,Widowed,Male,1992-12-10,2011-10-16,,EAST,Dr. Charles Anderson
213,213,Mr.,Karen,Dillon,Consumer,Divorced,Male,1990-05-15,2010-06-13,,WEST,Mr. Karen Dillon
214,214,Mr.,Nathan,Thompson,Corporate,Married,Male,1961-02-20,2011-08-15,,WEST,Mr. Nathan Thompson
215,215,Ms.,Karen,Davis,Corporate,Single,Male,1996-07-21,2006-05-15,,WEST,Ms. Karen Davis
216,216,Ms.,Edward,Dillon,SME,Married,Male,1997-11-11,2002-02-04,,NORTH,Ms. Edward Dillon
217,217,Professor,Victor,Tyson,Consumer,Single,Male,1980-04-16,2012-08-22,,WEST,Professor Victor Tyson
218,218,Ms.,Ursula,Kirby,SME,Widowed,Male,1968-11-29,2012-10-30,,EAST,Ms. Ursula Kirby
219,219,Professor,Catherine,Dillon,Corporate,Divorced,Male,1975-12-27,2014-05-25,,SOUTH,Professor Catherine Dillon
220,220,Mr.,James,Harris,Corporate,Widowed,Female,1955-05-18,2003-07-18,,SOUTH,Mr. James Harris
221,221,Professor,Gwendolyn,Taylor,SME,Divorced,Female,1962-11-21,2007-01-04,,SOUTH,Professor Gwendolyn Taylor
222,222,Professor,Edward,Thomas,Consumer,Divorced,Female,2000-05-22,2002-05-19,,SOUTH,Professor Edward Thomas
223,223,Mrs.,Irene,Harris,Corporate,Single,Female,1962-08-22,2002-03-04,,EAST,Mrs. Irene Harris
224,224,Ms.,Henry,Garcia,Corporate,Married,Female,1978-01-21,2004-04-04,,SOUTH,Ms. Henry Garcia
225,225,Dr.,Catherine,Anderson,SME,Widowed,Female,1952-01-30,2002-01-07,,SOUTH,Dr. Catherine Anderson
226,226,Ms.,Gwendolyn,Kirby,Corporate,Divorced,Female,1954-05-14,2001-02-18,,WEST,Ms. Gwendolyn Kirby
227,227,Mr.,Rachel,Smith,SME,Divorced,Female,1988-08-29,2003-01-02,,NORTH,Mr. Rachel Smith
228,228,Dr.,Liam,Johnson,Corporate,Married,Female,1954-08-04,2012-10-15,,SOUTH,Dr. Liam Johnson
229,229,Dr.,Megan,Thompson,Consumer,Single,Male,1999-05-01,2006-04-10,,EAST,Dr. Megan Thompson
230,230,Professor,Liam,Taylor,SME,Married,Female,1982-10-20,2003-03-27,,SOUTH,Professor Liam Taylor
231,231,Mrs.,Bonnie,Johnson,Consumer,Widowed,Male,1979-11-18,2010-08-16,,EAST,Mrs. Bonnie Johnson
232,232,Mrs.,Tina,Taylor,SME,Divorced,Female,1985-04-03,2013-10-29,,NORTH,Mrs. Tina Taylor
233,233,Ms.,Wendy,Kirby,Corporate,Divorced,Male,1992-08-09,2000-05-16,,SOUTH,Ms. Wendy Kirby
234,234,Mr.,Samuel,Anderson,SME,Married,Male,1992-07-30,2005-12-15,,SOUTH,Mr. Samuel Anderson
235,235,Professor,Fiona,Thompson,Consumer,Married,Male,1984-02-10,2003-04-25,,SOUTH,Professor Fiona Thompson
236,236,Ms.,Aaron,Harris,SME,Widowed,Male,1987-07-28,2003-05-25,,WEST,Ms. Aaron Harris
237,237,Dr.,Quinn,Tyson,SME,Married,Male,1955-08-03,2015-10-30,,SOUTH,Dr. Quinn Tyson
238,238,Professor,Victor,Martin,Corporate,Married,Female,1983-10-22,2007-01-14,,NORTH,Professor Victor Martin
239,239,Ms.,Victor,Dillon,Corporate,Married,Female,1993-06-09,2004-04-24,,NORTH,Ms. Victor Dillon
240,240,Mrs.,James,Anderson,Corporate,Widowed,Female,1993-11-14,2007-02-10,,WEST,Mrs. James Anderson
241,241,Professor,Diana,Kirby,Consumer,Divorced,Female,1984-01-24,2008-11-06,,NORTH,Professor Diana Kirby
242,242,Ms.,James,Williams,SME,Divorced,Female,1989-09-08,2014-09-17,,EAST,Ms. James Williams
243,243,Ms.,Gwendolyn,Potter,Consumer,Divorced,Male,2000-06-03,2015-08-13,,WEST,Ms. Gwendolyn Potter
244,244,Professor,Henry,Johnson,Consumer,Married,Male,1970-03-31,2014-04-23,,WEST,Professor Henry Johnson
245,245,Mr.,Karen,Martin,Corporate,Married,Female,1962-05-02,2000-02-12,,SOUTH,Mr. Karen Martin
246,246,Ms.,Ursula,Miller,Consumer,Single,Male,1978-10-25,2006-05-27,,SOUTH,Ms. Ursula Miller
247,247,Mrs.,Fiona,White,Consumer,Widowed,Female,1953-04-05,2008-11-26,,EAST,Mrs. Fiona White
248,248,Professor,Aaron,Anderson,Corporate,Divorced,Female,1959-08-18,2007-07-07,,EAST,Professor Aaron Anderson
249,249,Dr.,Brian,Thompson,Corporate,Single,Male,1974-06-24,2004-04-28,,WEST,Dr. Brian Thompson
250,250,Mrs.,Ursula,Wilson,SME,Divorced,Male,1951-04-07,2007-07-24,,SOUTH,Mrs. Ursula Wilson
251,251,Dr.,Tina,Dillon,Consumer,Divorced,Female,1988-05-15,2011-07-23,,WEST,Dr. Tina Dillon
252,252,Dr.,Fiona,Jones,Corporate,Single,Female,1979-01-12,2005-07-25,,EAST,Dr. Fiona Jones
253,253,Ms.,Olivia,Wilson,Corporate,Single,Female,1977-02-02,2013-01-23,,WEST,Ms. Olivia Wilson
254,254,Dr.,Bonnie,Brown,SME,Widowed,Female,1977-07-11,2003-08-01,,WEST,Dr. Bonnie Brown
255,255,Ms.,Ursula,Anderson,Corporate,Married,Male,1969-10-24,2004-11-30,,EAST,Ms. Ursula Anderson
256,256,Ms.,Xander,Tyson,SME,Widowed,Male,1987-04-23,2015-09-29,,SOUTH,Ms. Xander Tyson
257,257,Mr.,Victor,Tyson,Consumer,Divorced,Male,1997-02-22,2010-01-07,,WEST,Mr. Victor Tyson
258,258,Professor,Allison,Potter,Consumer,Married,Female,1968-02-20,2012-11-04,,EAST,Professor Allison Potter
259,259,Professor,Diana,Miller,Consumer,Widowed,Female,1993-11-08,2002-01-14,,SOUTH,Professor Diana Miller
260,260,Dr.,Quinn,White,SME,Widowed,Female,2000-08-04,2001-04-17,,WEST,Dr. Quinn White
261,261,Mr.,Megan,Wilson,Consumer,Single,Female,1969-07-20,2012-12-20,,EAST,Mr. Megan Wilson
262,262,Professor,Wendy,Williams,Consumer,Widowed,Female,1955-05-29,2001-07-19,,NORTH,Professor Wendy Williams
263,263,Dr.,Fiona,Jones,Corporate,Widowed,Female,1983-08-06,2008-07-30,,SOUTH,Dr. Fiona Jones
264,264,Mrs.,Victor,Potter,SME,Married,Female,1981-03-14,2002-08-29,,EAST,Mrs. Victor Potter
265,265,Mr.,Xander,Davis,SME,Widowed,Female,1952-01-15,2006-09-10,,WEST,Mr. Xander Davis
266,266,Mrs.,Allison,Davis,Corporate,Married,Male,1991-04-29,2007-10-06,,SOUTH,Mrs. Allison Davis
267,267,Professor,Bonnie,White,Consumer,Married,Male,1951-05-28,2005-05-25,,EAST,Professor Bonnie White
268,268,Mr.,Olivia,Tyson,Corporate,Widowed,Male,1971-12-16,2000-12-28,,EAST,Mr. Olivia Tyson
269,269,Mrs.,Yvonne,Johnson,SME,Married,Female,1995-03-17,2006-06-27,,WEST,Mrs. Yvonne Johnson
270,270,Mrs.,Henry,Anderson,Corporate,Widowed,Female,1996-10-06,2004-12-15,,NORTH,Mrs. Henry Anderson
271,271,Mrs.,Rachel,Kirby,Consumer,Widowed,Female,1988-04-29,2012-06-19,,EAST,Mrs. Rachel Kirby
272,272,Ms.,Zachary,Thompson,Corporate,Married,Female,1987-05-09,2009-02-26,,SOUTH,Ms. Zachary Thompson
273,273,Dr.,Yvonne,Potter,SME,Divorced,Male,1971-08-15,2005-01-20,,WEST,Dr. Yvonne Potter
274,274,Dr.,Bonnie,Potter,Corporate,Married,Male,1987-05-15,2012-07-01,,SOUTH,Dr. Bonnie Potter
275,275,Mr.,Gwendolyn,Taylor,SME,Single,Male,1990-05-09,2008-04-27,,NORTH,Mr. Gwendolyn Taylor
276,276,Professor,Irene,Jackson,SME,Married,Male,1953-07-19,2001-08-19,,EAST,Professor Irene Jackson
277,277,Ms.,Gwendolyn,Taylor,SME,Married,Male,1951-05-18,2004-10-01,,SOUTH,Ms. Gwendolyn Taylor
278,278,Mrs.,Henry,Tyson,Corporate,Divorced,Female,1985-08-01,2005-05-14,,SOUTH,Mrs. Henry Tyson
279,279,Ms.,Rachel,Dillon,SME,Divorced,Female,1977-09-02,2005-11-12,,SOUTH,Ms. Rachel Dillon
280,280,Ms.,Diana,Martin,Corporate,Divorced,Male,1968-03-23,2008-04-24,,SOUTH,Ms. Diana Martin
281,281,Mr.,Xander,Jones,Corporate,Widowed,Male,1973-05-25,2012-05-29,,WEST,Mr. Xander Jones
282,282,Dr.,Karen,Davis,Corporate,Divorced,Female,1972-01-18,2011-03-14,,WEST,Dr. Karen Davis
283,283,Ms.,Olivia,Garcia,Consumer,Widowed,Male,1965-03-09,2003-02-20,,SOUTH,Ms. Olivia Garcia
284,284,Mr.,Allison,Williams,SME,Married,Male,1950-07-29,2009-04-01,,EAST,Mr. Allison Williams
285,285,Mr.,Wendy,Jones,Corporate,Widowed,Male,1969-08-16,2011-05-05,,EAST,Mr. Wendy Jones
286,286,Mr.,Victor,Martin,Consumer,Widowed,Male,1950-08-05,2011-12-08,,SOUTH,Mr. Victor Martin
287,287,Mr.,Rachel,Anderson,Consumer,Widowed,Male,1995-01-21,2015-08-26,,NORTH,Mr. Rachel Anderson
288,288,Mrs.,Quinn,Jones,Corporate,Divorced,Female,1967-03-22,2013-11-25,,EAST,Mrs. Quinn Jones
289,289,Dr.,Charles,Thomas,SME,Married,Male,1991-03-07,2012-09-02,,SOUTH,Dr. Charles Thomas
290,290,Mr.,Victor,Williams,Corporate,Widowed,Female,1958-05-22,2009-02-02,,NORTH,Mr. Victor Williams
291,291,Mrs.,Ursula,Smith,SME,Widowed,Female,1957-06-02,2011-03-18,,EAST,Mrs. Ursula Smith
292,292,Mr.,Catherine,Thompson,Corporate,Widowed,Male,1970-08-12,2004-09-27,,EAST,Mr. Catherine Thompson
293,293,Professor,Victor,Wilson,Consumer,Single,Female,2000-07-22,2014-10-05,,EAST,Professor Victor Wilson
294,294,Mrs.,Gwendolyn,Kirby,Consumer,Divorced,Male,1985-09-25,2001-09-22,,EAST,Mrs. Gwendolyn Kirby
295,295,Ms.,Victor,Potter,SME,Single,Female,1984-06-08,2003-02-20,,SOUTH,Ms. Victor Potter
296,296,Mrs.,Diana,White,Corporate,Widowed,Male,1956-10-26,2007-08-22,,EAST,Mrs. Diana White
297,297,Dr.,Zachary,Harris,Corporate,Widowed,Male,1970-06-20,2007-12-24,,NORTH,Dr. Zachary Harris
298,298,Ms.,Charles,Tyson,Consumer,Single,Female,1972-02-10,2015-12-29,,SOUTH,Ms. Charles Tyson
299,299,Mrs.,Megan,Dillon,Consumer,Divorced,Male,1984-12-15,2007-02-07,,WEST,Mrs. Megan Dillon
300,300,Ms.,James,Harris,Consumer,Married,Male,1974-03-15,2002-04-17,,EAST,Ms. James Harris
301,301,Professor,Olivia,Potter,Consumer,Single,Male,1995-12-22,2009-02-24,,SOUTH,Professor Olivia Potter
302,302,Professor,Rachel,Williams,Corporate,Single,Female,1979-02-08,2008-08-21,,NORTH,Professor Rachel Williams
303,303,Professor,Yvonne,Williams,SME,Married,Female,1971-10-12,2012-10-29,,SOUTH,Professor Yvonne Williams
304,304,Ms.,Edward,Wilson,Consumer,Married,Male,1974-01-30,2011-01-22,,WEST,Ms. Edward Wilson
305,305,Ms.,Irene,White,Corporate,Divorced,Male,1993-06-11,2001-09-22,,SOUTH,Ms. Irene White
306,306,Mrs.,Tina,Tyson,Corporate,Married,Male,1991-01-29,2002-05-26,,SOUTH,Mrs. Tina Tyson
307,307,Dr.,Karen,Tyson,Corporate,Divorced,Male,1979-07-26,2009-11-15,,SOUTH,Dr. Karen Tyson
308,308,Mrs.,Karen,Tyson,Corporate,Married,Female,1992-12-22,2007-01-17,,NORTH,Mrs. Karen Tyson
309,309,Dr.,Xander,Dillon,Corporate,Widowed,Female,1971-10-01,2007-04-23,,NORTH,Dr. Xander Dillon
310,310,Mrs.,Diana,Kirby,SME,Single,Female,1998-12-14,2004-01-13,,NORTH,Mrs. Diana Kirby
311,311,Mr.,Olivia,Anderson,Consumer,Widowed,Female,1986-09-15,2015-02-04,,WEST,Mr. Olivia Anderson
312,312,Dr.,Irene,Jones,SME,Widowed,Female,1983-10-28,2001-08-28,,WEST,Dr. Irene Jones
313,313,Dr.,Rachel,Thompson,SME,Divorced,Male,1998-10-10,2000-10-28,,SOUTH,Dr. Rachel Thompson
314,314,Ms.,Yvonne,Davis,SME,Single,Female,1964-12-03,2014-07-06,,EAST,Ms. Yvonne Davis
315,315,Mr.,Zachary,White,Consumer,Divorced,Male,1950-12-12,2002-03-18,,NORTH,Mr. Zachary White
316,316,Dr.,Liam,Jackson,Consumer,Divorced,Female,1994-11-25,2003-05-19,,SOUTH,Dr. Liam Jackson
317,317,Mr.,James,White,Corporate,Divorced,Female,1960-05-31,2003-03-06,,EAST,Mr. James White
318,318,Professor,Zachary,Miller,Consumer,Widowed,Female,1993-04-29,2007-10-24,,SOUTH,Professor Zachary Miller
319,319,Ms.,Karen,Williams,Consumer,Single,Female,1954-01-04,2015-12-10,,SOUTH,Ms. Karen Williams
320,320,Mrs.,Victor,Garcia,Corporate,Married,Female,1996-04-17,2003-11-30,,EAST,Mrs. Victor Garcia
321,321,Mrs.,Henry,Jackson,Corporate,Widowed,Male,1966-09-21,2014-05-13,,SOUTH,Mrs. Henry Jackson
322,322,Dr.,Olivia,Kirby,Consumer,Married,Female,1984-11-19,2000-02-06,,WEST,Dr. Olivia Kirby
323,323,Professor,Samuel,Brown,Consumer,Divorced,Female,1966-10-10,2008-03-15,,EAST,Professor Samuel Brown
324,324,Professor,Irene,Martin,SME,Widowed,Female,1978-02-12,2013-05-22,,EAST,Professor Irene Martin
325,325,Dr.,Liam,Thomas,SME,Divorced,Male,1965-06-24,2015-02-09,,EAST,Dr. Liam Thomas
326,326,Mrs.,Karen,Brown,Corporate,Married,Male,1977-05-25,2002-08-16,,WEST,Mrs. Karen Brown
327,327,Mrs.,Nathan,Tyson,Corporate,Married,Male,1984-06-04,2009-06-27,,SOUTH,Mrs. Nathan Tyson
328,328,Mrs.,Patrick,Anderson,SME,Widowed,Male,1966-10-14,2007-01-21,,WEST,Mrs. Patrick Anderson
329,329,Mrs.,Aaron,Martin,Corporate,Widowed,Female,1967-07-04,2008-08-11,,NORTH,Mrs. Aaron Martin
330,330,Dr.,Wendy,Harris,Consumer,Single,Female,1965-01-02,2001-11-08,,SOUTH,Dr. Wendy Harris
331,331,Professor,Irene,Davis,SME,Widowed,Female,1975-11-25,2003-10-09,,EAST,Professor Irene Davis
332,332,Ms.,Samuel,Brown,SME,Single,Female,1998-09-22,2008-03-24,,EAST,Ms. Samuel Brown
333,333,Mrs.,Nathan,Brown,Corporate,Widowed,Female,1976-09-16,2000-09-21,,WEST,Mrs. Nathan Brown
334,334,Mrs.,Olivia,Brown,SME,Divorced,Female,1968-10-30,2013-03-09,,EAST,Mrs. Olivia Brown
335,335,Mrs.,Tina,Jones,SME,Divorced,Female,1968-07-26,2001-05-01,,WEST,Mrs. Tina Jones
336,336,Ms.,Karen,Anderson,Consumer,Single,Female,1973-12-26,2011-07-16,,WEST,Ms. Karen Anderson
337,337,Mrs.,Irene,Dillon,SME,Married,Female,1961-11-27,2005-08-07,,EAST,Mrs. Irene Dillon
338,338,Dr.,Yvonne,Jackson,SME,Divorced,Female,1962-10-03,2012-12-13,,WEST,Dr. Yvonne Jackson
339,339,Mr.,Olivia,Williams,SME,Divorced,Female,1986-02-21,2011-07-25,,SOUTH,Mr. Olivia Williams
340,340,Professor,Patrick,Taylor,SME,Widowed,Female,1950-03-23,2002-02-02,,SOUTH,Professor Patrick Taylor
341,341,Dr.,Zachary,Potter,Corporate,Married,Female,1969-07-17,2009-08-20,,EAST,Dr. Zachary Potter
342,342,Ms.,Allison,Anderson,SME,Married,Female,1999-02-07,2012-12-17,,NORTH,Ms. Allison Anderson
343,343,Mr.,Catherine,Johnson,Consumer,Widowed,Male,1958-12-07,2014-01-16,,NORTH,Mr. Catherine Johnson
344,344,Mr.,Olivia,Harris,SME,Married,Female,1988-05-19,2004-07-15,,WEST,Mr. Olivia Harris
345,345,Mr.,Brian,Wilson,Corporate,Single,Male,1982-05-03,2005-08-13,,WEST,Mr. Brian Wilson
346,346,Ms.,Megan,Dillon,SME,Single,Male,1971-01-03,2009-08-17,,EAST,Ms. Megan Dillon
347,347,Mr.,Gwendolyn,Martin,SME,Married,Female,1961-11-27,2013-04-25,,EAST,Mr. Gwendolyn Martin
348,348,Mr.,Aaron,Taylor,Corporate,Married,Male,1987-11-21,2015-07-26,,EAST,Mr. Aaron Taylor
349,349,Mr.,Megan,Williams,Corporate,Divorced,Male,1959-04-05,2007-01-10,,WEST,Mr. Megan Williams
350,350,Mrs.,Yvonne,Jones,SME,Single,Male,1956-02-20,2011-11-24,,SOUTH,Mrs. Yvonne Jones
351,351,Mrs.,Liam,Miller,Consumer,Widowed,Male,1986-12-08,2013-10-25,,SOUTH,Mrs. Liam Miller
352,352,Professor,Edward,Brown,Corporate,Widowed,Male,1984-06-14,2007-11-19,,EAST,Professor Edward Brown
353,353,Mr.,Irene,Dillon,SME,Divorced,Male,1972-04-06,2012-05-30,,WEST,Mr. Irene Dillon
354,354,Professor,Gwendolyn,Thompson,Corporate,Widowed,Male,1995-09-18,2004-03-25,,NORTH,Professor Gwendolyn Thompson
355,355,Mr.,Patrick,Jackson,SME,Single,Male,1971-08-18,2011-03-16,,WEST,Mr. Patrick Jackson
356,356,Dr.,Karen,Jones,SME,Divorced,Male,2000-12-28,2009-06-09,,NORTH,Dr. Karen Jones
357,357,Mr.,Yvonne,Williams,Consumer,Divorced,Male,1956-01-22,2000-04-22,,SOUTH,Mr. Yvonne Williams
358,358,Professor,Zachary,Jackson,Corporate,Widowed,Female,1975-09-14,2014-02-05,,EAST,Professor Zachary Jackson
359,359,Professor,Ursula,Potter,Corporate,Single,Male,1963-09-13,2006-03-23,,EAST,Professor Ursula Potter
360,360,Professor,Zachary,Jones,Corporate,Single,Female,1979-04-25,2008-10-05,,WEST,Professor Zachary Jones
361,361,Mr.,Bonnie,Davis,SME,Widowed,Male,1988-12-24,2002-08-08,,WEST,Mr. Bonnie Davis
362,362,Mr.,Victor,Garcia,SME,Married,Male,1951-02-20,2015-11-17,,NORTH,Mr. Victor Garcia
363,363,Professor,Patrick,Thomas,Corporate,Married,Male,1996-05-27,2005-10-24,,WEST,Professor Patrick Thomas
364,364,Mr.,Xander,Brown,SME,Divorced,Male,1980-01-21,2009-08-18,,NORTH,Mr. Xander Brown
365,365,Mr.,Wendy,Kirby,Consumer,Divorced,Female,1994-07-06,2010-03-17,,NORTH,Mr. Wendy Kirby
366,366,Ms.,Liam,Garcia,Consumer,Single,Male,1959-03-26,2012-11-14,,WEST,Ms. Liam Garcia
367,367,Mrs.,Brian,Smith,Corporate,Divorced,Male,1954-02-15,2010-07-31,,EAST,Mrs. Brian Smith
368,368,Professor,Brian,Johnson,Consumer,Divorced,Female,1987-08-16,2005-01-13,,WEST,Professor Brian Johnson
369,369,Professor,Irene,Williams,Consumer,Single,Male,1983-06-13,2002-09-05,,NORTH,Professor Irene Williams
370,370,Dr.,Megan,Williams,Consumer,Divorced,Female,1975-04-30,2006-12-20,,EAST,Dr. Megan Williams
371,371,Ms.,Liam,Miller,Corporate,Married,Female,2000-07-31,2006-10-25,,EAST,Ms. Liam Miller
372,372,Professor,Yvonne,Miller,Corporate,Single,Male,1971-12-29,2003-05-18,,SOUTH,Professor Yvonne Miller
373,373,Mr.,Rachel,Thomas,SME,Widowed,Female,1980-01-21,2000-01-12,,WEST,Mr. Rachel Thomas
374,374,Mrs.,Gwendolyn,Thompson,Consumer,Single,Female,1987-08-31,2011-01-13,,EAST,Mrs. Gwendolyn Thompson
375,375,Professor,Bonnie,Davis,Corporate,Divorced,Male,1987-01-22,2015-09-20,,EAST,Professor Bonnie Davis
376,376,Dr.,Quinn,Jones,Corporate,Single,Male,1956-09-18,2013-04-10,,EAST,Dr. Quinn Jones
377,377,Ms.,James,Wilson,Corporate,Divorced,Female,1985-04-03,2015-09-19,,WEST,Ms. James Wilson
378,378,Mrs.,Henry,Williams,Consumer,Single,Male,1962-03-19,2013-02-10,,NORTH,Mrs. Henry Williams
379,379,Ms.,Olivia,Harris,Consumer,Divorced,Female,1986-06-21,2002-09-16,,WEST,Ms. Olivia Harris
380,380,Mr.,Olivia,Wilson,SME,Divorced,Male,1958-02-10,2003-07-15,,NORTH,Mr. Olivia Wilson
381,381,Mrs.,Allison,Taylor,Corporate,Married,Female,1958-03-08,2015-12-13,,WEST,Mrs. Allison Taylor
382,382,Ms.,Victor,Anderson,Corporate,Widowed,Male,1965-08-07,2000-09-11,,EAST,Ms. Victor Anderson
383,383,Mrs.,Olivia,Brown,Consumer,Single,Male,1960-11-23,2000-04-07,,EAST,Mrs. Olivia Brown
384,384,Ms.,Allison,Jackson,Consumer,Divorced,Male,1957-07-16,2013-01-22,,WEST,Ms. Allison Jackson
385,385,Dr.,Gwendolyn,Dillon,Consumer,Divorced,Male,1961-07-22,2002-01-23,,EAST,Dr. Gwendolyn Dillon
386,386,Professor,Bonnie,Garcia,Consumer,Widowed,Female,1988-11-10,2008-11-09,,SOUTH,Professor Bonnie Garcia
387,387,Mrs.,Fiona,Thomas,Corporate,Divorced,Male,1966-10-16,2006-03-02,,SOUTH,Mrs. Fiona Thomas
388,388,Professor,Tina,Tyson,Corporate,Divorced,Female,1972-01-19,2014-07-08,,EAST,Professor Tina Tyson
389,389,Ms.,Bonnie,Williams,Consumer,Widowed,Male,1984-05-12,2003-01-29,,SOUTH,Ms. Bonnie Williams
390,390,Dr.,Megan,Thomas,SME,Divorced,Female,1998-11-07,2010-11-14,,EAST,Dr. Megan Thomas
391,391,Mr.,Irene,Garcia,Consumer,Married,Female,1978-08-10,2013-05-23,,SOUTH,Mr. Irene Garcia
392,392,Professor,Zachary,Martin,Consumer,Married,Male,1982-01-25,2013-02-05,,EAST,Professor Zachary Martin
393,393,Ms.,Victor,Davis,SME,Married,Female,1997-11-17,2001-04-03,,WEST,Ms. Victor Davis
394,394,Mrs.,Allison,Garcia,SME,Divorced,Female,1971-03-23,2013-04-15,,NORTH,Mrs. Allison Garcia
395,395,Professor,Wendy,Thomas,Corporate,Married,Female,2000-07-25,2003-03-10,,EAST,Professor Wendy Thomas
396,396,Mr.,Patrick,Johnson,Consumer,Married,Female,1955-01-15,2005-03-20,,WEST,Mr. Patrick Johnson
397,397,Mrs.,Karen,Tyson,Corporate,Married,Male,1961-09-15,2007-08-23,,EAST,Mrs. Karen Tyson
398,398,Mrs.,Edward,Kirby,Consumer,Divorced,Female,1959-12-14,2011-10-21,,EAST,Mrs. Edward Kirby
399,399,Ms.,Samuel,Brown,Consumer,Married,Female,1977-01-27,2007-03-27,,SOUTH,Ms. Samuel Brown
400,400,Mrs.,Ursula,Taylor,Consumer,Divorced,Male,2000-06-01,2015-07-22,,SOUTH,Mrs. Ursula Taylor
401,401,Mrs.,James,Anderson,SME,Widowed,Male,1965-12-11,2000-01-15,,SOUTH,Mrs. James Anderson
402,402,Professor,Tina,Taylor,Corporate,Single,Male,1969-10-26,2014-05-06,,WEST,Professor Tina Taylor
403,403,Mrs.,Xander,Williams,SME,Married,Male,1981-02-11,2007-03-02,,NORTH,Mrs. Xander Williams
404,404,Ms.,Olivia,Smith,Corporate,Single,Female,1968-10-23,2005-08-06,,NORTH,Ms. Olivia Smith
405,405,Mr.,Xander,Smith,Consumer,Widowed,Female,1984-08-16,2009-10-29,,EAST,Mr. Xander Smith
406,406,Ms.,Catherine,Jackson,Corporate,Single,Male,1998-12-27,2008-06-01,,SOUTH,Ms. Catherine Jackson
407,407,Mr.,Olivia,Williams,Corporate,Divorced,Male,1976-06-16,2000-06-13,,WEST,Mr. Olivia Williams
408,408,Dr.,Karen,Garcia,Corporate,Single,Female,1964-06-08,2001-09-06,,EAST,Dr. Karen Garcia
409,409,Mrs.,Nathan,Dillon,Consumer,Single,Female,1988-12-14,2003-07-10,,EAST,Mrs. Nathan Dillon
410,410,Professor,Gwendolyn,White,Corporate,Divorced,Male,1998-06-16,2005-12-13,,WEST,Professor Gwendolyn White
411,411,Professor,Bonnie,Jackson,Consumer,Married,Female,1999-04-25,2011-01-04,,EAST,Professor Bonnie Jackson
412,412,Ms.,Nathan,Williams,Consumer,Single,Male,1993-02-03,2004-06-23,,EAST,Ms. Nathan Williams
413,413,Mr.,Ursula,Anderson,Corporate,Divorced,Female,1992-06-26,2002-08-04,,WEST,Mr. Ursula Anderson
414,414,Mr.,Catherine,Wilson,Corporate,Married,Female,1998-10-25,2008-09-09,,SOUTH,Mr. Catherine Wilson
415,415,Mr.,Fiona,Harris,Corporate,Widowed,Male,1973-08-15,2009-11-11,,NORTH,Mr. Fiona Harris
416,416,Mrs.,Samuel,Johnson,SME,Divorced,Female,1958-09-04,2001-12-03,,NORTH,Mrs. Samuel Johnson
417,417,Dr.,Rachel,Johnson,SME,Widowed,Male,1996-11-18,2009-05-22,,WEST,Dr. Rachel Johnson
418,418,Dr.,James,Williams,Consumer,Married,Female,1953-02-11,2011-04-06,,SOUTH,Dr. James Williams
419,419,Mrs.,Fiona,Miller,Consumer,Widowed,Female,1961-04-27,2000-12-15,,WEST,Mrs. Fiona Miller
420,420,Mrs.,Allison,Dillon,Consumer,Single,Female,1973-02-19,2007-03-04,,WEST,Mrs. Allison Dillon
421,421,Ms.,Rachel,Taylor,SME,Single,Female,1996-08-16,2010-04-11,,SOUTH,Ms. Rachel Taylor
422,422,Mrs.,Nathan,Jones,Consumer,Single,Male,2000-10-31,2013-03-09,,EAST,Mrs. Nathan Jones
423,423,Ms.,Brian,Potter,SME,Widowed,Female,1986-11-12,2005-12-03,,NORTH,Ms. Brian Potter
424,424,Ms.,Bonnie,Garcia,Consumer,Widowed,Female,1986-02-25,2003-03-24,,SOUTH,Ms. Bonnie Garcia
425,425,Mr.,Wendy,Davis,Consumer,Divorced,Female,1992-08-19,2006-01-09,,NORTH,Mr. Wendy Davis
426,426,Dr.,James,Wilson,Corporate,Married,Female,1958-10-24,2005-02-10,,NORTH,Dr. James Wilson
427,427,Professor,Irene,White,Consumer,Widowed,Female,1958-01-04,2004-03-19,,NORTH,Professor Irene White
428,428,Ms.,Yvonne,Thompson,Consumer,Married,Female,1955-01-16,2011-07-23,,SOUTH,Ms. Yvonne Thompson
429,429,Professor,Edward,Thompson,Consumer,Married,Male,1952-08-06,2003-11-24,,SOUTH,Professor Edward Thompson
430,430,Mr.,Bonnie,Harris,Corporate,Married,Female,1982-05-01,2015-10-21,,WEST,Mr. Bonnie Harris
431,431,Mr.,Quinn,Jackson,Corporate,Divorced,Female,1952-09-28,2005-06-04,,SOUTH,Mr. Quinn Jackson
432,432,Professor,Brian,Martin,Consumer,Divorced,Female,1999-06-19,2007-11-05,,WEST,Professor Brian Martin
433,433,Dr.,James,Smith,Consumer,Married,Male,1954-06-15,2003-08-27,,EAST,Dr. James Smith
434,434,Dr.,Irene,Dillon,Corporate,Single,Male,1996-01-19,2000-06-13,,WEST,Dr. Irene Dillon
435,435,Mrs.,Tina,Smith,SME,Divorced,Female,1972-08-23,2013-08-23,,WEST,Mrs. Tina Smith
436,436,Ms.,Catherine,Jackson,Corporate,Married,Female,1991-03-07,2005-08-26,,SOUTH,Ms. Catherine Jackson
437,437,Mr.,Samuel,Brown,SME,Divorced,Female,1995-11-22,2014-11-09,,SOUTH,Mr. Samuel Brown
438,438,Dr.,Victor,Brown,SME,Divorced,Female,1955-09-23,2007-07-17,,NORTH,Dr. Victor Brown
439,439,Ms.,Irene,Dillon,Consumer,Married,Female,1966-11-25,2003-05-13,,NORTH,Ms. Irene Dillon
440,440,Mr.,Victor,Jones,Corporate,Divorced,Female,1994-08-15,2006-08-18,,NORTH,Mr. Victor Jones
441,441,Professor,Xander,Johnson,SME,Married,Female,1967-01-15,2007-09-12,,SOUTH,Professor Xander Johnson
442,442,Mrs.,Quinn,Anderson,Consumer,Divorced,Female,2000-01-31,2004-01-23,,NORTH,Mrs. Quinn Anderson
443,443,Professor,Xander,Wilson,SME,Divorced,Male,1966-06-04,2015-03-31,,WEST,Professor Xander Wilson
444,444,Ms.,Liam,Davis,Corporate,Divorced,Female,1987-09-22,2007-06-07,,WEST,Ms. Liam Davis
445,445,Dr.,Brian,Brown,Corporate,Single,Male,1954-10-25,2014-03-24,,SOUTH,Dr. Brian Brown
446,446,Professor,Brian,Jackson,Consumer,Single,Male,1976-10-07,2009-04-07,,EAST,Professor Brian Jackson
447,447,Professor,Karen,White,SME,Divorced,Male,1991-01-19,2003-03-19,,WEST,Professor Karen White
448,448,Mrs.,Patrick,Taylor,Consumer,Single,Female,1978-02-12,2014-03-25,,EAST,Mrs. Patrick Taylor
449,449,Professor,Gwendolyn,Garcia,Consumer,Single,Female,1964-03-19,2010-12-24,,NORTH,Professor Gwendolyn Garcia
450,450,Dr.,Megan,White,SME,Single,Male,1984-05-22,2000-02-08,,SOUTH,Dr. Megan White
451,451,Professor,Aaron,Taylor,SME,Single,Male,1967-02-05,2000-05-26,,NORTH,Professor Aaron Taylor
452,452,Ms.,Wendy,Thomas,SME,Widowed,Female,1961-07-26,2002-04-21,,WEST,Ms. Wendy Thomas
453,453,Ms.,Charles,Johnson,Corporate,Divorced,Male,1976-02-03,2010-03-23,,WEST,Ms. Charles Johnson
454,454,Ms.,Catherine,Martin,Consumer,Widowed,Male,1966-11-27,2003-09-12,,NORTH,Ms. Catherine Martin
455,455,Mrs.,Xander,Jones,Consumer,Married,Female,1951-12-20,2013-03-23,,WEST,Mrs. Xander Jones
456,456,Ms.,Megan,Dillon,SME,Single,Male,1997-12-22,2013-12-22,,EAST,Ms. Megan Dillon
457,457,Mr.,Ursula,Smith,Corporate,Widowed,Male,1960-05-22,2009-05-07,,EAST,Mr. Ursula Smith
458,458,Mrs.,Patrick,Jones,SME,Widowed,Male,1950-11-01,2006-10-02,,NORTH,Mrs. Patrick Jones
459,459,Mrs.,Tina,Tyson,Corporate,Single,Male,1987-07-30,2002-05-09,,NORTH,Mrs. Tina Tyson
460,460,Professor,Patrick,Miller,Corporate,Married,Female,1967-12-03,2005-11-24,,EAST,Professor Patrick Miller
461,461,Professor,Fiona,Johnson,Corporate,Widowed,Male,1994-07-13,2004-08-28,,NORTH,Professor Fiona Johnson
462,462,Mr.,Aaron,Williams,SME,Single,Male,1994-04-30,2003-05-06,,EAST,Mr. Aaron Williams
463,463,Mrs.,Catherine,Wilson,Corporate,Divorced,Male,1990-12-23,2006-08-22,,EAST,Mrs. Catherine Wilson
464,464,Mr.,Allison,Garcia,Corporate,Divorced,Male,1976-01-26,2008-01-29,,EAST,Mr. Allison Garcia
465,465,Mr.,Brian,Johnson,Corporate,Married,Female,1962-06-01,2014-11-17,,EAST,Mr. Brian Johnson
466,466,Mr.,Tina,Wilson,Consumer,Married,Female,1983-06-07,2007-09-08,,SOUTH,Mr. Tina Wilson
467,467,Dr.,Olivia,Wilson,Consumer,Married,Male,1992-11-27,2009-06-16,,SOUTH,Dr. Olivia Wilson
468,468,Mr.,Brian,Garcia,SME,Widowed,Female,1987-04-29,2013-04-01,,EAST,Mr. Brian Garcia
469,469,Ms.,Tina,Jackson,Corporate,Married,Female,1952-08-02,2015-05-09,,WEST,Ms. Tina Jackson
470,470,Dr.,Catherine,White,SME,Divorced,Female,1954-02-15,2001-06-02,,EAST,Dr. Catherine White
471,471,Professor,Wendy,Thompson,SME,Divorced,Male,2000-09-09,2005-01-08,,EAST,Professor Wendy Thompson
472,472,Dr.,Victor,Davis,Consumer,Widowed,Male,1981-01-07,2014-11-20,,SOUTH,Dr. Victor Davis
473,473,Professor,Ursula,Garcia,Consumer,Married,Female,1992-02-07,2011-02-13,,EAST,Professor Ursula Garcia
474,474,Ms.,Henry,Taylor,SME,Married,Female,1954-07-08,2011-05-15,,NORTH,Ms. Henry Taylor
475,475,Mr.,Allison,Davis,Consumer,Widowed,Female,1991-03-10,2009-12-17,,SOUTH,Mr. Allison Davis
476,476,Dr.,Karen,Brown,Corporate,Widowed,Male,1951-08-06,2002-04-20,,SOUTH,Dr. Karen Brown
477,477,Professor,Allison,Williams,SME,Married,Female,1977-04-30,2011-05-27,,EAST,Professor Allison Williams
478,478,Mrs.,Liam,Johnson,SME,Widowed,Female,1990-10-09,2007-06-12,,NORTH,Mrs. Liam Johnson
479,479,Mrs.,Diana,Brown,SME,Divorced,Female,1950-03-13,2007-08-28,,SOUTH,Mrs. Diana Brown
480,480,Mr.,Wendy,Brown,SME,Married,Female,1964-09-23,2011-01-16,,NORTH,Mr. Wendy Brown
481,481,Mrs.,Irene,Tyson,Consumer,Widowed,Female,1966-10-29,2002-09-16,,EAST,Mrs. Irene Tyson
482,482,Mr.,Wendy,Taylor,Corporate,Single,Female,1987-03-09,2001-01-15,,WEST,Mr. Wendy Taylor
483,483,Professor,Patrick,Smith,SME,Widowed,Female,1954-05-11,2012-05-29,,WEST,Professor Patrick Smith
484,484,Mrs.,Wendy,Kirby,SME,Widowed,Female,1961-07-08,2002-04-28,,WEST,Mrs. Wendy Kirby
485,485,Mrs.,Nathan,Tyson,Corporate,Divorced,Female,1974-07-19,2008-12-03,,SOUTH,Mrs. Nathan Tyson
486,486,Professor,Edward,White,SME,Divorced,Male,1995-12-17,2006-09-14,,WEST,Professor Edward White
487,487,Ms.,Gwendolyn,Tyson,SME,Married,Male,1980-12-23,2015-01-30,,WEST,Ms. Gwendolyn Tyson
488,488,Ms.,Wendy,Brown,SME,Widowed,Female,2000-06-11,2010-10-10,,NORTH,Ms. Wendy Brown
489,489,Professor,Zachary,Smith,Consumer,Widowed,Male,1959-07-21,2000-07-26,,SOUTH,Professor Zachary Smith
490,490,Mrs.,Gwendolyn,Wilson,Consumer,Divorced,Male,1975-09-18,2015-04-30,,EAST,Mrs. Gwendolyn Wilson
491,491,Mr.,Gwendolyn,Potter,SME,Single,Male,1982-03-07,2010-02-24,,NORTH,Mr. Gwendolyn Potter
492,492,Ms.,Henry,Thompson,Corporate,Widowed,Female,1954-03-20,2008-07-22,,SOUTH,Ms. Henry Thompson
493,493,Mrs.,Aaron,Wilson,SME,Divorced,Male,1989-10-01,2005-01-21,,EAST,Mrs. Aaron Wilson
494,494,Mrs.,James,Harris,SME,Married,Male,1956-09-06,2004-03-11,,WEST,Mrs. James Harris
495,495,Ms.,Bonnie,White,Consumer,Married,Female,1999-12-08,2005-12-04,,SOUTH,Ms. Bonnie White
496,496,Mrs.,Karen,Harris,SME,Divorced,Male,1953-08-01,2003-06-13,,EAST,Mrs. Karen Harris
497,497,Professor,Patrick,Kirby,SME,Divorced,Male,1982-02-15,2001-08-20,,NORTH,Professor Patrick Kirby
498,498,Professor,Quinn,Williams,Consumer,Widowed,Female,1964-04-19,2009-04-30,,WEST,Professor Quinn Williams
499,499,Ms.,Catherine,Miller,Consumer,Divorced,Female,1979-09-14,2008-02-03,,WEST,Ms. Catherine Miller
500,500,Dr.,Diana,Thomas,Consumer,Married,Female,1971-07-25,2014-05-28,,EAST,Dr. Diana Thomas
501,501,Dr.,Zachary,Brown,Consumer,Divorced,Female,1973-01-07,2012-02-12,,SOUTH,Dr. Zachary Brown
502,502,Ms.,Patrick,Johnson,Consumer,Single,Male,1967-04-10,2007-03-09,,SOUTH,Ms. Patrick Johnson
503,503,Mrs.,Ursula,Williams,Consumer,Widowed,Male,1969-02-15,2015-05-16,,EAST,Mrs. Ursula Williams
504,504,Mrs.,Ursula,Williams,Consumer,Divorced,Male,1952-02-18,2010-04-19,,SOUTH,Mrs. Ursula Williams
505,505,Ms.,Bonnie,Garcia,Corporate,Married,Female,2000-01-26,2001-07-31,,EAST,Ms. Bonnie Garcia
506,506,Dr.,Olivia,Dillon,Corporate,Single,Male,1988-11-06,2007-02-04,,SOUTH,Dr. Olivia Dillon
507,507,Mr.,Ursula,Tyson,Corporate,Single,Male,1954-01-31,2015-09-20,,EAST,Mr. Ursula Tyson
508,508,Professor,Zachary,Anderson,Corporate,Widowed,Female,1957-10-05,2006-04-25,,NORTH,Professor Zachary Anderson
509,509,Professor,Patrick,Garcia,SME,Widowed,Female,1969-09-22,2003-01-22,,EAST,Professor Patrick Garcia
510,510,Ms.,James,Dillon,Consumer,Married,Male,1951-01-01,2012-05-31,,WEST,Ms. James Dillon
511,511,Dr.,Samuel,Tyson,Corporate,Single,Male,1998-03-11,2012-04-12,,EAST,Dr. Samuel Tyson
512,512,Professor,Gwendolyn,White,Consumer,Married,Female,1962-10-12,2003-08-11,,NORTH,Professor Gwendolyn White
513,513,Professor,Diana,Garcia,SME,Widowed,Male,1954-11-18,2012-04-23,,WEST,Professor Diana Garcia
514,514,Ms.,Victor,Williams,Corporate,Widowed,Female,1958-10-23,2004-06-05,,NORTH,Ms. Victor Williams
515,515,Mrs.,Victor,Dillon,Consumer,Single,Female,1958-12-23,2006-05-24,,WEST,Mrs. Victor Dillon
516,516,Professor,Olivia,Taylor,SME,Married,Female,1977-06-04,2015-07-21,,SOUTH,Professor Olivia Taylor
517,517,Mr.,Nathan,Garcia,SME,Married,Female,1978-02-06,2005-07-09,,NORTH,Mr. Nathan Garcia
518,518,Mrs.,Allison,Thomas,Corporate,Widowed,Female,1979-09-30,2010-10-06,,NORTH,Mrs. Allison Thomas
519,519,Mr.,Patrick,Potter,Corporate,Single,Male,1965-10-08,2014-06-24,,NORTH,Mr. Patrick Potter
520,520,Mr.,Irene,Dillon,SME,Single,Female,1956-10-06,2000-06-01,,WEST,Mr. Irene Dillon
521,521,Ms.,Bonnie,Potter,SME,Widowed,Male,1998-10-04,2012-02-08,,WEST,Ms. Bonnie Potter
522,522,Professor,Megan,Davis,SME,Widowed,Male,1976-02-09,2003-01-01,,NORTH,Professor Megan Davis
523,523,Mr.,Liam,Thompson,SME,Married,Male,1971-06-07,2013-10-09,,SOUTH,Mr. Liam Thompson
524,524,Professor,Fiona,Garcia,SME,Married,Female,2000-10-05,2014-10-15,,SOUTH,Professor Fiona Garcia
525,525,Dr.,Bonnie,Davis,Corporate,Divorced,Male,1970-10-16,2001-05-29,,NORTH,Dr. Bonnie Davis
526,526,Professor,Victor,Miller,Corporate,Widowed,Male,1982-05-30,2008-09-14,,EAST,Professor Victor Miller
527,527,Mr.,Ursula,Taylor,SME,Divorced,Female,1996-10-10,2014-03-18,,EAST,Mr. Ursula Taylor
528,528,Dr.,Megan,Dillon,SME,Single,Female,1982-10-10,2013-03-07,,WEST,Dr. Megan Dillon
529,529,Dr.,Henry,Thompson,Corporate,Widowed,Male,1981-08-29,2007-09-27,,SOUTH,Dr. Henry Thompson
530,530,Mrs.,Olivia,Garcia,Consumer,Divorced,Male,1956-12-01,2011-07-17,,WEST,Mrs. Olivia Garcia
531,531,Professor,Fiona,Thomas,Corporate,Married,Female,1960-08-13,2014-10-29,,WEST,Professor Fiona Thomas
532,532,Dr.,Patrick,Martin,SME,Married,Female,1968-11-26,2013-04-01,,EAST,Dr. Patrick Martin
533,533,Mrs.,Henry,Johnson,SME,Single,Male,1964-06-15,2003-01-08,,EAST,Mrs. Henry Johnson
534,534,Mrs.,Fiona,Wilson,SME,Single,Female,1996-05-08,2009-02-03,,EAST,Mrs. Fiona Wilson
535,535,Professor,Gwendolyn,Harris,Consumer,Married,Female,1992-04-17,2010-10-20,,EAST,Professor Gwendolyn Harris
536,536,Mrs.,Zachary,Kirby,SME,Married,Female,1995-10-30,2005-12-06,,WEST,Mrs. Zachary Kirby
537,537,Mr.,Tina,Kirby,Consumer,Widowed,Male,1970-08-14,2008-06-25,,SOUTH,Mr. Tina Kirby
538,538,Professor,Gwendolyn,Thompson,Consumer,Single,Female,1987-08-30,2003-05-10,,EAST,Professor Gwendolyn Thompson
539,539,Professor,Catherine,Potter,SME,Widowed,Male,1960-07-17,2002-02-02,,EAST,Professor Catherine Potter
540,540,Dr.,Catherine,Dillon,Consumer,Divorced,Female,1996-11-01,2009-06-08,,EAST,Dr. Catherine Dillon
541,541,Dr.,Zachary,Martin,Corporate,Single,Male,1981-06-12,2013-03-18,,WEST,Dr. Zachary Martin
542,542,Mr.,Patrick,Davis,Corporate,Widowed,Male,1975-06-01,2013-06-02,,NORTH,Mr. Patrick Davis
543,543,Professor,Wendy,Smith,Corporate,Single,Male,1996-11-17,2002-08-23,,EAST,Professor Wendy Smith
544,544,Mr.,Nathan,Thomas,Corporate,Divorced,Female,1963-11-20,2009-07-22,,NORTH,Mr. Nathan Thomas
545,545,Dr.,Tina,Wilson,Consumer,Widowed,Female,1968-04-10,2009-04-08,,NORTH,Dr. Tina Wilson
546,546,Professor,Irene,Anderson,SME,Widowed,Male,1980-11-22,2015-10-28,,SOUTH,Professor Irene Anderson
547,547,Dr.,Xander,Davis,SME,Married,Female,1964-07-07,2002-04-01,,EAST,Dr. Xander Davis
548,548,Professor,Zachary,Potter,SME,Widowed,Male,1954-09-02,2003-08-09,,NORTH,Professor Zachary Potter
549,549,Dr.,Allison,Jones,Corporate,Single,Male,1989-01-22,2001-12-23,,EAST,Dr. Allison Jones
550,550,Mr.,Charles,Tyson,SME,Divorced,Male,1984-06-24,2008-12-26,,NORTH,Mr. Charles Tyson
551,551,Dr.,Ursula,Martin,Consumer,Divorced,Male,1950-12-17,2004-07-10,,WEST,Dr. Ursula Martin
552,552,Mr.,Tina,Garcia,Consumer,Single,Male,1982-04-10,2005-05-13,,WEST,Mr. Tina Garcia
553,553,Ms.,Yvonne,Jackson,SME,Married,Male,1985-06-14,2009-02-03,,NORTH,Ms. Yvonne Jackson
554,554,Ms.,Charles,Potter,Corporate,Divorced,Female,2000-02-29,2013-01-27,,EAST,Ms. Charles Potter
555,555,Dr.,Tina,Miller,Corporate,Single,Male,1986-03-29,2012-11-22,,WEST,Dr. Tina Miller
556,556,Professor,Quinn,Brown,Corporate,Divorced,Male,1956-06-29,2011-04-14,,SOUTH,Professor Quinn Brown
557,557,Professor,Catherine,Potter,Corporate,Widowed,Female,1972-06-10,2015-07-27,,NORTH,Professor Catherine Potter
558,558,Dr.,Yvonne,Taylor,Corporate,Single,Male,1991-05-02,2013-02-28,,WEST,Dr. Yvonne Taylor
559,559,Mrs.,Charles,Jackson,Corporate,Widowed,Male,1970-08-18,2007-01-30,,NORTH,Mrs. Charles Jackson
560,560,Mr.,Henry,Anderson,Consumer,Divorced,Male,1985-10-16,2015-02-09,,NORTH,Mr. Henry Anderson
561,561,Mrs.,Karen,Thomas,Corporate,Married,Male,1974-02-21,2004-02-06,,SOUTH,Mrs. Karen Thomas
562,562,Ms.,Xander,Davis,Consumer,Married,Female,1968-07-20,2005-02-20,,WEST,Ms. Xander Davis
563,563,Mr.,Yvonne,Brown,SME,Widowed,Male,1957-01-15,2015-02-27,,WEST,Mr. Yvonne Brown
564,564,Ms.,Brian,Martin,Corporate,Divorced,Male,1978-04-19,2011-01-16,,EAST,Ms. Brian Martin
565,565,Professor,Megan,Davis,Corporate,Widowed,Male,1961-07-04,2001-03-19,,NORTH,Professor Megan Davis
566,566,Dr.,Megan,Garcia,Corporate,Widowed,Male,1960-10-19,2015-08-30,,NORTH,Dr. Megan Garcia
567,567,Dr.,Victor,Miller,SME,Divorced,Female,1959-01-15,2007-04-19,,EAST,Dr. Victor Miller
568,568,Mrs.,Rachel,Wilson,Corporate,Divorced,Male,1974-03-03,2010-07-28,,WEST,Mrs. Rachel Wilson
569,569,Dr.,Nathan,Miller,Corporate,Widowed,Female,1983-05-27,2008-03-09,,SOUTH,Dr. Nathan Miller
570,570,Professor,Samuel,Jones,Consumer,Divorced,Female,1970-07-04,2002-03-29,,WEST,Professor Samuel Jones
571,571,Mrs.,Gwendolyn,Jones,Corporate,Married,Female,1992-06-07,2000-03-20,,SOUTH,Mrs. Gwendolyn Jones
572,572,Professor,Catherine,Dillon,Corporate,Widowed,Female,1997-11-27,2007-01-30,,WEST,Professor Catherine Dillon
573,573,Mrs.,Megan,Brown,Corporate,Divorced,Male,1955-05-22,2004-10-31,,EAST,Mrs. Megan Brown
574,574,Ms.,Xander,Taylor,Corporate,Divorced,Male,1982-05-21,2008-01-30,,SOUTH,Ms. Xander Taylor
575,575,Professor,Diana,Thomas,Corporate,Married,Female,1967-11-07,2012-12-08,,SOUTH,Professor Diana Thomas
576,576,Dr.,Victor,Thompson,SME,Widowed,Female,1990-02-05,2001-10-04,,NORTH,Dr. Victor Thompson
577,577,Mrs.,Ursula,Jones,Consumer,Widowed,Male,1980-04-08,2009-06-17,,SOUTH,Mrs. Ursula Jones
578,578,Ms.,Karen,Davis,SME,Divorced,Female,1978-06-06,2014-08-24,,WEST,Ms. Karen Davis
579,579,Ms.,Irene,Harris,Consumer,Widowed,Male,1996-09-26,2010-02-05,,SOUTH,Ms. Irene Harris
580,580,Ms.,Edward,Davis,Corporate,Married,Male,1957-03-08,2004-09-21,,EAST,Ms. Edward Davis
581,581,Professor,Charles,Martin,SME,Widowed,Male,1954-10-30,2000-08-03,,EAST,Professor Charles Martin
582,582,Mrs.,Irene,Tyson,Corporate,Widowed,Male,1957-07-25,2014-09-08,,EAST,Mrs. Irene Tyson
583,583,Dr.,Xander,Anderson,Consumer,Married,Male,1961-05-05,2002-12-11,,WEST,Dr. Xander Anderson
584,584,Dr.,Brian,Taylor,SME,Divorced,Female,1991-11-30,2012-02-15,,NORTH,Dr. Brian Taylor
585,585,Mrs.,Wendy,Potter,SME,Widowed,Female,1990-12-17,2014-02-25,,WEST,Mrs. Wendy Potter
586,586,Mrs.,Patrick,Potter,Corporate,Divorced,Female,1958-01-13,2009-11-28,,NORTH,Mrs. Patrick Potter
587,587,Mr.,Edward,Anderson,Corporate,Married,Female,1950-01-04,2011-09-27,,NORTH,Mr. Edward Anderson
588,588,Dr.,Rachel,Smith,Corporate,Single,Female,1992-10-19,2006-09-20,,SOUTH,Dr. Rachel Smith
589,589,Professor,Zachary,Smith,SME,Widowed,Female,1983-07-10,2004-03-24,,WEST,Professor Zachary Smith
590,590,Dr.,Henry,Garcia,Consumer,Divorced,Female,1983-12-12,2004-12-12,,SOUTH,Dr. Henry Garcia
591,591,Ms.,Quinn,Tyson,Corporate,Divorced,Male,1975-07-17,2014-07-18,,WEST,Ms. Quinn Tyson
592,592,Ms.,Fiona,Jones,SME,Widowed,Female,1959-11-26,2014-04-14,,EAST,Ms. Fiona Jones
593,593,Dr.,Wendy,Tyson,Consumer,Single,Male,1966-11-06,2007-03-11,,NORTH,Dr. Wendy Tyson
594,594,Ms.,Fiona,Brown,SME,Widowed,Male,1974-02-24,2002-10-21,,EAST,Ms. Fiona Brown
595,595,Mr.,Charles,Jones,Corporate,Divorced,Female,1994-04-13,2004-11-14,,WEST,Mr. Charles Jones
596,596,Mr.,Liam,Harris,Consumer,Married,Female,1979-08-18,2001-10-19,,SOUTH,Mr. Liam Harris
597,597,Dr.,Charles,Potter,Corporate,Divorced,Male,1966-04-17,2004-04-23,,SOUTH,Dr. Charles Potter
598,598,Dr.,Yvonne,Davis,Consumer,Single,Female,1989-09-27,2005-07-17,,EAST,Dr. Yvonne Davis
599,599,Dr.,Quinn,Miller,Corporate,Divorced,Male,1984-11-28,2015-04-14,,EAST,Dr. Quinn Miller
600,600,Professor,Xander,Potter,SME,Widowed,Female,1960-12-16,2005-09-06,,EAST,Professor Xander Potter
601,601,Mrs.,Liam,Johnson,Corporate,Widowed,Male,1960-02-18,2005-04-17,,WEST,Mrs. Liam Johnson
602,602,Professor,Zachary,Wilson,Consumer,Married,Male,1960-09-25,2008-11-16,,WEST,Professor Zachary Wilson
603,603,Mrs.,Wendy,Tyson,Consumer,Married,Female,1983-04-27,2002-01-03,,SOUTH,Mrs. Wendy Tyson
604,604,Ms.,Victor,Tyson,SME,Divorced,Male,1955-05-22,2001-05-04,,EAST,Ms. Victor Tyson
605,605,Mrs.,Edward,Martin,Corporate,Divorced,Male,1978-06-01,2012-07-10,,EAST,Mrs. Edward Martin
606,606,Ms.,Wendy,Jackson,Corporate,Single,Female,1962-02-01,2005-08-15,,EAST,Ms. Wendy Jackson
607,607,Mrs.,Rachel,Martin,Corporate,Divorced,Female,2000-11-03,2004-03-08,,NORTH,Mrs. Rachel Martin
608,608,Professor,Brian,Tyson,Corporate,Married,Female,1964-05-21,2001-07-18,,NORTH,Professor Brian Tyson
609,609,Dr.,Rachel,Thomas,SME,Widowed,Male,1950-01-24,2014-04-23,,NORTH,Dr. Rachel Thomas
610,610,Professor,Tina,Thomas,SME,Single,Female,1971-06-04,2007-03-12,,EAST,Professor Tina Thomas
611,611,Professor,Quinn,Martin,Corporate,Divorced,Female,1963-10-30,2013-10-01,,WEST,Professor Quinn Martin
612,612,Professor,Diana,Brown,Consumer,Married,Male,1955-12-25,2000-12-24,,NORTH,Professor Diana Brown
613,613,Mrs.,Diana,Martin,SME,Widowed,Female,1958-11-10,2000-09-17,,WEST,Mrs. Diana Martin
614,614,Mrs.,Bonnie,Thomas,SME,Married,Female,1956-05-11,2000-04-17,,NORTH,Mrs. Bonnie Thomas
615,615,Mr.,Olivia,Dillon,Corporate,Widowed,Male,1982-05-19,2012-07-07,,EAST,Mr. Olivia Dillon
616,616,Mr.,Quinn,Johnson,SME,Married,Male,1977-04-07,2001-09-30,,NORTH,Mr. Quinn Johnson
617,617,Professor,Xander,Davis,SME,Married,Male,1984-07-27,2004-04-01,,EAST,Professor Xander Davis
618,618,Dr.,Rachel,Potter,SME,Divorced,Female,1959-06-20,2014-04-28,,WEST,Dr. Rachel Potter
619,619,Mrs.,Catherine,Brown,SME,Widowed,Female,1966-03-09,2012-05-02,,SOUTH,Mrs. Catherine Brown
620,620,Dr.,Rachel,Tyson,Corporate,Divorced,Female,1981-08-10,2007-01-25,,WEST,Dr. Rachel Tyson
621,621,Professor,Allison,Taylor,Corporate,Married,Female,1971-08-06,2012-08-18,,SOUTH,Professor Allison Taylor
622,622,Dr.,Olivia,Harris,SME,Divorced,Male,1950-01-07,2000-10-10,,NORTH,Dr. Olivia Harris
623,623,Mr.,Catherine,Anderson,Corporate,Married,Male,1976-12-11,2004-12-22,,WEST,Mr. Catherine Anderson
624,624,Professor,Rachel,Thompson,Corporate,Single,Female,1963-11-18,2002-02-11,,NORTH,Professor Rachel Thompson
625,625,Ms.,Edward,Wilson,Corporate,Divorced,Male,1972-06-01,2005-03-23,,WEST,Ms. Edward Wilson
626,626,Mr.,Samuel,Miller,Corporate,Married,Male,1979-02-17,2010-10-27,,SOUTH,Mr. Samuel Miller
627,627,Dr.,Bonnie,Kirby,Corporate,Divorced,Female,1957-01-15,2001-04-03,,NORTH,Dr. Bonnie Kirby
628,628,Mrs.,Brian,Brown,Consumer,Widowed,Female,1951-01-10,2014-03-20,,SOUTH,Mrs. Brian Brown
629,629,Professor,Karen,Potter,Consumer,Married,Male,1963-06-03,2007-05-01,,EAST,Professor Karen Potter
630,630,Professor,Olivia,Tyson,Corporate,Married,Female,1995-04-13,2002-01-07,,SOUTH,Professor Olivia Tyson
631,631,Ms.,Edward,Jones,SME,Single,Female,1957-05-28,2010-09-03,,SOUTH,Ms. Edward Jones
632,632,Professor,Charles,Jackson,Consumer,Married,Female,1988-12-24,2015-08-26,,NORTH,Professor Charles Jackson
633,633,Professor,Patrick,Jackson,Consumer,Married,Male,1967-08-05,2012-08-02,,WEST,Professor Patrick Jackson
634,634,Ms.,Yvonne,White,Corporate,Widowed,Female,1958-01-14,2002-07-10,,NORTH,Ms. Yvonne White
635,635,Ms.,Gwendolyn,Taylor,Corporate,Married,Female,1952-03-04,2006-11-02,,NORTH,Ms. Gwendolyn Taylor
636,636,Mrs.,Olivia,Johnson,Consumer,Divorced,Male,1967-12-01,2015-05-16,,WEST,Mrs. Olivia Johnson
637,637,Mrs.,Xander,Johnson,Corporate,Single,Male,1963-04-02,2006-06-14,,EAST,Mrs. Xander Johnson
638,638,Mr.,Olivia,Martin,Consumer,Married,Female,1979-10-10,2004-09-08,,NORTH,Mr. Olivia Martin
639,639,Mr.,Tina,Jones,Corporate,Single,Male,1983-10-15,2013-01-27,,SOUTH,Mr. Tina Jones
640,640,Professor,James,Miller,SME,Widowed,Male,1974-05-04,2001-03-10,,EAST,Professor James Miller
641,641,Ms.,Megan,Wilson,SME,Divorced,Female,1959-09-06,2000-06-05,,EAST,Ms. Megan Wilson
642,642,Mr.,Megan,Thompson,Consumer,Single,Male,1978-04-20,2010-11-14,,WEST,Mr. Megan Thompson
643,643,Mr.,Rachel,Smith,Corporate,Divorced,Female,1972-03-12,2011-11-15,,SOUTH,Mr. Rachel Smith
644,644,Mr.,Xander,Garcia,Corporate,Divorced,Female,1981-02-10,2015-05-07,,SOUTH,Mr. Xander Garcia
645,645,Mr.,Quinn,Wilson,SME,Single,Female,1973-02-12,2008-09-06,,WEST,Mr. Quinn Wilson
646,646,Dr.,Edward,Taylor,SME,Widowed,Male,1962-04-25,2001-12-20,,WEST,Dr. Edward Taylor
647,647,Mrs.,Henry,Kirby,Corporate,Divorced,Male,1988-04-05,2007-01-03,,SOUTH,Mrs. Henry Kirby
648,648,Professor,Ursula,Jones,Consumer,Married,Female,1998-07-27,2015-05-05,,WEST,Professor Ursula Jones
649,649,Professor,Nathan,Jones,SME,Single,Male,1964-03-06,2007-02-13,,WEST,Professor Nathan Jones
650,650,Mr.,Karen,Jones,Corporate,Widowed,Female,1978-08-04,2009-04-14,,WEST,Mr. Karen Jones
651,651,Mr.,Edward,Miller,SME,Single,Female,1961-10-20,2004-02-22,,NORTH,Mr. Edward Miller
652,652,Mrs.,Tina,Davis,SME,Single,Female,1952-05-04,2008-01-22,,WEST,Mrs. Tina Davis
653,653,Dr.,Quinn,Tyson,Corporate,Widowed,Female,1983-07-20,2004-02-16,,WEST,Dr. Quinn Tyson
654,654,Mrs.,Fiona,Miller,Corporate,Single,Female,1952-11-22,2009-03-01,,WEST,Mrs. Fiona Miller
655,655,Mrs.,Xander,Miller,SME,Widowed,Female,1955-12-08,2003-12-21,,WEST,Mrs. Xander Miller
656,656,Mrs.,Brian,Harris,SME,Single,Female,1988-05-11,2009-01-29,,NORTH,Mrs. Brian Harris
657,657,Professor,Megan,Tyson,SME,Single,Male,1998-02-06,2011-10-12,,NORTH,Professor Megan Tyson
658,658,Mrs.,Olivia,Johnson,SME,Widowed,Male,1996-07-14,2012-01-24,,SOUTH,Mrs. Olivia Johnson
659,659,Mr.,Quinn,Dillon,Corporate,Widowed,Female,1967-01-13,2006-07-13,,SOUTH,Mr. Quinn Dillon
660,660,Dr.,Olivia,Garcia,SME,Single,Male,1976-05-31,2013-10-01,,NORTH,Dr. Olivia Garcia
661,661,Dr.,Allison,Dillon,Consumer,Single,Male,1958-02-11,2011-03-25,,SOUTH,Dr. Allison Dillon
662,662,Dr.,Nathan,Taylor,SME,Widowed,Male,1952-03-27,2004-01-05,,SOUTH,Dr. Nathan Taylor
663,663,Ms.,Charles,Wilson,Consumer,Single,Female,1964-09-17,2002-10-09,,SOUTH,Ms. Charles Wilson
664,664,Dr.,Charles,Thompson,Corporate,Married,Female,1995-11-27,2013-09-23,,NORTH,Dr. Charles Thompson
665,665,Ms.,Yvonne,Garcia,Consumer,Married,Male,2000-09-25,2014-10-16,,EAST,Ms. Yvonne Garcia
666,666,Dr.,Yvonne,Johnson,Corporate,Widowed,Male,1977-08-21,2006-12-10,,WEST,Dr. Yvonne Johnson
667,667,Professor,Allison,Kirby,Consumer,Divorced,Female,1950-04-26,2013-12-18,,EAST,Professor Allison Kirby
668,668,Professor,Brian,Martin,Consumer,Widowed,Male,1950-07-08,2013-08-20,,SOUTH,Professor Brian Martin
669,669,Dr.,Olivia,White,Consumer,Single,Female,1957-02-14,2013-06-26,,SOUTH,Dr. Olivia White
670,670,Mrs.,Bonnie,Garcia,Consumer,Divorced,Male,1954-12-10,2014-08-26,,WEST,Mrs. Bonnie Garcia
671,671,Professor,Victor,Kirby,Consumer,Single,Male,1976-10-10,2007-06-05,,EAST,Professor Victor Kirby
672,672,Ms.,Fiona,Garcia,SME,Widowed,Female,2000-06-08,2003-12-24,,SOUTH,Ms. Fiona Garcia
673,673,Ms.,Charles,Anderson,Corporate,Single,Male,1983-01-25,2008-07-01,,EAST,Ms. Charles Anderson
674,674,Mr.,Patrick,Jones,SME,Widowed,Male,1974-08-15,2007-05-20,,NORTH,Mr. Patrick Jones
675,675,Mr.,Tina,Johnson,SME,Widowed,Female,1997-06-15,2001-12-19,,WEST,Mr. Tina Johnson
676,676,Ms.,Tina,Taylor,Consumer,Divorced,Female,1997-02-19,2012-11-24,,SOUTH,Ms. Tina Taylor
677,677,Professor,Patrick,Garcia,Consumer,Divorced,Male,1970-11-17,2015-11-22,,SOUTH,Professor Patrick Garcia
678,678,Mr.,Aaron,Harris,Corporate,Widowed,Male,1968-08-07,2013-10-19,,EAST,Mr. Aaron Harris
679,679,Mrs.,Liam,Potter,SME,Married,Female,1951-01-06,2014-05-14,,NORTH,Mrs. Liam Potter
680,680,Ms.,Zachary,Williams,Consumer,Divorced,Male,1976-12-09,2011-05-13,,NORTH,Ms. Zachary Williams
681,681,Professor,Karen,Jackson,Corporate,Married,Female,1952-08-12,2003-12-09,,NORTH,Professor Karen Jackson
682,682,Mrs.,Patrick,Johnson,SME,Widowed,Female,1993-03-13,2003-06-26,,SOUTH,Mrs. Patrick Johnson
683,683,Mr.,Zachary,White,SME,Divorced,Male,1996-09-30,2006-09-18,,SOUTH,Mr. Zachary White
684,684,Ms.,Samuel,Taylor,Consumer,Divorced,Female,1955-12-10,2003-05-08,,WEST,Ms. Samuel Taylor
685,685,Mrs.,Ursula,Potter,Corporate,Single,Female,1984-12-13,2004-03-15,,SOUTH,Mrs. Ursula Potter
686,686,Mr.,Irene,White,Corporate,Divorced,Female,1994-08-05,2005-04-30,,EAST,Mr. Irene White
687,687,Mrs.,Quinn,Anderson,Consumer,Single,Male,1960-01-26,2008-05-23,,WEST,Mrs. Quinn Anderson
688,688,Dr.,Quinn,Smith,Corporate,Married,Female,1994-11-11,2003-06-16,,SOUTH,Dr. Quinn Smith
689,689,Mrs.,Yvonne,Taylor,Consumer,Married,Male,1958-10-25,2011-07-30,,NORTH,Mrs. Yvonne Taylor
690,690,Mr.,Megan,Thompson,SME,Single,Male,1950-05-15,2006-12-22,,SOUTH,Mr. Megan Thompson
691,691,Mr.,Olivia,Johnson,Consumer,Divorced,Female,1996-09-14,2014-10-12,,NORTH,Mr. Olivia Johnson
692,692,Mrs.,Karen,Miller,Corporate,Divorced,Male,1975-09-17,2006-03-16,,WEST,Mrs. Karen Miller
693,693,Ms.,Edward,Garcia,Consumer,Single,Female,1960-04-08,2000-05-04,,NORTH,Ms. Edward Garcia
694,694,Ms.,Irene,Jones,Corporate,Single,Female,1971-12-19,2003-11-04,,NORTH,Ms. Irene Jones
695,695,Mr.,Bonnie,Jones,Consumer,Single,Female,1992-03-26,2015-02-24,,SOUTH,Mr. Bonnie Jones
696,696,Dr.,Charles,White,SME,Widowed,Female,1966-01-21,2015-10-21,,EAST,Dr. Charles White
697,697,Professor,Karen,Miller,Consumer,Married,Female,1957-01-17,2010-06-11,,NORTH,Professor Karen Miller
698,698,Dr.,Olivia,Anderson,Consumer,Married,Female,1992-03-19,2005-03-13,,EAST,Dr. Olivia Anderson
699,699,Ms.,Megan,Garcia,Consumer,Widowed,Male,1979-02-19,2010-03-02,,NORTH,Ms. Megan Garcia
700,700,Dr.,Diana,Thomas,Corporate,Divorced,Male,1991-05-19,2003-10-31,,SOUTH,Dr. Diana Thomas
1,701,Professor,Yvonne,Harris,SME,Single,Female,1996-05-27,2024-01-15,,WEST,Professor Yvonne Harris
2,702,Dr.,Victor,Brown,Corporate,Widowed,Male,1988-01-24,2024-01-15,,SOUTH,Dr. Victor Brown
3,703,Mrs.,Catherine,Jackson,SME,Married,Male,1986-05-18,2024-01-15,,SOUTH,Mrs. Catherine Jackson
4,704,Dr.,Rachel,Jones,Consumer,Married,Male,1980-01-17,2024-01-15,,EAST,Dr. Rachel Jones
5,705,Ms.,Victor,Garcia,Consumer,Widowed,Female,1970-09-01,2024-01-15,,NORTH,Ms. Victor Garcia
6,706,Professor,Olivia,Brown,SME,Divorced,Female,1995-07-18,2024-01-15,,NORTH,Professor Olivia Brown
7,707,Mr.,Quinn,Dillon,Consumer,Single,Male,1984-09-07,2024-01-15,,WEST,Mr. Quinn Dillon
8,708,Dr.,Yvonne,Tyson,Consumer,Divorced,Male,1989-04-15,2024-01-15,,SOUTH,Dr. Yvonne Tyson
9,709,Professor,Brian,Smith,Consumer,Married,Male,1984-11-04,2024-01-15,,NORTH,Professor Brian Smith
10,710,Professor,Wendy,Davis,SME,Widowed,Female,1992-10-04,2024-01-15,,EAST,Professor Wendy Davis
11,711,Mrs.,James,Tyson,Corporate,Single,Male,1982-09-20,2024-01-15,,NORTH,Mrs. James Tyson
12,712,Dr.,Ursula,Potter,SME,Widowed,Male,1999-05-17,2024-01-15,,NORTH,Dr. Ursula Potter
13,713,Mr.,Liam,Garcia,Consumer,Widowed,Female,1987-07-08,2024-01-15,,SOUTH,Mr. Liam Garcia
14,714,Mrs.,Rachel,Garcia,Consumer,Widowed,Female,1987-01-25,2024-01-15,,SOUTH,Mrs. Rachel Garcia
15,715,Professor,Charles,Dillon,SME,Widowed,Female,1997-05-20,2024-01-15,,EAST,Professor Charles Dillon
16,716,Dr.,Rachel,Jones,SME,Widowed,Female,1976-11-26,2024-01-15,,SOUTH,Dr. Rachel Jones
17,717,Ms.,Quinn,Kirby,Consumer,Widowed,Male,1998-11-09,2024-01-15,,WEST,Ms. Quinn Kirby
18,718,Professor,Aaron,Jackson,SME,Married,Male,1986-07-16,2024-01-15,,NORTH,Professor Aaron Jackson
19,719,Ms.,Catherine,Smith,SME,Divorced,Female,1987-02-02,2024-01-15,,EAST,Ms. Catherine Smith
20,720,Dr.,Samuel,Johnson,Consumer,Single,Male,1982-07-17,2024-01-15,,NORTH,Dr. Samuel Johnson
21,721,Ms.,Brian,Thomas,Corporate,Divorced,Male,1993-06-27,2024-01-15,,WEST,Ms. Brian Thomas
22,722,Dr.,Samuel,Jackson,Consumer,Married,Female,1997-06-04,2024-01-15,,SOUTH,Dr. Samuel Jackson
23,723,Mrs.,Ursula,Davis,SME,Married,Female,1987-07-23,2024-01-15,,NORTH,Mrs. Ursula Davis
24,724,Mrs.,Rachel,Kirby,Consumer,Divorced,Female,1977-05-17,2024-01-15,,WEST,Mrs. Rachel Kirby
25,725,Mr.,Victor,Taylor,Consumer,Divorced,Female,1977-12-24,2024-01-15,,NORTH,Mr. Victor Taylor
26,726,Dr.,Fiona,Kirby,Consumer,Widowed,Male,1979-12-21,2024-01-15,,NORTH,Dr. Fiona Kirby
27,727,Professor,Tina,Thomas,Consumer,Married,Male,1995-02-12,2024-01-15,,NORTH,Professor Tina Thomas
28,728,Ms.,Liam,Smith,SME,Widowed,Female,1987-04-30,2024-01-15,,SOUTH,Ms. Liam Smith
29,729,Mr.,Tina,Taylor,Corporate,Divorced,Female,1980-01-22,2024-01-15,,NORTH,Mr. Tina Taylor
30,730,Mrs.,James,Dillon,SME,Single,Male,1975-01-29,2024-01-15,,EAST,Mrs. James Dillon
31,731,Professor,Patrick,Garcia,Consumer,Married,Female,1996-02-09,2024-01-15,,SOUTH,Professor Patrick Garcia
32,732,Ms.,Zachary,Johnson,Consumer,Divorced,Male,1987-09-12,2024-01-15,,WEST,Ms. Zachary Johnson
33,733,Mr.,Karen,Anderson,Corporate,Single,Female,1984-09-14,2024-01-15,,NORTH,Mr. Karen Anderson
34,734,Mr.,Gwendolyn,Garcia,Corporate,Married,Female,1991-05-07,2024-01-15,,WEST,Mr. Gwendolyn Garcia
35,735,Mrs.,Zachary,White,Corporate,Divorced,Male,1970-09-21,2024-01-15,,EAST,Mrs. Zachary White
36,736,Mrs.,Wendy,Dillon,Consumer,Divorced,Male,1971-07-31,2024-01-15,,NORTH,Mrs. Wendy Dillon
37,737,Mrs.,Olivia,Jackson,SME,Single,Female,1995-03-10,2024-01-15,,NORTH,Mrs. Olivia Jackson
38,738,Professor,Xander,Jones,Corporate,Single,Female,1986-03-12,2024-01-15,,EAST,Professor Xander Jones
39,739,Mrs.,Brian,Thompson,SME,Divorced,Female,1977-04-21,2024-01-15,,WEST,Mrs. Brian Thompson
40,740,Ms.,Rachel,White,Corporate,Single,Female,1996-03-06,2024-01-15,,WEST,Ms. Rachel White
41,741,Dr.,Rachel,Harris,Corporate,Divorced,Male,1976-03-14,2024-01-15,,SOUTH,Dr. Rachel Harris
42,742,Ms.,Quinn,Taylor,SME,Divorced,Female,1996-05-23,2024-01-15,,SOUTH,Ms. Quinn Taylor
43,743,Ms.,Zachary,Taylor,SME,Divorced,Male,1992-07-09,2024-01-15,,SOUTH,Ms. Zachary Taylor
44,744,Ms.,Tina,Brown,Consumer,Widowed,Female,1971-02-21,2024-01-15,,WEST,Ms. Tina Brown
45,745,Mr.,Catherine,Johnson,Consumer,Married,Female,1986-09-17,2024-01-15,,WEST,Mr. Catherine Johnson
46,746,Professor,Ursula,Davis,Consumer,Married,Male,1998-10-30,2024-01-15,,WEST,Professor Ursula Davis
47,747,Ms.,Brian,Taylor,Consumer,Married,Male,1984-07-14,2024-01-15,,EAST,Ms. Brian Taylor
48,748,Dr.,Bonnie,Thompson,Consumer,Widowed,Male,2000-08-04,2024-01-15,,NORTH,Dr. Bonnie Thompson
49,749,Ms.,James,Anderson,SME,Widowed,Female,1996-04-22,2024-01-15,,EAST,Ms. James Anderson
50,750,Mrs.,Patrick,Davis,Corporate,Widowed,Female,1983-02-17,2024-01-15,,SOUTH,Mrs. Patrick Davis
51,1354,Mr.,Aaron,Dillon,Consumer,Married,Male,1985-02-15,2024-04-12,2024-04-12,EAST,Mr. Aaron Dillon
1,751,Mr.,Gwendolyn,Garcia,Consumer,Widowed,Female,1990-12-06,2024-02-20,,WEST,Mr. Gwendolyn Garcia
2,752,Mr.,Diana,Tyson,SME,Single,Male,1975-01-21,2024-02-20,,WEST,Mr. Diana Tyson
3,753,Dr.,Diana,Jones,Consumer,Single,Male,1997-09-13,2024-02-20,,SOUTH,Dr. Diana Jones
4,754,Dr.,Edward,Taylor,SME,Widowed,Male,1978-11-18,2024-02-20,,EAST,Dr. Edward Taylor
5,755,Mr.,James,Kirby,Consumer,Widowed,Female,1985-02-17,2024-02-20,,WEST,Mr. James Kirby
6,756,Professor,Aaron,Garcia,Corporate,Divorced,Male,1976-09-17,2024-02-20,,WEST,Professor Aaron Garcia
7,757,Mrs.,Diana,Williams,Corporate,Single,Female,1998-01-19,2024-02-20,,NORTH,Mrs. Diana Williams
8,758,Ms.,Brian,Smith,SME,Divorced,Male,1976-09-25,2024-02-20,,WEST,Ms. Brian Smith
9,759,Dr.,Edward,Smith,SME,Married,Female,1985-09-12,2024-02-20,,NORTH,Dr. Edward Smith
10,760,Mr.,Zachary,Dillon,Consumer,Married,Female,1975-10-02,2024-02-20,,SOUTH,Mr. Zachary Dillon
11,761,Mr.,Yvonne,Brown,Consumer,Widowed,Male,1976-05-13,2024-02-20,,SOUTH,Mr. Yvonne Brown
12,762,Mrs.,Nathan,Thomas,SME,Divorced,Female,1987-05-18,2024-02-20,,NORTH,Mrs. Nathan Thomas
13,763,Mrs.,Gwendolyn,Smith,Corporate,Single,Male,1971-02-25,2024-02-20,,NORTH,Mrs. Gwendolyn Smith
14,764,Dr.,Bonnie,White,Consumer,Divorced,Male,1991-07-03,2024-02-20,,WEST,Dr. Bonnie White
15,765,Professor,Patrick,Wilson,Consumer,Married,Male,1989-11-16,2024-02-20,,WEST,Professor Patrick Wilson
16,766,Dr.,Nathan,Kirby,Consumer,Widowed,Male,1975-10-31,2024-02-20,,EAST,Dr. Nathan Kirby
17,767,Ms.,Quinn,Dillon,Consumer,Divorced,Female,1981-09-17,2024-02-20,,WEST,Ms. Quinn Dillon
18,768,Mr.,Henry,Anderson,Consumer,Married,Male,1975-08-05,2024-02-20,,WEST,Mr. Henry Anderson
19,769,Professor,Liam,Jackson,Corporate,Widowed,Female,1988-12-25,2024-02-20,,EAST,Professor Liam Jackson
20,770,Professor,Charles,Thomas,Corporate,Divorced,Female,1982-10-15,2024-02-20,,NORTH,Professor Charles Thomas
21,771,Mrs.,Henry,Wilson,Corporate,Single,Male,1981-04-07,2024-02-20,,SOUTH,Mrs. Henry Wilson
22,772,Dr.,Aaron,Brown,Consumer,Single,Male,1993-01-24,2024-02-20,,SOUTH,Dr. Aaron Brown
23,773,Mr.,Gwendolyn,Smith,SME,Widowed,Male,1974-07-03,2024-02-20,,EAST,Mr. Gwendolyn Smith
24,774,Dr.,Irene,Williams,Corporate,Married,Female,1993-02-27,2024-02-20,,SOUTH,Dr. Irene Williams
25,775,Professor,Aaron,Thompson,Consumer,Divorced,Female,1974-10-26,2024-02-20,,EAST,Professor Aaron Thompson
26,776,Professor,Aaron,Brown,Corporate,Single,Female,1973-10-15,2024-02-20,,WEST,Professor Aaron Brown
27,777,Professor,Bonnie,White,Corporate,Single,Male,1972-06-01,2024-02-20,,WEST,Professor Bonnie White
28,778,Mrs.,Karen,Williams,Consumer,Divorced,Female,1993-10-21,2024-02-20,,SOUTH,Mrs. Karen Williams
29,779,Dr.,James,Miller,Corporate,Married,Male,1978-10-26,2024-02-20,,NORTH,Dr. James Miller
30,780,Mr.,Samuel,White,Consumer,Divorced,Female,1990-01-16,2024-02-20,,EAST,Mr. Samuel White
31,781,Dr.,Tina,Wilson,Corporate,Single,Male,1975-05-29,2024-02-20,,SOUTH,Dr. Tina Wilson
32,782,Ms.,Gwendolyn,Miller,SME,Widowed,Male,1989-09-18,2024-02-20,,EAST,Ms. Gwendolyn Miller
33,783,Dr.,Catherine,Jackson,Corporate,Married,Male,1985-11-05,2024-02-20,,NORTH,Dr. Catherine Jackson
34,784,Professor,Henry,Jones,SME,Widowed,Male,1971-06-10,2024-02-20,,EAST,Professor Henry Jones
35,785,Ms.,Megan,White,Corporate,Single,Female,1984-10-26,2024-02-20,,EAST,Ms. Megan White
36,786,Mr.,Zachary,Brown,Consumer,Widowed,Female,1999-11-25,2024-02-20,,EAST,Mr. Zachary Brown
37,787,Mr.,Irene,Johnson,Consumer,Divorced,Male,1994-05-25,2024-02-20,,SOUTH,Mr. Irene Johnson
38,788,Professor,Yvonne,Dillon,SME,Divorced,Male,1984-02-18,2024-02-20,,EAST,Professor Yvonne Dillon
39,789,Mr.,Karen,Garcia,Consumer,Divorced,Male,1996-06-13,2024-02-20,,WEST,Mr. Karen Garcia
40,790,Professor,Allison,Martin,Corporate,Widowed,Male,1999-01-26,2024-02-20,,NORTH,Professor Allison Martin
41,791,Mrs.,Olivia,Kirby,Corporate,Single,Female,1987-02-23,2024-02-20,,EAST,Mrs. Olivia Kirby
42,792,Mr.,Nathan,Jackson,Consumer,Married,Male,1991-10-03,2024-02-20,,NORTH,Mr. Nathan Jackson
43,793,Mr.,Patrick,Martin,SME,Divorced,Male,1980-06-19,2024-02-20,,NORTH,Mr. Patrick Martin
44,794,Ms.,Nathan,Garcia,Consumer,Divorced,Male,1997-05-22,2024-02-20,,WEST,Ms. Nathan Garcia
45,795,Mr.,Charles,Wilson,Consumer,Widowed,Male,1971-03-08,2024-02-20,,SOUTH,Mr. Charles Wilson
46,796,Dr.,Bonnie,Thompson,Corporate,Married,Male,1973-12-29,2024-02-20,,WEST,Dr. Bonnie Thompson
47,797,Mr.,Allison,Garcia,SME,Single,Female,1974-04-07,2024-02-20,,SOUTH,Mr. Allison Garcia
48,798,Mrs.,Liam,Tyson,SME,Widowed,Male,1975-01-09,2024-02-20,,EAST,Mrs. Liam Tyson
49,799,Dr.,Aaron,Potter,SME,Divorced,Male,1973-03-02,2024-02-20,,EAST,Dr. Aaron Potter
50,800,Ms.,James,Potter,Consumer,Married,Male,1990-03-30,2024-02-20,,SOUTH,Ms. James Potter
51,1354,Mr.,Aaron,Dillon,Consumer,Divorced,Male,1985-02-15,2024-04-13,2099-12-31,EAST,Mr. Aaron Dillon
1,1,Mrs.,Aaron,Wilson,SME,Single,Male,1970-01-10,2003-02-17,,EAST,Mrs. Aaron Wilson
2,2,Mr.,Bonnie,Smith,SME,Single,Male,1969-08-13,2005-03-20,,SOUTH,Mr. Bonnie Smith
3,3,Mister.,Bonnie,Potter,SME,Married,Female,1974-12-16,2000-02-23,,SOUTH,Mister. Bonnie Potter
4,4,Mrs.,Irene,Jones,Corporate,Single,Male,1980-03-13,2002-04-17,,NORTH,Mrs. Irene Jones
5,5,Professor,Brian,Thomas,SME,Widowed,Male,1973-09-24,2000-12-21,,NORTH,Professor Brian Thomas
6,6,Ms.,Charles,Potter,SME,Married,Male,1982-06-12,2012-12-12,,SOUTH,Ms. Charles Potter
7,7,Ms.,Victor,Davis,Corporate,Single,Female,1957-02-27,2005-03-22,,EAST,Ms. Victor Davis
8,8,Mrs.,Ursula,Thomas,SME,Married,Female,1983-03-19,2007-12-20,,SOUTH,Mrs. Ursula Thomas
9,9,Mrs.,Tina,Dillon,Corporate,Married,Female,1997-12-02,2005-06-28,,EAST,Mrs. Tina Dillon
10,10,Mrs.,Ursula,Potter,Consumer,Married,Female,1979-02-04,2001-04-03,,NORTH,Mrs. Ursula Potter
11,11,Mrs.,Irene,Williams,SME,Married,Female,2000-11-19,2007-01-21,,SOUTH,Mrs. Irene Williams
12,12,Dr.,Catherine,Dillon,Consumer,Married,Female,1962-10-26,2005-12-09,,SOUTH,Dr. Catherine Dillon
13,13,Dr.,Catherine,Kirby,SME,Married,Female,1982-06-23,2004-12-01,,SOUTH,Dr. Catherine Kirby
14,14,Mr.,Gwendolyn,Tyson,SME,Married,Female,1963-09-18,2014-01-27,,EAST,Mr. Gwendolyn Tyson
15,15,Professor,Megan,Jackson,SME,Divorced,Male,1991-12-29,2011-11-13,,EAST,Professor Megan Jackson
16,16,Ms.,Victor,Potter,Corporate,Divorced,Male,1980-07-08,2002-07-02,,EAST,Ms. Victor Potter
17,17,Professor,Aaron,Wilson,SME,Single,Female,1966-01-11,2011-05-21,,SOUTH,Professor Aaron Wilson
18,18,Mrs.,Edward,Thomas,SME,Single,Female,1998-05-23,2011-11-23,,WEST,Mrs. Edward Thomas
19,19,Ms.,Aaron,Brown,Consumer,Single,Male,1977-08-03,2005-05-15,,SOUTH,Ms. Aaron Brown
20,20,Mr.,Xander,Martin,SME,Married,Female,1997-10-16,2002-10-27,,EAST,Mr. Xander Martin
21,21,Professor,Irene,Thompson,SME,Married,Female,1987-12-18,2004-10-01,,WEST,Professor Irene Thompson
22,22,Ms.,Victor,Dillon,Consumer,Widowed,Male,1989-04-21,2011-08-10,,SOUTH,Ms. Victor Dillon
23,23,Mr.,Charles,Taylor,Consumer,Married,Male,1999-09-11,2005-02-28,,WEST,Mr. Charles Taylor
24,24,Mr.,Henry,Williams,Corporate,Married,Female,1979-08-24,2001-08-03,,EAST,Mr. Henry Williams
25,25,Professor,Rachel,Jones,Corporate,Widowed,Male,1992-05-28,2005-06-13,,WEST,Professor Rachel Jones
26,26,Ms.,Diana,White,SME,Widowed,Male,1988-01-01,2009-03-21,,EAST,Ms. Diana White
27,27,Ms.,Bonnie,Jackson,Consumer,Married,Female,1959-10-21,2005-07-29,,EAST,Ms. Bonnie Jackson
28,28,Ms.,Nathan,Garcia,Corporate,Single,Male,1991-07-04,2005-08-08,,WEST,Ms. Nathan Garcia
29,29,Mr.,Ursula,Potter,Corporate,Married,Female,1958-05-15,2005-04-20,,EAST,Mr. Ursula Potter
30,30,Mr.,Gwendolyn,Jackson,Corporate,Single,Female,1964-10-08,2008-07-01,,SOUTH,Mr. Gwendolyn Jackson
31,31,Professor,James,White,Corporate,Married,Male,1993-08-30,2003-06-22,,SOUTH,Professor James White
32,32,Mr.,Samuel,Potter,SME,Single,Female,1978-02-19,2001-04-13,,EAST,Mr. Samuel Potter
33,33,Mr.,Bonnie,Thompson,SME,Single,Male,1966-09-03,2001-07-15,,WEST,Mr. Bonnie Thompson
34,34,Mrs.,Diana,Kirby,Corporate,Single,Female,1953-07-26,2013-11-21,,SOUTH,Mrs. Diana Kirby
35,35,Mrs.,Gwendolyn,Taylor,SME,Married,Female,1973-10-30,2008-11-16,,NORTH,Mrs. Gwendolyn Taylor
36,36,Mr.,Karen,Williams,Consumer,Single,Male,1991-02-12,2013-12-06,,SOUTH,Mr. Karen Williams
37,37,Mr.,Edward,Thomas,Consumer,Divorced,Female,1971-12-01,2008-04-15,,NORTH,Mr. Edward Thomas
38,38,Professor,Tina,Dillon,SME,Divorced,Male,1950-09-14,2014-12-24,,NORTH,Professor Tina Dillon
39,39,Mr.,Irene,Brown,Corporate,Divorced,Male,1999-08-20,2003-06-27,,WEST,Mr. Irene Brown
40,40,Ms.,Gwendolyn,Dillon,Consumer,Divorced,Male,1995-05-06,2010-12-16,,NORTH,Ms. Gwendolyn Dillon
41,41,Mr.,Allison,Wilson,SME,Married,Female,1950-04-27,2007-06-25,,SOUTH,Mr. Allison Wilson
42,42,Professor,Xander,Harris,Consumer,Single,Male,1988-05-15,2012-07-30,,WEST,Professor Xander Harris
43,43,Ms.,Rachel,Johnson,Consumer,Widowed,Male,1999-07-28,2003-04-28,,WEST,Ms. Rachel Johnson
44,44,Ms.,Liam,Johnson,SME,Married,Male,1968-11-05,2015-04-19,,NORTH,Ms. Liam Johnson
45,45,Dr.,Yvonne,Potter,Consumer,Married,Female,1963-11-13,2005-04-23,,NORTH,Dr. Yvonne Potter
46,46,Dr.,Fiona,Taylor,SME,Married,Male,1972-04-06,2005-12-25,,EAST,Dr. Fiona Taylor
47,47,Dr.,Brian,Johnson,Corporate,Widowed,Female,1969-12-15,2004-06-22,,SOUTH,Dr. Brian Johnson
48,48,Mrs.,Henry,Smith,Consumer,Divorced,Female,1985-09-30,2007-05-13,,WEST,Mrs. Henry Smith
49,49,Dr.,Ursula,Thompson,Consumer,Single,Female,1998-02-08,2007-06-05,,NORTH,Dr. Ursula Thompson
50,50,Mr.,Samuel,Wilson,Corporate,Widowed,Female,1959-09-23,2013-05-19,,WEST,Mr. Samuel Wilson
51,51,Mr.,Tina,Thompson,Corporate,Married,Male,1984-07-23,2012-12-06,,SOUTH,Mr. Tina Thompson
52,52,Professor,Aaron,Thompson,Consumer,Widowed,Female,1967-09-05,2008-03-02,,SOUTH,Professor Aaron Thompson
53,53,Ms.,Victor,Brown,Corporate,Widowed,Female,1995-07-01,2006-12-08,,NORTH,Ms. Victor Brown
54,54,Mrs.,Rachel,Jones,SME,Widowed,Male,1987-09-21,2014-11-30,,NORTH,Mrs. Rachel Jones
55,55,Mr.,Megan,Potter,Corporate,Married,Female,1977-04-06,2006-06-08,,NORTH,Mr. Megan Potter
56,56,Mrs.,Olivia,Harris,SME,Married,Male,1995-11-11,2010-08-12,,SOUTH,Mrs. Olivia Harris
57,57,Professor,Quinn,Dillon,SME,Married,Female,1980-01-27,2002-02-04,,NORTH,Professor Quinn Dillon
58,58,Mrs.,Zachary,Miller,Corporate,Married,Male,1952-03-11,2001-01-13,,WEST,Mrs. Zachary Miller
59,59,Professor,Nathan,Dillon,Corporate,Widowed,Female,1967-06-12,2015-08-14,,SOUTH,Professor Nathan Dillon
60,60,Mr.,Edward,Dillon,Consumer,Married,Female,1959-07-25,2009-07-14,,WEST,Mr. Edward Dillon
61,61,Mr.,Rachel,Davis,SME,Widowed,Female,1990-12-14,2002-12-28,,EAST,Mr. Rachel Davis
62,62,Dr.,Tina,Thompson,SME,Married,Female,1999-02-25,2009-12-31,,SOUTH,Dr. Tina Thompson
63,63,Ms.,Irene,Davis,Corporate,Married,Female,1996-10-07,2010-11-13,,SOUTH,Ms. Irene Davis
64,64,Mrs.,Wendy,Anderson,SME,Divorced,Male,1974-05-18,2007-07-14,,EAST,Mrs. Wendy Anderson
65,65,Dr.,Edward,Davis,Consumer,Married,Female,1963-09-17,2015-11-04,,WEST,Dr. Edward Davis
66,66,Dr.,Karen,Potter,Corporate,Married,Female,1987-04-21,2001-05-25,,SOUTH,Dr. Karen Potter
67,67,Dr.,Brian,Kirby,Corporate,Divorced,Female,1992-10-16,2000-02-18,,EAST,Dr. Brian Kirby
68,68,Professor,Rachel,Potter,Corporate,Married,Female,1969-10-14,2010-12-13,,SOUTH,Professor Rachel Potter
69,69,Ms.,Aaron,Jackson,Consumer,Widowed,Male,1986-04-10,2003-09-14,,SOUTH,Ms. Aaron Jackson
70,70,Mr.,Samuel,Kirby,Consumer,Widowed,Female,1957-07-13,2014-06-01,,SOUTH,Mr. Samuel Kirby
71,71,Dr.,Bonnie,Wilson,Corporate,Widowed,Female,1979-05-15,2004-09-29,,WEST,Dr. Bonnie Wilson
72,72,Ms.,Irene,White,SME,Single,Male,1957-05-07,2010-07-19,,SOUTH,Ms. Irene White
73,73,Mr.,Henry,Dillon,Consumer,Married,Male,1953-08-12,2000-09-11,,NORTH,Mr. Henry Dillon
74,74,Dr.,Henry,Jones,Corporate,Married,Female,1960-04-06,2012-08-25,,WEST,Dr. Henry Jones
75,75,Professor,Fiona,Tyson,Consumer,Divorced,Male,1960-04-11,2003-09-03,,NORTH,Professor Fiona Tyson
76,76,Dr.,Samuel,Jackson,Consumer,Married,Female,1967-10-17,2001-09-14,,NORTH,Dr. Samuel Jackson
77,77,Mr.,Zachary,Kirby,SME,Widowed,Female,1981-02-24,2011-12-13,,EAST,Mr. Zachary Kirby
78,78,Ms.,Quinn,Dillon,Consumer,Widowed,Female,1951-02-19,2009-06-03,,EAST,Ms. Quinn Dillon
79,79,Mrs.,Ursula,Harris,SME,Divorced,Female,1989-01-26,2003-12-13,,NORTH,Mrs. Ursula Harris
80,80,Ms.,Nathan,Kirby,Corporate,Single,Female,1978-12-01,2005-07-04,,SOUTH,Ms. Nathan Kirby
81,81,Professor,Yvonne,Harris,Corporate,Single,Female,1984-01-01,2007-07-18,,WEST,Professor Yvonne Harris
82,82,Ms.,Patrick,Miller,SME,Divorced,Female,1973-03-06,2007-08-20,,WEST,Ms. Patrick Miller
83,83,Mr.,Quinn,Miller,SME,Widowed,Male,1971-08-27,2009-02-11,,EAST,Mr. Quinn Miller
84,84,Dr.,Ursula,Martin,Consumer,Divorced,Female,1951-07-20,2002-02-01,,SOUTH,Dr. Ursula Martin
85,85,Ms.,James,Kirby,Corporate,Divorced,Female,1992-06-16,2012-05-31,,WEST,Ms. James Kirby
86,86,Ms.,Wendy,Harris,Consumer,Married,Male,1977-07-05,2005-08-21,,NORTH,Ms. Wendy Harris
87,87,Mrs.,Diana,Potter,Corporate,Widowed,Female,1967-03-09,2004-11-07,,NORTH,Mrs. Diana Potter
88,88,Ms.,Allison,Miller,Corporate,Married,Male,1970-05-30,2008-02-04,,EAST,Ms. Allison Miller
89,89,Mr.,Irene,Johnson,SME,Married,Female,1999-08-24,2006-07-21,,WEST,Mr. Irene Johnson
90,90,Professor,Brian,Smith,Corporate,Widowed,Female,1975-07-06,2010-07-12,,EAST,Professor Brian Smith
91,91,Dr.,Bonnie,Wilson,Corporate,Widowed,Male,1960-03-27,2001-06-19,,WEST,Dr. Bonnie Wilson
92,92,Professor,Edward,Jones,Consumer,Married,Female,1977-04-05,2001-11-28,,EAST,Professor Edward Jones
93,93,Dr.,Yvonne,Thompson,SME,Divorced,Female,1990-06-02,2009-12-05,,WEST,Dr. Yvonne Thompson
94,94,Mr.,Samuel,Tyson,Corporate,Married,Male,1958-11-26,2004-08-29,,NORTH,Mr. Samuel Tyson
95,95,Professor,Henry,Garcia,Corporate,Single,Female,1956-09-25,2003-07-06,,WEST,Professor Henry Garcia
96,96,Mrs.,James,Johnson,SME,Divorced,Female,1975-11-06,2015-11-09,,SOUTH,Mrs. James Johnson
97,97,Ms.,Victor,Davis,SME,Single,Male,1967-10-01,2009-07-14,,EAST,Ms. Victor Davis
98,98,Mr.,Irene,Jones,SME,Divorced,Female,1955-05-09,2003-09-21,,WEST,Mr. Irene Jones
99,99,Ms.,Diana,Harris,Corporate,Widowed,Male,1986-02-10,2006-02-08,,SOUTH,Ms. Diana Harris
100,100,Ms.,Catherine,White,Consumer,Single,Male,1972-06-18,2000-07-30,,EAST,Ms. Catherine White
101,101,Mrs.,Samuel,Johnson,Corporate,Widowed,Male,1992-03-18,2011-08-22,,NORTH,Mrs. Samuel Johnson
102,102,Mr.,Ursula,Martin,Corporate,Widowed,Female,1992-03-02,2007-10-21,,SOUTH,Mr. Ursula Martin
103,103,Ms.,Brian,Garcia,Corporate,Widowed,Female,1986-12-06,2015-07-23,,EAST,Ms. Brian Garcia
104,104,Ms.,Olivia,Williams,Corporate,Single,Male,1972-08-23,2007-04-02,,EAST,Ms. Olivia Williams
105,105,Mrs.,Nathan,Johnson,SME,Widowed,Female,1996-07-06,2008-02-11,,SOUTH,Mrs. Nathan Johnson
106,106,Professor,Gwendolyn,Wilson,SME,Widowed,Female,1961-10-03,2006-06-17,,EAST,Professor Gwendolyn Wilson
107,107,Professor,Aaron,Dillon,Corporate,Married,Male,1971-06-21,2015-12-02,,EAST,Professor Aaron Dillon
108,108,Mr.,Charles,Davis,Corporate,Married,Female,1991-05-26,2002-08-20,,SOUTH,Mr. Charles Davis
109,109,Dr.,Nathan,Martin,Corporate,Married,Male,1971-11-13,2010-03-30,,NORTH,Dr. Nathan Martin
110,110,Ms.,Brian,Williams,Consumer,Divorced,Female,1987-03-24,2007-08-16,,WEST,Ms. Brian Williams
111,111,Professor,Allison,Kirby,SME,Widowed,Female,1993-12-05,2003-05-02,,NORTH,Professor Allison Kirby
112,112,Professor,Karen,Potter,Consumer,Divorced,Male,1983-11-04,2010-03-19,,NORTH,Professor Karen Potter
113,113,Mr.,Henry,White,Corporate,Widowed,Male,1978-07-19,2010-08-10,,SOUTH,Mr. Henry White
114,114,Professor,Bonnie,Jones,Consumer,Widowed,Female,1979-10-14,2002-04-02,,SOUTH,Professor Bonnie Jones
115,115,Dr.,Xander,Jones,Corporate,Widowed,Female,1963-11-07,2001-09-04,,EAST,Dr. Xander Jones
116,116,Ms.,Ursula,Williams,SME,Divorced,Female,1997-11-15,2008-07-10,,SOUTH,Ms. Ursula Williams
117,117,Mrs.,Tina,Williams,Corporate,Single,Male,1975-10-13,2005-02-06,,EAST,Mrs. Tina Williams
118,118,Ms.,Olivia,Garcia,Consumer,Divorced,Female,1952-08-06,2001-01-11,,EAST,Ms. Olivia Garcia
119,119,Mrs.,Liam,White,SME,Widowed,Male,1971-11-28,2011-11-30,,NORTH,Mrs. Liam White
120,120,Professor,Fiona,Williams,Corporate,Married,Male,1984-04-27,2013-11-24,,WEST,Professor Fiona Williams
121,121,Ms.,Olivia,Dillon,Corporate,Single,Female,1991-03-26,2005-09-22,,WEST,Ms. Olivia Dillon
122,122,Ms.,Charles,Harris,SME,Widowed,Female,1976-11-02,2014-05-01,,WEST,Ms. Charles Harris
123,123,Mrs.,Brian,Anderson,Consumer,Single,Female,1984-07-06,2010-11-02,,SOUTH,Mrs. Brian Anderson
124,124,Ms.,Samuel,Anderson,Corporate,Widowed,Male,1951-12-20,2014-10-06,,NORTH,Ms. Samuel Anderson
125,125,Ms.,Tina,Martin,Consumer,Divorced,Male,1970-08-24,2013-08-13,,EAST,Ms. Tina Martin
126,126,Mr.,Victor,Jones,Consumer,Widowed,Female,1953-07-15,2006-12-05,,NORTH,Mr. Victor Jones
127,127,Ms.,Charles,Anderson,Consumer,Married,Female,1987-04-12,2003-12-09,,WEST,Ms. Charles Anderson
128,128,Ms.,Allison,Garcia,Consumer,Divorced,Female,1993-03-25,2006-08-14,,NORTH,Ms. Allison Garcia
129,129,Dr.,Edward,Davis,Corporate,Single,Male,2000-01-01,2008-03-15,,EAST,Dr. Edward Davis
130,130,Dr.,Rachel,Brown,SME,Divorced,Female,1983-01-25,2015-02-02,,NORTH,Dr. Rachel Brown
131,131,Dr.,Diana,Davis,SME,Divorced,Male,1952-03-31,2013-11-23,,NORTH,Dr. Diana Davis
132,132,Ms.,Ursula,Harris,Consumer,Married,Male,1986-08-19,2002-08-13,,EAST,Ms. Ursula Harris
133,133,Mr.,Patrick,Brown,Corporate,Married,Female,1971-01-24,2012-01-21,,NORTH,Mr. Patrick Brown
134,134,Dr.,Victor,Potter,Corporate,Single,Female,1963-11-12,2009-04-21,,NORTH,Dr. Victor Potter
135,135,Mrs.,Bonnie,Thomas,Corporate,Married,Male,1989-10-11,2009-12-21,,NORTH,Mrs. Bonnie Thomas
136,136,Ms.,Rachel,Dillon,Consumer,Divorced,Male,1955-06-08,2008-12-05,,NORTH,Ms. Rachel Dillon
137,137,Professor,Charles,Miller,Consumer,Divorced,Male,1951-12-01,2001-02-18,,SOUTH,Professor Charles Miller
138,138,Mrs.,Charles,Potter,Consumer,Divorced,Male,1969-05-17,2005-03-23,,WEST,Mrs. Charles Potter
139,139,Mrs.,Brian,Jones,Consumer,Married,Male,1998-06-19,2005-08-15,,NORTH,Mrs. Brian Jones
140,140,Mrs.,Aaron,Thomas,Corporate,Married,Male,1979-01-18,2000-05-09,,WEST,Mrs. Aaron Thomas
141,141,Professor,Xander,White,Corporate,Widowed,Female,1960-03-13,2001-06-04,,WEST,Professor Xander White
142,142,Mrs.,Olivia,Thompson,Corporate,Divorced,Male,1953-11-21,2014-10-11,,EAST,Mrs. Olivia Thompson
143,143,Dr.,Patrick,Jackson,Consumer,Widowed,Male,1959-09-08,2010-12-30,,EAST,Dr. Patrick Jackson
144,144,Mr.,Tina,Jones,Corporate,Divorced,Female,1961-04-28,2006-03-02,,NORTH,Mr. Tina Jones
145,145,Dr.,Quinn,Tyson,SME,Single,Male,1958-11-24,2015-09-27,,SOUTH,Dr. Quinn Tyson
146,146,Dr.,Olivia,Davis,Corporate,Widowed,Male,1980-05-29,2010-03-04,,SOUTH,Dr. Olivia Davis
147,147,Ms.,Nathan,Taylor,Consumer,Widowed,Male,1983-08-01,2003-06-04,,NORTH,Ms. Nathan Taylor
148,148,Mr.,Charles,White,SME,Single,Female,1983-06-07,2002-12-01,,EAST,Mr. Charles White
149,149,Dr.,Nathan,Thomas,Corporate,Divorced,Male,1954-08-13,2006-06-14,,EAST,Dr. Nathan Thomas
150,150,Mrs.,Edward,Martin,Consumer,Divorced,Female,1959-09-17,2007-11-08,,WEST,Mrs. Edward Martin
151,151,Professor,Zachary,White,Consumer,Divorced,Male,1999-12-13,2000-08-03,,WEST,Professor Zachary White
152,152,Ms.,Wendy,Anderson,Consumer,Married,Female,1981-06-29,2000-02-20,,NORTH,Ms. Wendy Anderson
153,153,Mr.,Edward,Dillon,Corporate,Married,Female,1958-03-26,2011-11-24,,EAST,Mr. Edward Dillon
154,154,Ms.,Karen,Garcia,Consumer,Single,Male,1977-12-16,2007-04-11,,SOUTH,Ms. Karen Garcia
155,155,Mr.,Yvonne,Tyson,SME,Widowed,Female,1957-04-27,2006-02-07,,WEST,Mr. Yvonne Tyson
156,156,Dr.,Tina,Harris,Corporate,Single,Female,1974-07-05,2004-10-31,,SOUTH,Dr. Tina Harris
157,157,Dr.,James,Kirby,Consumer,Divorced,Male,1997-04-10,2014-12-18,,EAST,Dr. James Kirby
158,158,Mr.,Tina,Johnson,Consumer,Married,Female,1968-05-04,2006-10-05,,SOUTH,Mr. Tina Johnson
159,159,Mr.,Karen,Brown,Consumer,Married,Female,1994-08-16,2009-08-28,,NORTH,Mr. Karen Brown
160,160,Ms.,Quinn,Potter,Corporate,Single,Male,1956-06-19,2008-11-26,,WEST,Ms. Quinn Potter
161,161,Professor,Charles,Taylor,SME,Widowed,Female,1988-07-06,2012-11-10,,SOUTH,Professor Charles Taylor
162,162,Mr.,Diana,Jackson,SME,Widowed,Female,1979-02-20,2003-11-08,,NORTH,Mr. Diana Jackson
163,163,Mrs.,Nathan,Brown,SME,Widowed,Male,1989-02-01,2013-03-17,,EAST,Mrs. Nathan Brown
164,164,Ms.,Brian,Anderson,Consumer,Married,Male,1969-11-17,2007-06-21,,SOUTH,Ms. Brian Anderson
165,165,Ms.,Catherine,Thomas,Consumer,Single,Female,1963-04-02,2005-04-19,,WEST,Ms. Catherine Thomas
166,166,Mrs.,Fiona,Tyson,Corporate,Widowed,Female,1956-10-05,2003-12-22,,WEST,Mrs. Fiona Tyson
167,167,Ms.,Brian,Dillon,Corporate,Single,Female,1963-07-18,2009-11-11,,NORTH,Ms. Brian Dillon
168,168,Professor,Zachary,Wilson,Corporate,Single,Female,1955-01-15,2007-11-23,,NORTH,Professor Zachary Wilson
169,169,Ms.,Bonnie,Johnson,SME,Single,Female,1975-10-03,2001-09-20,,SOUTH,Ms. Bonnie Johnson
170,170,Mr.,Samuel,Potter,Corporate,Married,Female,1990-05-07,2012-10-27,,SOUTH,Mr. Samuel Potter
171,171,Mr.,Bonnie,Harris,Consumer,Married,Male,1980-10-23,2001-11-21,,WEST,Mr. Bonnie Harris
172,172,Professor,Olivia,Thompson,Corporate,Divorced,Female,1964-03-29,2008-02-29,,SOUTH,Professor Olivia Thompson
173,173,Professor,Yvonne,Taylor,Consumer,Divorced,Female,1954-09-12,2014-02-24,,SOUTH,Professor Yvonne Taylor
174,174,Ms.,Rachel,Jackson,Corporate,Married,Male,1972-08-10,2014-09-22,,EAST,Ms. Rachel Jackson
175,175,Dr.,Liam,Anderson,Corporate,Single,Female,1961-07-27,2013-05-06,,WEST,Dr. Liam Anderson
176,176,Professor,Allison,Jones,SME,Widowed,Female,1958-05-21,2014-06-28,,NORTH,Professor Allison Jones
177,177,Mrs.,Liam,Anderson,Consumer,Widowed,Male,1969-03-20,2007-08-31,,EAST,Mrs. Liam Anderson
178,178,Ms.,Edward,Williams,SME,Single,Female,1959-01-28,2011-05-21,,WEST,Ms. Edward Williams
179,179,Mrs.,Tina,Jackson,SME,Married,Female,1964-07-22,2004-01-21,,WEST,Mrs. Tina Jackson
180,180,Mrs.,Nathan,Thomas,SME,Divorced,Female,1989-11-07,2013-09-10,,EAST,Mrs. Nathan Thomas
181,181,Ms.,Rachel,Davis,SME,Divorced,Female,1992-01-29,2004-05-08,,WEST,Ms. Rachel Davis
182,182,Dr.,Yvonne,Anderson,Consumer,Widowed,Male,1995-02-13,2011-10-30,,SOUTH,Dr. Yvonne Anderson
183,183,Mr.,Brian,Wilson,SME,Single,Male,1993-02-11,2008-04-28,,WEST,Mr. Brian Wilson
184,184,Ms.,Charles,Garcia,Corporate,Married,Male,1990-04-24,2011-07-07,,NORTH,Ms. Charles Garcia
185,185,Ms.,Allison,Harris,Corporate,Single,Female,1952-05-23,2009-04-21,,WEST,Ms. Allison Harris
186,186,Ms.,Megan,Williams,Consumer,Divorced,Female,1970-02-22,2000-08-18,,WEST,Ms. Megan Williams
187,187,Ms.,Edward,Johnson,SME,Married,Female,1992-05-21,2015-08-12,,WEST,Ms. Edward Johnson
188,188,Mr.,Tina,Smith,Consumer,Married,Female,1951-09-15,2005-09-27,,SOUTH,Mr. Tina Smith
189,189,Mrs.,Yvonne,Anderson,Consumer,Single,Female,1977-01-07,2002-09-25,,EAST,Mrs. Yvonne Anderson
190,190,Dr.,Charles,Brown,SME,Married,Male,1998-02-03,2000-05-14,,SOUTH,Dr. Charles Brown
191,191,Professor,Nathan,Smith,Consumer,Widowed,Male,1981-08-27,2005-05-24,,NORTH,Professor Nathan Smith
192,192,Professor,Charles,Thompson,Corporate,Single,Female,1995-07-08,2011-05-21,,NORTH,Professor Charles Thompson
193,193,Ms.,Ursula,Jackson,Consumer,Divorced,Female,1972-10-03,2000-05-13,,EAST,Ms. Ursula Jackson
194,194,Mr.,Xander,Dillon,Corporate,Single,Female,1979-10-31,2002-12-28,,WEST,Mr. Xander Dillon
195,195,Dr.,Allison,Harris,SME,Single,Female,1966-05-09,2003-01-09,,WEST,Dr. Allison Harris
196,196,Mr.,James,Miller,Corporate,Divorced,Female,1967-11-24,2000-12-09,,EAST,Mr. James Miller
197,197,Mrs.,Irene,Johnson,SME,Single,Female,1975-09-02,2008-01-03,,SOUTH,Mrs. Irene Johnson
198,198,Dr.,Diana,Thomas,Corporate,Widowed,Male,1985-11-20,2009-11-11,,NORTH,Dr. Diana Thomas
199,199,Ms.,Wendy,Martin,SME,Single,Female,1996-08-02,2005-12-24,,SOUTH,Ms. Wendy Martin
200,200,Mrs.,Nathan,Tyson,Consumer,Divorced,Male,1998-12-09,2006-08-03,,EAST,Mrs. Nathan Tyson
201,201,Ms.,Victor,Anderson,Consumer,Widowed,Female,1990-01-02,2013-07-07,,NORTH,Ms. Victor Anderson
202,202,Ms.,Olivia,Johnson,Consumer,Single,Female,1989-01-08,2006-02-27,,NORTH,Ms. Olivia Johnson
203,203,Mr.,Quinn,Garcia,Consumer,Widowed,Male,1962-10-23,2013-08-17,,NORTH,Mr. Quinn Garcia
204,204,Ms.,Henry,Dillon,SME,Single,Male,1982-06-28,2008-08-02,,EAST,Ms. Henry Dillon
205,205,Dr.,Liam,Thomas,SME,Married,Female,1956-11-24,2012-11-14,,SOUTH,Dr. Liam Thomas
206,206,Ms.,Karen,Dillon,SME,Single,Male,1972-05-24,2002-07-18,,SOUTH,Ms. Karen Dillon
207,207,Professor,Quinn,Jackson,SME,Divorced,Female,1960-07-25,2005-11-14,,SOUTH,Professor Quinn Jackson
208,208,Dr.,Tina,Anderson,Consumer,Married,Female,1967-12-17,2002-10-01,,WEST,Dr. Tina Anderson
209,209,Mr.,Catherine,Harris,SME,Divorced,Male,1978-09-03,2014-12-23,,WEST,Mr. Catherine Harris
210,210,Mrs.,Catherine,Anderson,Consumer,Married,Male,1965-08-14,2008-02-09,,NORTH,Mrs. Catherine Anderson
211,211,Mr.,Henry,Martin,Corporate,Divorced,Male,1982-05-18,2012-06-04,,WEST,Mr. Henry Martin
212,212,Dr.,Charles,Anderson,Corporate,Widowed,Male,1992-12-10,2011-10-16,,EAST,Dr. Charles Anderson
213,213,Mr.,Karen,Dillon,Consumer,Divorced,Male,1990-05-15,2010-06-13,,WEST,Mr. Karen Dillon
214,214,Mr.,Nathan,Thompson,Corporate,Married,Male,1961-02-20,2011-08-15,,WEST,Mr. Nathan Thompson
215,215,Ms.,Karen,Davis,Corporate,Single,Male,1996-07-21,2006-05-15,,WEST,Ms. Karen Davis
216,216,Ms.,Edward,Dillon,SME,Married,Male,1997-11-11,2002-02-04,,NORTH,Ms. Edward Dillon
217,217,Professor,Victor,Tyson,Consumer,Single,Male,1980-04-16,2012-08-22,,WEST,Professor Victor Tyson
218,218,Ms.,Ursula,Kirby,SME,Widowed,Male,1968-11-29,2012-10-30,,EAST,Ms. Ursula Kirby
219,219,Professor,Catherine,Dillon,Corporate,Divorced,Male,1975-12-27,2014-05-25,,SOUTH,Professor Catherine Dillon
220,220,Mr.,James,Harris,Corporate,Widowed,Female,1955-05-18,2003-07-18,,SOUTH,Mr. James Harris
221,221,Professor,Gwendolyn,Taylor,SME,Divorced,Female,1962-11-21,2007-01-04,,SOUTH,Professor Gwendolyn Taylor
222,222,Professor,Edward,Thomas,Consumer,Divorced,Female,2000-05-22,2002-05-19,,SOUTH,Professor Edward Thomas
223,223,Mrs.,Irene,Harris,Corporate,Single,Female,1962-08-22,2002-03-04,,EAST,Mrs. Irene Harris
224,224,Ms.,Henry,Garcia,Corporate,Married,Female,1978-01-21,2004-04-04,,SOUTH,Ms. Henry Garcia
225,225,Dr.,Catherine,Anderson,SME,Widowed,Female,1952-01-30,2002-01-07,,SOUTH,Dr. Catherine Anderson
226,226,Ms.,Gwendolyn,Kirby,Corporate,Divorced,Female,1954-05-14,2001-02-18,,WEST,Ms. Gwendolyn Kirby
227,227,Mr.,Rachel,Smith,SME,Divorced,Female,1988-08-29,2003-01-02,,NORTH,Mr. Rachel Smith
228,228,Dr.,Liam,Johnson,Corporate,Married,Female,1954-08-04,2012-10-15,,SOUTH,Dr. Liam Johnson
229,229,Dr.,Megan,Thompson,Consumer,Single,Male,1999-05-01,2006-04-10,,EAST,Dr. Megan Thompson
230,230,Professor,Liam,Taylor,SME,Married,Female,1982-10-20,2003-03-27,,SOUTH,Professor Liam Taylor
231,231,Mrs.,Bonnie,Johnson,Consumer,Widowed,Male,1979-11-18,2010-08-16,,EAST,Mrs. Bonnie Johnson
232,232,Mrs.,Tina,Taylor,SME,Divorced,Female,1985-04-03,2013-10-29,,NORTH,Mrs. Tina Taylor
233,233,Ms.,Wendy,Kirby,Corporate,Divorced,Male,1992-08-09,2000-05-16,,SOUTH,Ms. Wendy Kirby
234,234,Mr.,Samuel,Anderson,SME,Married,Male,1992-07-30,2005-12-15,,SOUTH,Mr. Samuel Anderson
235,235,Professor,Fiona,Thompson,Consumer,Married,Male,1984-02-10,2003-04-25,,SOUTH,Professor Fiona Thompson
236,236,Ms.,Aaron,Harris,SME,Widowed,Male,1987-07-28,2003-05-25,,WEST,Ms. Aaron Harris
237,237,Dr.,Quinn,Tyson,SME,Married,Male,1955-08-03,2015-10-30,,SOUTH,Dr. Quinn Tyson
238,238,Professor,Victor,Martin,Corporate,Married,Female,1983-10-22,2007-01-14,,NORTH,Professor Victor Martin
239,239,Ms.,Victor,Dillon,Corporate,Married,Female,1993-06-09,2004-04-24,,NORTH,Ms. Victor Dillon
240,240,Mrs.,James,Anderson,Corporate,Widowed,Female,1993-11-14,2007-02-10,,WEST,Mrs. James Anderson
241,241,Professor,Diana,Kirby,Consumer,Divorced,Female,1984-01-24,2008-11-06,,NORTH,Professor Diana Kirby
242,242,Ms.,James,Williams,SME,Divorced,Female,1989-09-08,2014-09-17,,EAST,Ms. James Williams
243,243,Ms.,Gwendolyn,Potter,Consumer,Divorced,Male,2000-06-03,2015-08-13,,WEST,Ms. Gwendolyn Potter
244,244,Professor,Henry,Johnson,Consumer,Married,Male,1970-03-31,2014-04-23,,WEST,Professor Henry Johnson
245,245,Mr.,Karen,Martin,Corporate,Married,Female,1962-05-02,2000-02-12,,SOUTH,Mr. Karen Martin
246,246,Ms.,Ursula,Miller,Consumer,Single,Male,1978-10-25,2006-05-27,,SOUTH,Ms. Ursula Miller
247,247,Mrs.,Fiona,White,Consumer,Widowed,Female,1953-04-05,2008-11-26,,EAST,Mrs. Fiona White
248,248,Professor,Aaron,Anderson,Corporate,Divorced,Female,1959-08-18,2007-07-07,,EAST,Professor Aaron Anderson
249,249,Dr.,Brian,Thompson,Corporate,Single,Male,1974-06-24,2004-04-28,,WEST,Dr. Brian Thompson
250,250,Mrs.,Ursula,Wilson,SME,Divorced,Male,1951-04-07,2007-07-24,,SOUTH,Mrs. Ursula Wilson
251,251,Dr.,Tina,Dillon,Consumer,Divorced,Female,1988-05-15,2011-07-23,,WEST,Dr. Tina Dillon
252,252,Dr.,Fiona,Jones,Corporate,Single,Female,1979-01-12,2005-07-25,,EAST,Dr. Fiona Jones
253,253,Ms.,Olivia,Wilson,Corporate,Single,Female,1977-02-02,2013-01-23,,WEST,Ms. Olivia Wilson
254,254,Dr.,Bonnie,Brown,SME,Widowed,Female,1977-07-11,2003-08-01,,WEST,Dr. Bonnie Brown
255,255,Ms.,Ursula,Anderson,Corporate,Married,Male,1969-10-24,2004-11-30,,EAST,Ms. Ursula Anderson
256,256,Ms.,Xander,Tyson,SME,Widowed,Male,1987-04-23,2015-09-29,,SOUTH,Ms. Xander Tyson
257,257,Mr.,Victor,Tyson,Consumer,Divorced,Male,1997-02-22,2010-01-07,,WEST,Mr. Victor Tyson
258,258,Professor,Allison,Potter,Consumer,Married,Female,1968-02-20,2012-11-04,,EAST,Professor Allison Potter
259,259,Professor,Diana,Miller,Consumer,Widowed,Female,1993-11-08,2002-01-14,,SOUTH,Professor Diana Miller
260,260,Dr.,Quinn,White,SME,Widowed,Female,2000-08-04,2001-04-17,,WEST,Dr. Quinn White
261,261,Mr.,Megan,Wilson,Consumer,Single,Female,1969-07-20,2012-12-20,,EAST,Mr. Megan Wilson
262,262,Professor,Wendy,Williams,Consumer,Widowed,Female,1955-05-29,2001-07-19,,NORTH,Professor Wendy Williams
263,263,Dr.,Fiona,Jones,Corporate,Widowed,Female,1983-08-06,2008-07-30,,SOUTH,Dr. Fiona Jones
264,264,Mrs.,Victor,Potter,SME,Married,Female,1981-03-14,2002-08-29,,EAST,Mrs. Victor Potter
265,265,Mr.,Xander,Davis,SME,Widowed,Female,1952-01-15,2006-09-10,,WEST,Mr. Xander Davis
266,266,Mrs.,Allison,Davis,Corporate,Married,Male,1991-04-29,2007-10-06,,SOUTH,Mrs. Allison Davis
267,267,Professor,Bonnie,White,Consumer,Married,Male,1951-05-28,2005-05-25,,EAST,Professor Bonnie White
268,268,Mr.,Olivia,Tyson,Corporate,Widowed,Male,1971-12-16,2000-12-28,,EAST,Mr. Olivia Tyson
269,269,Mrs.,Yvonne,Johnson,SME,Married,Female,1995-03-17,2006-06-27,,WEST,Mrs. Yvonne Johnson
270,270,Mrs.,Henry,Anderson,Corporate,Widowed,Female,1996-10-06,2004-12-15,,NORTH,Mrs. Henry Anderson
271,271,Mrs.,Rachel,Kirby,Consumer,Widowed,Female,1988-04-29,2012-06-19,,EAST,Mrs. Rachel Kirby
272,272,Ms.,Zachary,Thompson,Corporate,Married,Female,1987-05-09,2009-02-26,,SOUTH,Ms. Zachary Thompson
273,273,Dr.,Yvonne,Potter,SME,Divorced,Male,1971-08-15,2005-01-20,,WEST,Dr. Yvonne Potter
274,274,Dr.,Bonnie,Potter,Corporate,Married,Male,1987-05-15,2012-07-01,,SOUTH,Dr. Bonnie Potter
275,275,Mr.,Gwendolyn,Taylor,SME,Single,Male,1990-05-09,2008-04-27,,NORTH,Mr. Gwendolyn Taylor
276,276,Professor,Irene,Jackson,SME,Married,Male,1953-07-19,2001-08-19,,EAST,Professor Irene Jackson
277,277,Ms.,Gwendolyn,Taylor,SME,Married,Male,1951-05-18,2004-10-01,,SOUTH,Ms. Gwendolyn Taylor
278,278,Mrs.,Henry,Tyson,Corporate,Divorced,Female,1985-08-01,2005-05-14,,SOUTH,Mrs. Henry Tyson
279,279,Ms.,Rachel,Dillon,SME,Divorced,Female,1977-09-02,2005-11-12,,SOUTH,Ms. Rachel Dillon
280,280,Ms.,Diana,Martin,Corporate,Divorced,Male,1968-03-23,2008-04-24,,SOUTH,Ms. Diana Martin
281,281,Mr.,Xander,Jones,Corporate,Widowed,Male,1973-05-25,2012-05-29,,WEST,Mr. Xander Jones
282,282,Dr.,Karen,Davis,Corporate,Divorced,Female,1972-01-18,2011-03-14,,WEST,Dr. Karen Davis
283,283,Ms.,Olivia,Garcia,Consumer,Widowed,Male,1965-03-09,2003-02-20,,SOUTH,Ms. Olivia Garcia
284,284,Mr.,Allison,Williams,SME,Married,Male,1950-07-29,2009-04-01,,EAST,Mr. Allison Williams
285,285,Mr.,Wendy,Jones,Corporate,Widowed,Male,1969-08-16,2011-05-05,,EAST,Mr. Wendy Jones
286,286,Mr.,Victor,Martin,Consumer,Widowed,Male,1950-08-05,2011-12-08,,SOUTH,Mr. Victor Martin
287,287,Mr.,Rachel,Anderson,Consumer,Widowed,Male,1995-01-21,2015-08-26,,NORTH,Mr. Rachel Anderson
288,288,Mrs.,Quinn,Jones,Corporate,Divorced,Female,1967-03-22,2013-11-25,,EAST,Mrs. Quinn Jones
289,289,Dr.,Charles,Thomas,SME,Married,Male,1991-03-07,2012-09-02,,SOUTH,Dr. Charles Thomas
290,290,Mr.,Victor,Williams,Corporate,Widowed,Female,1958-05-22,2009-02-02,,NORTH,Mr. Victor Williams
291,291,Mrs.,Ursula,Smith,SME,Widowed,Female,1957-06-02,2011-03-18,,EAST,Mrs. Ursula Smith
292,292,Mr.,Catherine,Thompson,Corporate,Widowed,Male,1970-08-12,2004-09-27,,EAST,Mr. Catherine Thompson
293,293,Professor,Victor,Wilson,Consumer,Single,Female,2000-07-22,2014-10-05,,EAST,Professor Victor Wilson
294,294,Mrs.,Gwendolyn,Kirby,Consumer,Divorced,Male,1985-09-25,2001-09-22,,EAST,Mrs. Gwendolyn Kirby
295,295,Ms.,Victor,Potter,SME,Single,Female,1984-06-08,2003-02-20,,SOUTH,Ms. Victor Potter
296,296,Mrs.,Diana,White,Corporate,Widowed,Male,1956-10-26,2007-08-22,,EAST,Mrs. Diana White
297,297,Dr.,Zachary,Harris,Corporate,Widowed,Male,1970-06-20,2007-12-24,,NORTH,Dr. Zachary Harris
298,298,Ms.,Charles,Tyson,Consumer,Single,Female,1972-02-10,2015-12-29,,SOUTH,Ms. Charles Tyson
299,299,Mrs.,Megan,Dillon,Consumer,Divorced,Male,1984-12-15,2007-02-07,,WEST,Mrs. Megan Dillon
300,300,Ms.,James,Harris,Consumer,Married,Male,1974-03-15,2002-04-17,,EAST,Ms. James Harris
301,301,Professor,Olivia,Potter,Consumer,Single,Male,1995-12-22,2009-02-24,,SOUTH,Professor Olivia Potter
302,302,Professor,Rachel,Williams,Corporate,Single,Female,1979-02-08,2008-08-21,,NORTH,Professor Rachel Williams
303,303,Professor,Yvonne,Williams,SME,Married,Female,1971-10-12,2012-10-29,,SOUTH,Professor Yvonne Williams
304,304,Ms.,Edward,Wilson,Consumer,Married,Male,1974-01-30,2011-01-22,,WEST,Ms. Edward Wilson
305,305,Ms.,Irene,White,Corporate,Divorced,Male,1993-06-11,2001-09-22,,SOUTH,Ms. Irene White
306,306,Mrs.,Tina,Tyson,Corporate,Married,Male,1991-01-29,2002-05-26,,SOUTH,Mrs. Tina Tyson
307,307,Dr.,Karen,Tyson,Corporate,Divorced,Male,1979-07-26,2009-11-15,,SOUTH,Dr. Karen Tyson
308,308,Mrs.,Karen,Tyson,Corporate,Married,Female,1992-12-22,2007-01-17,,NORTH,Mrs. Karen Tyson
309,309,Dr.,Xander,Dillon,Corporate,Widowed,Female,1971-10-01,2007-04-23,,NORTH,Dr. Xander Dillon
310,310,Mrs.,Diana,Kirby,SME,Single,Female,1998-12-14,2004-01-13,,NORTH,Mrs. Diana Kirby
311,311,Mr.,Olivia,Anderson,Consumer,Widowed,Female,1986-09-15,2015-02-04,,WEST,Mr. Olivia Anderson
312,312,Dr.,Irene,Jones,SME,Widowed,Female,1983-10-28,2001-08-28,,WEST,Dr. Irene Jones
313,313,Dr.,Rachel,Thompson,SME,Divorced,Male,1998-10-10,2000-10-28,,SOUTH,Dr. Rachel Thompson
314,314,Ms.,Yvonne,Davis,SME,Single,Female,1964-12-03,2014-07-06,,EAST,Ms. Yvonne Davis
315,315,Mr.,Zachary,White,Consumer,Divorced,Male,1950-12-12,2002-03-18,,NORTH,Mr. Zachary White
316,316,Dr.,Liam,Jackson,Consumer,Divorced,Female,1994-11-25,2003-05-19,,SOUTH,Dr. Liam Jackson
317,317,Mr.,James,White,Corporate,Divorced,Female,1960-05-31,2003-03-06,,EAST,Mr. James White
318,318,Professor,Zachary,Miller,Consumer,Widowed,Female,1993-04-29,2007-10-24,,SOUTH,Professor Zachary Miller
319,319,Ms.,Karen,Williams,Consumer,Single,Female,1954-01-04,2015-12-10,,SOUTH,Ms. Karen Williams
320,320,Mrs.,Victor,Garcia,Corporate,Married,Female,1996-04-17,2003-11-30,,EAST,Mrs. Victor Garcia
321,321,Mrs.,Henry,Jackson,Corporate,Widowed,Male,1966-09-21,2014-05-13,,SOUTH,Mrs. Henry Jackson
322,322,Dr.,Olivia,Kirby,Consumer,Married,Female,1984-11-19,2000-02-06,,WEST,Dr. Olivia Kirby
323,323,Professor,Samuel,Brown,Consumer,Divorced,Female,1966-10-10,2008-03-15,,EAST,Professor Samuel Brown
324,324,Professor,Irene,Martin,SME,Widowed,Female,1978-02-12,2013-05-22,,EAST,Professor Irene Martin
325,325,Dr.,Liam,Thomas,SME,Divorced,Male,1965-06-24,2015-02-09,,EAST,Dr. Liam Thomas
326,326,Mrs.,Karen,Brown,Corporate,Married,Male,1977-05-25,2002-08-16,,WEST,Mrs. Karen Brown
327,327,Mrs.,Nathan,Tyson,Corporate,Married,Male,1984-06-04,2009-06-27,,SOUTH,Mrs. Nathan Tyson
328,328,Mrs.,Patrick,Anderson,SME,Widowed,Male,1966-10-14,2007-01-21,,WEST,Mrs. Patrick Anderson
329,329,Mrs.,Aaron,Martin,Corporate,Widowed,Female,1967-07-04,2008-08-11,,NORTH,Mrs. Aaron Martin
330,330,Dr.,Wendy,Harris,Consumer,Single,Female,1965-01-02,2001-11-08,,SOUTH,Dr. Wendy Harris
331,331,Professor,Irene,Davis,SME,Widowed,Female,1975-11-25,2003-10-09,,EAST,Professor Irene Davis
332,332,Ms.,Samuel,Brown,SME,Single,Female,1998-09-22,2008-03-24,,EAST,Ms. Samuel Brown
333,333,Mrs.,Nathan,Brown,Corporate,Widowed,Female,1976-09-16,2000-09-21,,WEST,Mrs. Nathan Brown
334,334,Mrs.,Olivia,Brown,SME,Divorced,Female,1968-10-30,2013-03-09,,EAST,Mrs. Olivia Brown
335,335,Mrs.,Tina,Jones,SME,Divorced,Female,1968-07-26,2001-05-01,,WEST,Mrs. Tina Jones
336,336,Ms.,Karen,Anderson,Consumer,Single,Female,1973-12-26,2011-07-16,,WEST,Ms. Karen Anderson
337,337,Mrs.,Irene,Dillon,SME,Married,Female,1961-11-27,2005-08-07,,EAST,Mrs. Irene Dillon
338,338,Dr.,Yvonne,Jackson,SME,Divorced,Female,1962-10-03,2012-12-13,,WEST,Dr. Yvonne Jackson
339,339,Mr.,Olivia,Williams,SME,Divorced,Female,1986-02-21,2011-07-25,,SOUTH,Mr. Olivia Williams
340,340,Professor,Patrick,Taylor,SME,Widowed,Female,1950-03-23,2002-02-02,,SOUTH,Professor Patrick Taylor
341,341,Dr.,Zachary,Potter,Corporate,Married,Female,1969-07-17,2009-08-20,,EAST,Dr. Zachary Potter
342,342,Ms.,Allison,Anderson,SME,Married,Female,1999-02-07,2012-12-17,,NORTH,Ms. Allison Anderson
343,343,Mr.,Catherine,Johnson,Consumer,Widowed,Male,1958-12-07,2014-01-16,,NORTH,Mr. Catherine Johnson
344,344,Mr.,Olivia,Harris,SME,Married,Female,1988-05-19,2004-07-15,,WEST,Mr. Olivia Harris
345,345,Mr.,Brian,Wilson,Corporate,Single,Male,1982-05-03,2005-08-13,,WEST,Mr. Brian Wilson
346,346,Ms.,Megan,Dillon,SME,Single,Male,1971-01-03,2009-08-17,,EAST,Ms. Megan Dillon
347,347,Mr.,Gwendolyn,Martin,SME,Married,Female,1961-11-27,2013-04-25,,EAST,Mr. Gwendolyn Martin
348,348,Mr.,Aaron,Taylor,Corporate,Married,Male,1987-11-21,2015-07-26,,EAST,Mr. Aaron Taylor
349,349,Mr.,Megan,Williams,Corporate,Divorced,Male,1959-04-05,2007-01-10,,WEST,Mr. Megan Williams
350,350,Mrs.,Yvonne,Jones,SME,Single,Male,1956-02-20,2011-11-24,,SOUTH,Mrs. Yvonne Jones
351,351,Mrs.,Liam,Miller,Consumer,Widowed,Male,1986-12-08,2013-10-25,,SOUTH,Mrs. Liam Miller
352,352,Professor,Edward,Brown,Corporate,Widowed,Male,1984-06-14,2007-11-19,,EAST,Professor Edward Brown
353,353,Mr.,Irene,Dillon,SME,Divorced,Male,1972-04-06,2012-05-30,,WEST,Mr. Irene Dillon
354,354,Professor,Gwendolyn,Thompson,Corporate,Widowed,Male,1995-09-18,2004-03-25,,NORTH,Professor Gwendolyn Thompson
355,355,Mr.,Patrick,Jackson,SME,Single,Male,1971-08-18,2011-03-16,,WEST,Mr. Patrick Jackson
356,356,Dr.,Karen,Jones,SME,Divorced,Male,2000-12-28,2009-06-09,,NORTH,Dr. Karen Jones
357,357,Mr.,Yvonne,Williams,Consumer,Divorced,Male,1956-01-22,2000-04-22,,SOUTH,Mr. Yvonne Williams
358,358,Professor,Zachary,Jackson,Corporate,Widowed,Female,1975-09-14,2014-02-05,,EAST,Professor Zachary Jackson
359,359,Professor,Ursula,Potter,Corporate,Single,Male,1963-09-13,2006-03-23,,EAST,Professor Ursula Potter
360,360,Professor,Zachary,Jones,Corporate,Single,Female,1979-04-25,2008-10-05,,WEST,Professor Zachary Jones
361,361,Mr.,Bonnie,Davis,SME,Widowed,Male,1988-12-24,2002-08-08,,WEST,Mr. Bonnie Davis
362,362,Mr.,Victor,Garcia,SME,Married,Male,1951-02-20,2015-11-17,,NORTH,Mr. Victor Garcia
363,363,Professor,Patrick,Thomas,Corporate,Married,Male,1996-05-27,2005-10-24,,WEST,Professor Patrick Thomas
364,364,Mr.,Xander,Brown,SME,Divorced,Male,1980-01-21,2009-08-18,,NORTH,Mr. Xander Brown
365,365,Mr.,Wendy,Kirby,Consumer,Divorced,Female,1994-07-06,2010-03-17,,NORTH,Mr. Wendy Kirby
366,366,Ms.,Liam,Garcia,Consumer,Single,Male,1959-03-26,2012-11-14,,WEST,Ms. Liam Garcia
367,367,Mrs.,Brian,Smith,Corporate,Divorced,Male,1954-02-15,2010-07-31,,EAST,Mrs. Brian Smith
368,368,Professor,Brian,Johnson,Consumer,Divorced,Female,1987-08-16,2005-01-13,,WEST,Professor Brian Johnson
369,369,Professor,Irene,Williams,Consumer,Single,Male,1983-06-13,2002-09-05,,NORTH,Professor Irene Williams
370,370,Dr.,Megan,Williams,Consumer,Divorced,Female,1975-04-30,2006-12-20,,EAST,Dr. Megan Williams
371,371,Ms.,Liam,Miller,Corporate,Married,Female,2000-07-31,2006-10-25,,EAST,Ms. Liam Miller
372,372,Professor,Yvonne,Miller,Corporate,Single,Male,1971-12-29,2003-05-18,,SOUTH,Professor Yvonne Miller
373,373,Mr.,Rachel,Thomas,SME,Widowed,Female,1980-01-21,2000-01-12,,WEST,Mr. Rachel Thomas
374,374,Mrs.,Gwendolyn,Thompson,Consumer,Single,Female,1987-08-31,2011-01-13,,EAST,Mrs. Gwendolyn Thompson
375,375,Professor,Bonnie,Davis,Corporate,Divorced,Male,1987-01-22,2015-09-20,,EAST,Professor Bonnie Davis
376,376,Dr.,Quinn,Jones,Corporate,Single,Male,1956-09-18,2013-04-10,,EAST,Dr. Quinn Jones
377,377,Ms.,James,Wilson,Corporate,Divorced,Female,1985-04-03,2015-09-19,,WEST,Ms. James Wilson
378,378,Mrs.,Henry,Williams,Consumer,Single,Male,1962-03-19,2013-02-10,,NORTH,Mrs. Henry Williams
379,379,Ms.,Olivia,Harris,Consumer,Divorced,Female,1986-06-21,2002-09-16,,WEST,Ms. Olivia Harris
380,380,Mr.,Olivia,Wilson,SME,Divorced,Male,1958-02-10,2003-07-15,,NORTH,Mr. Olivia Wilson
381,381,Mrs.,Allison,Taylor,Corporate,Married,Female,1958-03-08,2015-12-13,,WEST,Mrs. Allison Taylor
382,382,Ms.,Victor,Anderson,Corporate,Widowed,Male,1965-08-07,2000-09-11,,EAST,Ms. Victor Anderson
383,383,Mrs.,Olivia,Brown,Consumer,Single,Male,1960-11-23,2000-04-07,,EAST,Mrs. Olivia Brown
384,384,Ms.,Allison,Jackson,Consumer,Divorced,Male,1957-07-16,2013-01-22,,WEST,Ms. Allison Jackson
385,385,Dr.,Gwendolyn,Dillon,Consumer,Divorced,Male,1961-07-22,2002-01-23,,EAST,Dr. Gwendolyn Dillon
386,386,Professor,Bonnie,Garcia,Consumer,Widowed,Female,1988-11-10,2008-11-09,,SOUTH,Professor Bonnie Garcia
387,387,Mrs.,Fiona,Thomas,Corporate,Divorced,Male,1966-10-16,2006-03-02,,SOUTH,Mrs. Fiona Thomas
388,388,Professor,Tina,Tyson,Corporate,Divorced,Female,1972-01-19,2014-07-08,,EAST,Professor Tina Tyson
389,389,Ms.,Bonnie,Williams,Consumer,Widowed,Male,1984-05-12,2003-01-29,,SOUTH,Ms. Bonnie Williams
390,390,Dr.,Megan,Thomas,SME,Divorced,Female,1998-11-07,2010-11-14,,EAST,Dr. Megan Thomas
391,391,Mr.,Irene,Garcia,Consumer,Married,Female,1978-08-10,2013-05-23,,SOUTH,Mr. Irene Garcia
392,392,Professor,Zachary,Martin,Consumer,Married,Male,1982-01-25,2013-02-05,,EAST,Professor Zachary Martin
393,393,Ms.,Victor,Davis,SME,Married,Female,1997-11-17,2001-04-03,,WEST,Ms. Victor Davis
394,394,Mrs.,Allison,Garcia,SME,Divorced,Female,1971-03-23,2013-04-15,,NORTH,Mrs. Allison Garcia
395,395,Professor,Wendy,Thomas,Corporate,Married,Female,2000-07-25,2003-03-10,,EAST,Professor Wendy Thomas
396,396,Mr.,Patrick,Johnson,Consumer,Married,Female,1955-01-15,2005-03-20,,WEST,Mr. Patrick Johnson
397,397,Mrs.,Karen,Tyson,Corporate,Married,Male,1961-09-15,2007-08-23,,EAST,Mrs. Karen Tyson
398,398,Mrs.,Edward,Kirby,Consumer,Divorced,Female,1959-12-14,2011-10-21,,EAST,Mrs. Edward Kirby
399,399,Ms.,Samuel,Brown,Consumer,Married,Female,1977-01-27,2007-03-27,,SOUTH,Ms. Samuel Brown
400,400,Mrs.,Ursula,Taylor,Consumer,Divorced,Male,2000-06-01,2015-07-22,,SOUTH,Mrs. Ursula Taylor
401,401,Mrs.,James,Anderson,SME,Widowed,Male,1965-12-11,2000-01-15,,SOUTH,Mrs. James Anderson
402,402,Professor,Tina,Taylor,Corporate,Single,Male,1969-10-26,2014-05-06,,WEST,Professor Tina Taylor
403,403,Mrs.,Xander,Williams,SME,Married,Male,1981-02-11,2007-03-02,,NORTH,Mrs. Xander Williams
404,404,Ms.,Olivia,Smith,Corporate,Single,Female,1968-10-23,2005-08-06,,NORTH,Ms. Olivia Smith
405,405,Mr.,Xander,Smith,Consumer,Widowed,Female,1984-08-16,2009-10-29,,EAST,Mr. Xander Smith
406,406,Ms.,Catherine,Jackson,Corporate,Single,Male,1998-12-27,2008-06-01,,SOUTH,Ms. Catherine Jackson
407,407,Mr.,Olivia,Williams,Corporate,Divorced,Male,1976-06-16,2000-06-13,,WEST,Mr. Olivia Williams
408,408,Dr.,Karen,Garcia,Corporate,Single,Female,1964-06-08,2001-09-06,,EAST,Dr. Karen Garcia
409,409,Mrs.,Nathan,Dillon,Consumer,Single,Female,1988-12-14,2003-07-10,,EAST,Mrs. Nathan Dillon
410,410,Professor,Gwendolyn,White,Corporate,Divorced,Male,1998-06-16,2005-12-13,,WEST,Professor Gwendolyn White
411,411,Professor,Bonnie,Jackson,Consumer,Married,Female,1999-04-25,2011-01-04,,EAST,Professor Bonnie Jackson
412,412,Ms.,Nathan,Williams,Consumer,Single,Male,1993-02-03,2004-06-23,,EAST,Ms. Nathan Williams
413,413,Mr.,Ursula,Anderson,Corporate,Divorced,Female,1992-06-26,2002-08-04,,WEST,Mr. Ursula Anderson
414,414,Mr.,Catherine,Wilson,Corporate,Married,Female,1998-10-25,2008-09-09,,SOUTH,Mr. Catherine Wilson
415,415,Mr.,Fiona,Harris,Corporate,Widowed,Male,1973-08-15,2009-11-11,,NORTH,Mr. Fiona Harris
416,416,Mrs.,Samuel,Johnson,SME,Divorced,Female,1958-09-04,2001-12-03,,NORTH,Mrs. Samuel Johnson
417,417,Dr.,Rachel,Johnson,SME,Widowed,Male,1996-11-18,2009-05-22,,WEST,Dr. Rachel Johnson
418,418,Dr.,James,Williams,Consumer,Married,Female,1953-02-11,2011-04-06,,SOUTH,Dr. James Williams
419,419,Mrs.,Fiona,Miller,Consumer,Widowed,Female,1961-04-27,2000-12-15,,WEST,Mrs. Fiona Miller
420,420,Mrs.,Allison,Dillon,Consumer,Single,Female,1973-02-19,2007-03-04,,WEST,Mrs. Allison Dillon
421,421,Ms.,Rachel,Taylor,SME,Single,Female,1996-08-16,2010-04-11,,SOUTH,Ms. Rachel Taylor
422,422,Mrs.,Nathan,Jones,Consumer,Single,Male,2000-10-31,2013-03-09,,EAST,Mrs. Nathan Jones
423,423,Ms.,Brian,Potter,SME,Widowed,Female,1986-11-12,2005-12-03,,NORTH,Ms. Brian Potter
424,424,Ms.,Bonnie,Garcia,Consumer,Widowed,Female,1986-02-25,2003-03-24,,SOUTH,Ms. Bonnie Garcia
425,425,Mr.,Wendy,Davis,Consumer,Divorced,Female,1992-08-19,2006-01-09,,NORTH,Mr. Wendy Davis
426,426,Dr.,James,Wilson,Corporate,Married,Female,1958-10-24,2005-02-10,,NORTH,Dr. James Wilson
427,427,Professor,Irene,White,Consumer,Widowed,Female,1958-01-04,2004-03-19,,NORTH,Professor Irene White
428,428,Ms.,Yvonne,Thompson,Consumer,Married,Female,1955-01-16,2011-07-23,,SOUTH,Ms. Yvonne Thompson
429,429,Professor,Edward,Thompson,Consumer,Married,Male,1952-08-06,2003-11-24,,SOUTH,Professor Edward Thompson
430,430,Mr.,Bonnie,Harris,Corporate,Married,Female,1982-05-01,2015-10-21,,WEST,Mr. Bonnie Harris
431,431,Mr.,Quinn,Jackson,Corporate,Divorced,Female,1952-09-28,2005-06-04,,SOUTH,Mr. Quinn Jackson
432,432,Professor,Brian,Martin,Consumer,Divorced,Female,1999-06-19,2007-11-05,,WEST,Professor Brian Martin
433,433,Dr.,James,Smith,Consumer,Married,Male,1954-06-15,2003-08-27,,EAST,Dr. James Smith
434,434,Dr.,Irene,Dillon,Corporate,Single,Male,1996-01-19,2000-06-13,,WEST,Dr. Irene Dillon
435,435,Mrs.,Tina,Smith,SME,Divorced,Female,1972-08-23,2013-08-23,,WEST,Mrs. Tina Smith
436,436,Ms.,Catherine,Jackson,Corporate,Married,Female,1991-03-07,2005-08-26,,SOUTH,Ms. Catherine Jackson
437,437,Mr.,Samuel,Brown,SME,Divorced,Female,1995-11-22,2014-11-09,,SOUTH,Mr. Samuel Brown
438,438,Dr.,Victor,Brown,SME,Divorced,Female,1955-09-23,2007-07-17,,NORTH,Dr. Victor Brown
439,439,Ms.,Irene,Dillon,Consumer,Married,Female,1966-11-25,2003-05-13,,NORTH,Ms. Irene Dillon
440,440,Mr.,Victor,Jones,Corporate,Divorced,Female,1994-08-15,2006-08-18,,NORTH,Mr. Victor Jones
441,441,Professor,Xander,Johnson,SME,Married,Female,1967-01-15,2007-09-12,,SOUTH,Professor Xander Johnson
442,442,Mrs.,Quinn,Anderson,Consumer,Divorced,Female,2000-01-31,2004-01-23,,NORTH,Mrs. Quinn Anderson
443,443,Professor,Xander,Wilson,SME,Divorced,Male,1966-06-04,2015-03-31,,WEST,Professor Xander Wilson
444,444,Ms.,Liam,Davis,Corporate,Divorced,Female,1987-09-22,2007-06-07,,WEST,Ms. Liam Davis
445,445,Dr.,Brian,Brown,Corporate,Single,Male,1954-10-25,2014-03-24,,SOUTH,Dr. Brian Brown
446,446,Professor,Brian,Jackson,Consumer,Single,Male,1976-10-07,2009-04-07,,EAST,Professor Brian Jackson
447,447,Professor,Karen,White,SME,Divorced,Male,1991-01-19,2003-03-19,,WEST,Professor Karen White
448,448,Mrs.,Patrick,Taylor,Consumer,Single,Female,1978-02-12,2014-03-25,,EAST,Mrs. Patrick Taylor
449,449,Professor,Gwendolyn,Garcia,Consumer,Single,Female,1964-03-19,2010-12-24,,NORTH,Professor Gwendolyn Garcia
450,450,Dr.,Megan,White,SME,Single,Male,1984-05-22,2000-02-08,,SOUTH,Dr. Megan White
451,451,Professor,Aaron,Taylor,SME,Single,Male,1967-02-05,2000-05-26,,NORTH,Professor Aaron Taylor
452,452,Ms.,Wendy,Thomas,SME,Widowed,Female,1961-07-26,2002-04-21,,WEST,Ms. Wendy Thomas
453,453,Ms.,Charles,Johnson,Corporate,Divorced,Male,1976-02-03,2010-03-23,,WEST,Ms. Charles Johnson
454,454,Ms.,Catherine,Martin,Consumer,Widowed,Male,1966-11-27,2003-09-12,,NORTH,Ms. Catherine Martin
455,455,Mrs.,Xander,Jones,Consumer,Married,Female,1951-12-20,2013-03-23,,WEST,Mrs. Xander Jones
456,456,Ms.,Megan,Dillon,SME,Single,Male,1997-12-22,2013-12-22,,EAST,Ms. Megan Dillon
457,457,Mr.,Ursula,Smith,Corporate,Widowed,Male,1960-05-22,2009-05-07,,EAST,Mr. Ursula Smith
458,458,Mrs.,Patrick,Jones,SME,Widowed,Male,1950-11-01,2006-10-02,,NORTH,Mrs. Patrick Jones
459,459,Mrs.,Tina,Tyson,Corporate,Single,Male,1987-07-30,2002-05-09,,NORTH,Mrs. Tina Tyson
460,460,Professor,Patrick,Miller,Corporate,Married,Female,1967-12-03,2005-11-24,,EAST,Professor Patrick Miller
461,461,Professor,Fiona,Johnson,Corporate,Widowed,Male,1994-07-13,2004-08-28,,NORTH,Professor Fiona Johnson
462,462,Mr.,Aaron,Williams,SME,Single,Male,1994-04-30,2003-05-06,,EAST,Mr. Aaron Williams
463,463,Mrs.,Catherine,Wilson,Corporate,Divorced,Male,1990-12-23,2006-08-22,,EAST,Mrs. Catherine Wilson
464,464,Mr.,Allison,Garcia,Corporate,Divorced,Male,1976-01-26,2008-01-29,,EAST,Mr. Allison Garcia
465,465,Mr.,Brian,Johnson,Corporate,Married,Female,1962-06-01,2014-11-17,,EAST,Mr. Brian Johnson
466,466,Mr.,Tina,Wilson,Consumer,Married,Female,1983-06-07,2007-09-08,,SOUTH,Mr. Tina Wilson
467,467,Dr.,Olivia,Wilson,Consumer,Married,Male,1992-11-27,2009-06-16,,SOUTH,Dr. Olivia Wilson
468,468,Mr.,Brian,Garcia,SME,Widowed,Female,1987-04-29,2013-04-01,,EAST,Mr. Brian Garcia
469,469,Ms.,Tina,Jackson,Corporate,Married,Female,1952-08-02,2015-05-09,,WEST,Ms. Tina Jackson
470,470,Dr.,Catherine,White,SME,Divorced,Female,1954-02-15,2001-06-02,,EAST,Dr. Catherine White
471,471,Professor,Wendy,Thompson,SME,Divorced,Male,2000-09-09,2005-01-08,,EAST,Professor Wendy Thompson
472,472,Dr.,Victor,Davis,Consumer,Widowed,Male,1981-01-07,2014-11-20,,SOUTH,Dr. Victor Davis
473,473,Professor,Ursula,Garcia,Consumer,Married,Female,1992-02-07,2011-02-13,,EAST,Professor Ursula Garcia
474,474,Ms.,Henry,Taylor,SME,Married,Female,1954-07-08,2011-05-15,,NORTH,Ms. Henry Taylor
475,475,Mr.,Allison,Davis,Consumer,Widowed,Female,1991-03-10,2009-12-17,,SOUTH,Mr. Allison Davis
476,476,Dr.,Karen,Brown,Corporate,Widowed,Male,1951-08-06,2002-04-20,,SOUTH,Dr. Karen Brown
477,477,Professor,Allison,Williams,SME,Married,Female,1977-04-30,2011-05-27,,EAST,Professor Allison Williams
478,478,Mrs.,Liam,Johnson,SME,Widowed,Female,1990-10-09,2007-06-12,,NORTH,Mrs. Liam Johnson
479,479,Mrs.,Diana,Brown,SME,Divorced,Female,1950-03-13,2007-08-28,,SOUTH,Mrs. Diana Brown
480,480,Mr.,Wendy,Brown,SME,Married,Female,1964-09-23,2011-01-16,,NORTH,Mr. Wendy Brown
481,481,Mrs.,Irene,Tyson,Consumer,Widowed,Female,1966-10-29,2002-09-16,,EAST,Mrs. Irene Tyson
482,482,Mr.,Wendy,Taylor,Corporate,Single,Female,1987-03-09,2001-01-15,,WEST,Mr. Wendy Taylor
483,483,Professor,Patrick,Smith,SME,Widowed,Female,1954-05-11,2012-05-29,,WEST,Professor Patrick Smith
484,484,Mrs.,Wendy,Kirby,SME,Widowed,Female,1961-07-08,2002-04-28,,WEST,Mrs. Wendy Kirby
485,485,Mrs.,Nathan,Tyson,Corporate,Divorced,Female,1974-07-19,2008-12-03,,SOUTH,Mrs. Nathan Tyson
486,486,Professor,Edward,White,SME,Divorced,Male,1995-12-17,2006-09-14,,WEST,Professor Edward White
487,487,Ms.,Gwendolyn,Tyson,SME,Married,Male,1980-12-23,2015-01-30,,WEST,Ms. Gwendolyn Tyson
488,488,Ms.,Wendy,Brown,SME,Widowed,Female,2000-06-11,2010-10-10,,NORTH,Ms. Wendy Brown
489,489,Professor,Zachary,Smith,Consumer,Widowed,Male,1959-07-21,2000-07-26,,SOUTH,Professor Zachary Smith
490,490,Mrs.,Gwendolyn,Wilson,Consumer,Divorced,Male,1975-09-18,2015-04-30,,EAST,Mrs. Gwendolyn Wilson
491,491,Mr.,Gwendolyn,Potter,SME,Single,Male,1982-03-07,2010-02-24,,NORTH,Mr. Gwendolyn Potter
492,492,Ms.,Henry,Thompson,Corporate,Widowed,Female,1954-03-20,2008-07-22,,SOUTH,Ms. Henry Thompson
493,493,Mrs.,Aaron,Wilson,SME,Divorced,Male,1989-10-01,2005-01-21,,EAST,Mrs. Aaron Wilson
494,494,Mrs.,James,Harris,SME,Married,Male,1956-09-06,2004-03-11,,WEST,Mrs. James Harris
495,495,Ms.,Bonnie,White,Consumer,Married,Female,1999-12-08,2005-12-04,,SOUTH,Ms. Bonnie White
496,496,Mrs.,Karen,Harris,SME,Divorced,Male,1953-08-01,2003-06-13,,EAST,Mrs. Karen Harris
497,497,Professor,Patrick,Kirby,SME,Divorced,Male,1982-02-15,2001-08-20,,NORTH,Professor Patrick Kirby
498,498,Professor,Quinn,Williams,Consumer,Widowed,Female,1964-04-19,2009-04-30,,WEST,Professor Quinn Williams
499,499,Ms.,Catherine,Miller,Consumer,Divorced,Female,1979-09-14,2008-02-03,,WEST,Ms. Catherine Miller
500,500,Dr.,Diana,Thomas,Consumer,Married,Female,1971-07-25,2014-05-28,,EAST,Dr. Diana Thomas
501,501,Dr.,Zachary,Brown,Consumer,Divorced,Female,1973-01-07,2012-02-12,,SOUTH,Dr. Zachary Brown
502,502,Ms.,Patrick,Johnson,Consumer,Single,Male,1967-04-10,2007-03-09,,SOUTH,Ms. Patrick Johnson
503,503,Mrs.,Ursula,Williams,Consumer,Widowed,Male,1969-02-15,2015-05-16,,EAST,Mrs. Ursula Williams
504,504,Mrs.,Ursula,Williams,Consumer,Divorced,Male,1952-02-18,2010-04-19,,SOUTH,Mrs. Ursula Williams
505,505,Ms.,Bonnie,Garcia,Corporate,Married,Female,2000-01-26,2001-07-31,,EAST,Ms. Bonnie Garcia
506,506,Dr.,Olivia,Dillon,Corporate,Single,Male,1988-11-06,2007-02-04,,SOUTH,Dr. Olivia Dillon
507,507,Mr.,Ursula,Tyson,Corporate,Single,Male,1954-01-31,2015-09-20,,EAST,Mr. Ursula Tyson
508,508,Professor,Zachary,Anderson,Corporate,Widowed,Female,1957-10-05,2006-04-25,,NORTH,Professor Zachary Anderson
509,509,Professor,Patrick,Garcia,SME,Widowed,Female,1969-09-22,2003-01-22,,EAST,Professor Patrick Garcia
510,510,Ms.,James,Dillon,Consumer,Married,Male,1951-01-01,2012-05-31,,WEST,Ms. James Dillon
511,511,Dr.,Samuel,Tyson,Corporate,Single,Male,1998-03-11,2012-04-12,,EAST,Dr. Samuel Tyson
512,512,Professor,Gwendolyn,White,Consumer,Married,Female,1962-10-12,2003-08-11,,NORTH,Professor Gwendolyn White
513,513,Professor,Diana,Garcia,SME,Widowed,Male,1954-11-18,2012-04-23,,WEST,Professor Diana Garcia
514,514,Ms.,Victor,Williams,Corporate,Widowed,Female,1958-10-23,2004-06-05,,NORTH,Ms. Victor Williams
515,515,Mrs.,Victor,Dillon,Consumer,Single,Female,1958-12-23,2006-05-24,,WEST,Mrs. Victor Dillon
516,516,Professor,Olivia,Taylor,SME,Married,Female,1977-06-04,2015-07-21,,SOUTH,Professor Olivia Taylor
517,517,Mr.,Nathan,Garcia,SME,Married,Female,1978-02-06,2005-07-09,,NORTH,Mr. Nathan Garcia
518,518,Mrs.,Allison,Thomas,Corporate,Widowed,Female,1979-09-30,2010-10-06,,NORTH,Mrs. Allison Thomas
519,519,Mr.,Patrick,Potter,Corporate,Single,Male,1965-10-08,2014-06-24,,NORTH,Mr. Patrick Potter
520,520,Mr.,Irene,Dillon,SME,Single,Female,1956-10-06,2000-06-01,,WEST,Mr. Irene Dillon
521,521,Ms.,Bonnie,Potter,SME,Widowed,Male,1998-10-04,2012-02-08,,WEST,Ms. Bonnie Potter
522,522,Professor,Megan,Davis,SME,Widowed,Male,1976-02-09,2003-01-01,,NORTH,Professor Megan Davis
523,523,Mr.,Liam,Thompson,SME,Married,Male,1971-06-07,2013-10-09,,SOUTH,Mr. Liam Thompson
524,524,Professor,Fiona,Garcia,SME,Married,Female,2000-10-05,2014-10-15,,SOUTH,Professor Fiona Garcia
525,525,Dr.,Bonnie,Davis,Corporate,Divorced,Male,1970-10-16,2001-05-29,,NORTH,Dr. Bonnie Davis
526,526,Professor,Victor,Miller,Corporate,Widowed,Male,1982-05-30,2008-09-14,,EAST,Professor Victor Miller
527,527,Mr.,Ursula,Taylor,SME,Divorced,Female,1996-10-10,2014-03-18,,EAST,Mr. Ursula Taylor
528,528,Dr.,Megan,Dillon,SME,Single,Female,1982-10-10,2013-03-07,,WEST,Dr. Megan Dillon
529,529,Dr.,Henry,Thompson,Corporate,Widowed,Male,1981-08-29,2007-09-27,,SOUTH,Dr. Henry Thompson
530,530,Mrs.,Olivia,Garcia,Consumer,Divorced,Male,1956-12-01,2011-07-17,,WEST,Mrs. Olivia Garcia
531,531,Professor,Fiona,Thomas,Corporate,Married,Female,1960-08-13,2014-10-29,,WEST,Professor Fiona Thomas
532,532,Dr.,Patrick,Martin,SME,Married,Female,1968-11-26,2013-04-01,,EAST,Dr. Patrick Martin
533,533,Mrs.,Henry,Johnson,SME,Single,Male,1964-06-15,2003-01-08,,EAST,Mrs. Henry Johnson
534,534,Mrs.,Fiona,Wilson,SME,Single,Female,1996-05-08,2009-02-03,,EAST,Mrs. Fiona Wilson
535,535,Professor,Gwendolyn,Harris,Consumer,Married,Female,1992-04-17,2010-10-20,,EAST,Professor Gwendolyn Harris
536,536,Mrs.,Zachary,Kirby,SME,Married,Female,1995-10-30,2005-12-06,,WEST,Mrs. Zachary Kirby
537,537,Mr.,Tina,Kirby,Consumer,Widowed,Male,1970-08-14,2008-06-25,,SOUTH,Mr. Tina Kirby
538,538,Professor,Gwendolyn,Thompson,Consumer,Single,Female,1987-08-30,2003-05-10,,EAST,Professor Gwendolyn Thompson
539,539,Professor,Catherine,Potter,SME,Widowed,Male,1960-07-17,2002-02-02,,EAST,Professor Catherine Potter
540,540,Dr.,Catherine,Dillon,Consumer,Divorced,Female,1996-11-01,2009-06-08,,EAST,Dr. Catherine Dillon
541,541,Dr.,Zachary,Martin,Corporate,Single,Male,1981-06-12,2013-03-18,,WEST,Dr. Zachary Martin
542,542,Mr.,Patrick,Davis,Corporate,Widowed,Male,1975-06-01,2013-06-02,,NORTH,Mr. Patrick Davis
543,543,Professor,Wendy,Smith,Corporate,Single,Male,1996-11-17,2002-08-23,,EAST,Professor Wendy Smith
544,544,Mr.,Nathan,Thomas,Corporate,Divorced,Female,1963-11-20,2009-07-22,,NORTH,Mr. Nathan Thomas
545,545,Dr.,Tina,Wilson,Consumer,Widowed,Female,1968-04-10,2009-04-08,,NORTH,Dr. Tina Wilson
546,546,Professor,Irene,Anderson,SME,Widowed,Male,1980-11-22,2015-10-28,,SOUTH,Professor Irene Anderson
547,547,Dr.,Xander,Davis,SME,Married,Female,1964-07-07,2002-04-01,,EAST,Dr. Xander Davis
548,548,Professor,Zachary,Potter,SME,Widowed,Male,1954-09-02,2003-08-09,,NORTH,Professor Zachary Potter
549,549,Dr.,Allison,Jones,Corporate,Single,Male,1989-01-22,2001-12-23,,EAST,Dr. Allison Jones
550,550,Mr.,Charles,Tyson,SME,Divorced,Male,1984-06-24,2008-12-26,,NORTH,Mr. Charles Tyson
551,551,Dr.,Ursula,Martin,Consumer,Divorced,Male,1950-12-17,2004-07-10,,WEST,Dr. Ursula Martin
552,552,Mr.,Tina,Garcia,Consumer,Single,Male,1982-04-10,2005-05-13,,WEST,Mr. Tina Garcia
553,553,Ms.,Yvonne,Jackson,SME,Married,Male,1985-06-14,2009-02-03,,NORTH,Ms. Yvonne Jackson
554,554,Ms.,Charles,Potter,Corporate,Divorced,Female,2000-02-29,2013-01-27,,EAST,Ms. Charles Potter
555,555,Dr.,Tina,Miller,Corporate,Single,Male,1986-03-29,2012-11-22,,WEST,Dr. Tina Miller
556,556,Professor,Quinn,Brown,Corporate,Divorced,Male,1956-06-29,2011-04-14,,SOUTH,Professor Quinn Brown
557,557,Professor,Catherine,Potter,Corporate,Widowed,Female,1972-06-10,2015-07-27,,NORTH,Professor Catherine Potter
558,558,Dr.,Yvonne,Taylor,Corporate,Single,Male,1991-05-02,2013-02-28,,WEST,Dr. Yvonne Taylor
559,559,Mrs.,Charles,Jackson,Corporate,Widowed,Male,1970-08-18,2007-01-30,,NORTH,Mrs. Charles Jackson
560,560,Mr.,Henry,Anderson,Consumer,Divorced,Male,1985-10-16,2015-02-09,,NORTH,Mr. Henry Anderson
561,561,Mrs.,Karen,Thomas,Corporate,Married,Male,1974-02-21,2004-02-06,,SOUTH,Mrs. Karen Thomas
562,562,Ms.,Xander,Davis,Consumer,Married,Female,1968-07-20,2005-02-20,,WEST,Ms. Xander Davis
563,563,Mr.,Yvonne,Brown,SME,Widowed,Male,1957-01-15,2015-02-27,,WEST,Mr. Yvonne Brown
564,564,Ms.,Brian,Martin,Corporate,Divorced,Male,1978-04-19,2011-01-16,,EAST,Ms. Brian Martin
565,565,Professor,Megan,Davis,Corporate,Widowed,Male,1961-07-04,2001-03-19,,NORTH,Professor Megan Davis
566,566,Dr.,Megan,Garcia,Corporate,Widowed,Male,1960-10-19,2015-08-30,,NORTH,Dr. Megan Garcia
567,567,Dr.,Victor,Miller,SME,Divorced,Female,1959-01-15,2007-04-19,,EAST,Dr. Victor Miller
568,568,Mrs.,Rachel,Wilson,Corporate,Divorced,Male,1974-03-03,2010-07-28,,WEST,Mrs. Rachel Wilson
569,569,Dr.,Nathan,Miller,Corporate,Widowed,Female,1983-05-27,2008-03-09,,SOUTH,Dr. Nathan Miller
570,570,Professor,Samuel,Jones,Consumer,Divorced,Female,1970-07-04,2002-03-29,,WEST,Professor Samuel Jones
571,571,Mrs.,Gwendolyn,Jones,Corporate,Married,Female,1992-06-07,2000-03-20,,SOUTH,Mrs. Gwendolyn Jones
572,572,Professor,Catherine,Dillon,Corporate,Widowed,Female,1997-11-27,2007-01-30,,WEST,Professor Catherine Dillon
573,573,Mrs.,Megan,Brown,Corporate,Divorced,Male,1955-05-22,2004-10-31,,EAST,Mrs. Megan Brown
574,574,Ms.,Xander,Taylor,Corporate,Divorced,Male,1982-05-21,2008-01-30,,SOUTH,Ms. Xander Taylor
575,575,Professor,Diana,Thomas,Corporate,Married,Female,1967-11-07,2012-12-08,,SOUTH,Professor Diana Thomas
576,576,Dr.,Victor,Thompson,SME,Widowed,Female,1990-02-05,2001-10-04,,NORTH,Dr. Victor Thompson
577,577,Mrs.,Ursula,Jones,Consumer,Widowed,Male,1980-04-08,2009-06-17,,SOUTH,Mrs. Ursula Jones
578,578,Ms.,Karen,Davis,SME,Divorced,Female,1978-06-06,2014-08-24,,WEST,Ms. Karen Davis
579,579,Ms.,Irene,Harris,Consumer,Widowed,Male,1996-09-26,2010-02-05,,SOUTH,Ms. Irene Harris
580,580,Ms.,Edward,Davis,Corporate,Married,Male,1957-03-08,2004-09-21,,EAST,Ms. Edward Davis
581,581,Professor,Charles,Martin,SME,Widowed,Male,1954-10-30,2000-08-03,,EAST,Professor Charles Martin
582,582,Mrs.,Irene,Tyson,Corporate,Widowed,Male,1957-07-25,2014-09-08,,EAST,Mrs. Irene Tyson
583,583,Dr.,Xander,Anderson,Consumer,Married,Male,1961-05-05,2002-12-11,,WEST,Dr. Xander Anderson
584,584,Dr.,Brian,Taylor,SME,Divorced,Female,1991-11-30,2012-02-15,,NORTH,Dr. Brian Taylor
585,585,Mrs.,Wendy,Potter,SME,Widowed,Female,1990-12-17,2014-02-25,,WEST,Mrs. Wendy Potter
586,586,Mrs.,Patrick,Potter,Corporate,Divorced,Female,1958-01-13,2009-11-28,,NORTH,Mrs. Patrick Potter
587,587,Mr.,Edward,Anderson,Corporate,Married,Female,1950-01-04,2011-09-27,,NORTH,Mr. Edward Anderson
588,588,Dr.,Rachel,Smith,Corporate,Single,Female,1992-10-19,2006-09-20,,SOUTH,Dr. Rachel Smith
589,589,Professor,Zachary,Smith,SME,Widowed,Female,1983-07-10,2004-03-24,,WEST,Professor Zachary Smith
590,590,Dr.,Henry,Garcia,Consumer,Divorced,Female,1983-12-12,2004-12-12,,SOUTH,Dr. Henry Garcia
591,591,Ms.,Quinn,Tyson,Corporate,Divorced,Male,1975-07-17,2014-07-18,,WEST,Ms. Quinn Tyson
592,592,Ms.,Fiona,Jones,SME,Widowed,Female,1959-11-26,2014-04-14,,EAST,Ms. Fiona Jones
593,593,Dr.,Wendy,Tyson,Consumer,Single,Male,1966-11-06,2007-03-11,,NORTH,Dr. Wendy Tyson
594,594,Ms.,Fiona,Brown,SME,Widowed,Male,1974-02-24,2002-10-21,,EAST,Ms. Fiona Brown
595,595,Mr.,Charles,Jones,Corporate,Divorced,Female,1994-04-13,2004-11-14,,WEST,Mr. Charles Jones
596,596,Mr.,Liam,Harris,Consumer,Married,Female,1979-08-18,2001-10-19,,SOUTH,Mr. Liam Harris
597,597,Dr.,Charles,Potter,Corporate,Divorced,Male,1966-04-17,2004-04-23,,SOUTH,Dr. Charles Potter
598,598,Dr.,Yvonne,Davis,Consumer,Single,Female,1989-09-27,2005-07-17,,EAST,Dr. Yvonne Davis
599,599,Dr.,Quinn,Miller,Corporate,Divorced,Male,1984-11-28,2015-04-14,,EAST,Dr. Quinn Miller
600,600,Professor,Xander,Potter,SME,Widowed,Female,1960-12-16,2005-09-06,,EAST,Professor Xander Potter
601,601,Mrs.,Liam,Johnson,Corporate,Widowed,Male,1960-02-18,2005-04-17,,WEST,Mrs. Liam Johnson
602,602,Professor,Zachary,Wilson,Consumer,Married,Male,1960-09-25,2008-11-16,,WEST,Professor Zachary Wilson
603,603,Mrs.,Wendy,Tyson,Consumer,Married,Female,1983-04-27,2002-01-03,,SOUTH,Mrs. Wendy Tyson
604,604,Ms.,Victor,Tyson,SME,Divorced,Male,1955-05-22,2001-05-04,,EAST,Ms. Victor Tyson
605,605,Mrs.,Edward,Martin,Corporate,Divorced,Male,1978-06-01,2012-07-10,,EAST,Mrs. Edward Martin
606,606,Ms.,Wendy,Jackson,Corporate,Single,Female,1962-02-01,2005-08-15,,EAST,Ms. Wendy Jackson
607,607,Mrs.,Rachel,Martin,Corporate,Divorced,Female,2000-11-03,2004-03-08,,NORTH,Mrs. Rachel Martin
608,608,Professor,Brian,Tyson,Corporate,Married,Female,1964-05-21,2001-07-18,,NORTH,Professor Brian Tyson
609,609,Dr.,Rachel,Thomas,SME,Widowed,Male,1950-01-24,2014-04-23,,NORTH,Dr. Rachel Thomas
610,610,Professor,Tina,Thomas,SME,Single,Female,1971-06-04,2007-03-12,,EAST,Professor Tina Thomas
611,611,Professor,Quinn,Martin,Corporate,Divorced,Female,1963-10-30,2013-10-01,,WEST,Professor Quinn Martin
612,612,Professor,Diana,Brown,Consumer,Married,Male,1955-12-25,2000-12-24,,NORTH,Professor Diana Brown
613,613,Mrs.,Diana,Martin,SME,Widowed,Female,1958-11-10,2000-09-17,,WEST,Mrs. Diana Martin
614,614,Mrs.,Bonnie,Thomas,SME,Married,Female,1956-05-11,2000-04-17,,NORTH,Mrs. Bonnie Thomas
615,615,Mr.,Olivia,Dillon,Corporate,Widowed,Male,1982-05-19,2012-07-07,,EAST,Mr. Olivia Dillon
616,616,Mr.,Quinn,Johnson,SME,Married,Male,1977-04-07,2001-09-30,,NORTH,Mr. Quinn Johnson
617,617,Professor,Xander,Davis,SME,Married,Male,1984-07-27,2004-04-01,,EAST,Professor Xander Davis
618,618,Dr.,Rachel,Potter,SME,Divorced,Female,1959-06-20,2014-04-28,,WEST,Dr. Rachel Potter
619,619,Mrs.,Catherine,Brown,SME,Widowed,Female,1966-03-09,2012-05-02,,SOUTH,Mrs. Catherine Brown
620,620,Dr.,Rachel,Tyson,Corporate,Divorced,Female,1981-08-10,2007-01-25,,WEST,Dr. Rachel Tyson
621,621,Professor,Allison,Taylor,Corporate,Married,Female,1971-08-06,2012-08-18,,SOUTH,Professor Allison Taylor
622,622,Dr.,Olivia,Harris,SME,Divorced,Male,1950-01-07,2000-10-10,,NORTH,Dr. Olivia Harris
623,623,Mr.,Catherine,Anderson,Corporate,Married,Male,1976-12-11,2004-12-22,,WEST,Mr. Catherine Anderson
624,624,Professor,Rachel,Thompson,Corporate,Single,Female,1963-11-18,2002-02-11,,NORTH,Professor Rachel Thompson
625,625,Ms.,Edward,Wilson,Corporate,Divorced,Male,1972-06-01,2005-03-23,,WEST,Ms. Edward Wilson
626,626,Mr.,Samuel,Miller,Corporate,Married,Male,1979-02-17,2010-10-27,,SOUTH,Mr. Samuel Miller
627,627,Dr.,Bonnie,Kirby,Corporate,Divorced,Female,1957-01-15,2001-04-03,,NORTH,Dr. Bonnie Kirby
628,628,Mrs.,Brian,Brown,Consumer,Widowed,Female,1951-01-10,2014-03-20,,SOUTH,Mrs. Brian Brown
629,629,Professor,Karen,Potter,Consumer,Married,Male,1963-06-03,2007-05-01,,EAST,Professor Karen Potter
630,630,Professor,Olivia,Tyson,Corporate,Married,Female,1995-04-13,2002-01-07,,SOUTH,Professor Olivia Tyson
631,631,Ms.,Edward,Jones,SME,Single,Female,1957-05-28,2010-09-03,,SOUTH,Ms. Edward Jones
632,632,Professor,Charles,Jackson,Consumer,Married,Female,1988-12-24,2015-08-26,,NORTH,Professor Charles Jackson
633,633,Professor,Patrick,Jackson,Consumer,Married,Male,1967-08-05,2012-08-02,,WEST,Professor Patrick Jackson
634,634,Ms.,Yvonne,White,Corporate,Widowed,Female,1958-01-14,2002-07-10,,NORTH,Ms. Yvonne White
635,635,Ms.,Gwendolyn,Taylor,Corporate,Married,Female,1952-03-04,2006-11-02,,NORTH,Ms. Gwendolyn Taylor
636,636,Mrs.,Olivia,Johnson,Consumer,Divorced,Male,1967-12-01,2015-05-16,,WEST,Mrs. Olivia Johnson
637,637,Mrs.,Xander,Johnson,Corporate,Single,Male,1963-04-02,2006-06-14,,EAST,Mrs. Xander Johnson
638,638,Mr.,Olivia,Martin,Consumer,Married,Female,1979-10-10,2004-09-08,,NORTH,Mr. Olivia Martin
639,639,Mr.,Tina,Jones,Corporate,Single,Male,1983-10-15,2013-01-27,,SOUTH,Mr. Tina Jones
640,640,Professor,James,Miller,SME,Widowed,Male,1974-05-04,2001-03-10,,EAST,Professor James Miller
641,641,Ms.,Megan,Wilson,SME,Divorced,Female,1959-09-06,2000-06-05,,EAST,Ms. Megan Wilson
642,642,Mr.,Megan,Thompson,Consumer,Single,Male,1978-04-20,2010-11-14,,WEST,Mr. Megan Thompson
643,643,Mr.,Rachel,Smith,Corporate,Divorced,Female,1972-03-12,2011-11-15,,SOUTH,Mr. Rachel Smith
644,644,Mr.,Xander,Garcia,Corporate,Divorced,Female,1981-02-10,2015-05-07,,SOUTH,Mr. Xander Garcia
645,645,Mr.,Quinn,Wilson,SME,Single,Female,1973-02-12,2008-09-06,,WEST,Mr. Quinn Wilson
646,646,Dr.,Edward,Taylor,SME,Widowed,Male,1962-04-25,2001-12-20,,WEST,Dr. Edward Taylor
647,647,Mrs.,Henry,Kirby,Corporate,Divorced,Male,1988-04-05,2007-01-03,,SOUTH,Mrs. Henry Kirby
648,648,Professor,Ursula,Jones,Consumer,Married,Female,1998-07-27,2015-05-05,,WEST,Professor Ursula Jones
649,649,Professor,Nathan,Jones,SME,Single,Male,1964-03-06,2007-02-13,,WEST,Professor Nathan Jones
650,650,Mr.,Karen,Jones,Corporate,Widowed,Female,1978-08-04,2009-04-14,,WEST,Mr. Karen Jones
651,651,Mr.,Edward,Miller,SME,Single,Female,1961-10-20,2004-02-22,,NORTH,Mr. Edward Miller
652,652,Mrs.,Tina,Davis,SME,Single,Female,1952-05-04,2008-01-22,,WEST,Mrs. Tina Davis
653,653,Dr.,Quinn,Tyson,Corporate,Widowed,Female,1983-07-20,2004-02-16,,WEST,Dr. Quinn Tyson
654,654,Mrs.,Fiona,Miller,Corporate,Single,Female,1952-11-22,2009-03-01,,WEST,Mrs. Fiona Miller
655,655,Mrs.,Xander,Miller,SME,Widowed,Female,1955-12-08,2003-12-21,,WEST,Mrs. Xander Miller
656,656,Mrs.,Brian,Harris,SME,Single,Female,1988-05-11,2009-01-29,,NORTH,Mrs. Brian Harris
657,657,Professor,Megan,Tyson,SME,Single,Male,1998-02-06,2011-10-12,,NORTH,Professor Megan Tyson
658,658,Mrs.,Olivia,Johnson,SME,Widowed,Male,1996-07-14,2012-01-24,,SOUTH,Mrs. Olivia Johnson
659,659,Mr.,Quinn,Dillon,Corporate,Widowed,Female,1967-01-13,2006-07-13,,SOUTH,Mr. Quinn Dillon
660,660,Dr.,Olivia,Garcia,SME,Single,Male,1976-05-31,2013-10-01,,NORTH,Dr. Olivia Garcia
661,661,Dr.,Allison,Dillon,Consumer,Single,Male,1958-02-11,2011-03-25,,SOUTH,Dr. Allison Dillon
662,662,Dr.,Nathan,Taylor,SME,Widowed,Male,1952-03-27,2004-01-05,,SOUTH,Dr. Nathan Taylor
663,663,Ms.,Charles,Wilson,Consumer,Single,Female,1964-09-17,2002-10-09,,SOUTH,Ms. Charles Wilson
664,664,Dr.,Charles,Thompson,Corporate,Married,Female,1995-11-27,2013-09-23,,NORTH,Dr. Charles Thompson
665,665,Ms.,Yvonne,Garcia,Consumer,Married,Male,2000-09-25,2014-10-16,,EAST,Ms. Yvonne Garcia
666,666,Dr.,Yvonne,Johnson,Corporate,Widowed,Male,1977-08-21,2006-12-10,,WEST,Dr. Yvonne Johnson
667,667,Professor,Allison,Kirby,Consumer,Divorced,Female,1950-04-26,2013-12-18,,EAST,Professor Allison Kirby
668,668,Professor,Brian,Martin,Consumer,Widowed,Male,1950-07-08,2013-08-20,,SOUTH,Professor Brian Martin
669,669,Dr.,Olivia,White,Consumer,Single,Female,1957-02-14,2013-06-26,,SOUTH,Dr. Olivia White
670,670,Mrs.,Bonnie,Garcia,Consumer,Divorced,Male,1954-12-10,2014-08-26,,WEST,Mrs. Bonnie Garcia
671,671,Professor,Victor,Kirby,Consumer,Single,Male,1976-10-10,2007-06-05,,EAST,Professor Victor Kirby
672,672,Ms.,Fiona,Garcia,SME,Widowed,Female,2000-06-08,2003-12-24,,SOUTH,Ms. Fiona Garcia
673,673,Ms.,Charles,Anderson,Corporate,Single,Male,1983-01-25,2008-07-01,,EAST,Ms. Charles Anderson
674,674,Mr.,Patrick,Jones,SME,Widowed,Male,1974-08-15,2007-05-20,,NORTH,Mr. Patrick Jones
675,675,Mr.,Tina,Johnson,SME,Widowed,Female,1997-06-15,2001-12-19,,WEST,Mr. Tina Johnson
676,676,Ms.,Tina,Taylor,Consumer,Divorced,Female,1997-02-19,2012-11-24,,SOUTH,Ms. Tina Taylor
677,677,Professor,Patrick,Garcia,Consumer,Divorced,Male,1970-11-17,2015-11-22,,SOUTH,Professor Patrick Garcia
678,678,Mr.,Aaron,Harris,Corporate,Widowed,Male,1968-08-07,2013-10-19,,EAST,Mr. Aaron Harris
679,679,Mrs.,Liam,Potter,SME,Married,Female,1951-01-06,2014-05-14,,NORTH,Mrs. Liam Potter
680,680,Ms.,Zachary,Williams,Consumer,Divorced,Male,1976-12-09,2011-05-13,,NORTH,Ms. Zachary Williams
681,681,Professor,Karen,Jackson,Corporate,Married,Female,1952-08-12,2003-12-09,,NORTH,Professor Karen Jackson
682,682,Mrs.,Patrick,Johnson,SME,Widowed,Female,1993-03-13,2003-06-26,,SOUTH,Mrs. Patrick Johnson
683,683,Mr.,Zachary,White,SME,Divorced,Male,1996-09-30,2006-09-18,,SOUTH,Mr. Zachary White
684,684,Ms.,Samuel,Taylor,Consumer,Divorced,Female,1955-12-10,2003-05-08,,WEST,Ms. Samuel Taylor
685,685,Mrs.,Ursula,Potter,Corporate,Single,Female,1984-12-13,2004-03-15,,SOUTH,Mrs. Ursula Potter
686,686,Mr.,Irene,White,Corporate,Divorced,Female,1994-08-05,2005-04-30,,EAST,Mr. Irene White
687,687,Mrs.,Quinn,Anderson,Consumer,Single,Male,1960-01-26,2008-05-23,,WEST,Mrs. Quinn Anderson
688,688,Dr.,Quinn,Smith,Corporate,Married,Female,1994-11-11,2003-06-16,,SOUTH,Dr. Quinn Smith
689,689,Mrs.,Yvonne,Taylor,Consumer,Married,Male,1958-10-25,2011-07-30,,NORTH,Mrs. Yvonne Taylor
690,690,Mr.,Megan,Thompson,SME,Single,Male,1950-05-15,2006-12-22,,SOUTH,Mr. Megan Thompson
691,691,Mr.,Olivia,Johnson,Consumer,Divorced,Female,1996-09-14,2014-10-12,,NORTH,Mr. Olivia Johnson
692,692,Mrs.,Karen,Miller,Corporate,Divorced,Male,1975-09-17,2006-03-16,,WEST,Mrs. Karen Miller
693,693,Ms.,Edward,Garcia,Consumer,Single,Female,1960-04-08,2000-05-04,,NORTH,Ms. Edward Garcia
694,694,Ms.,Irene,Jones,Corporate,Single,Female,1971-12-19,2003-11-04,,NORTH,Ms. Irene Jones
695,695,Mr.,Bonnie,Jones,Consumer,Single,Female,1992-03-26,2015-02-24,,SOUTH,Mr. Bonnie Jones
696,696,Dr.,Charles,White,SME,Widowed,Female,1966-01-21,2015-10-21,,EAST,Dr. Charles White
697,697,Professor,Karen,Miller,Consumer,Married,Female,1957-01-17,2010-06-11,,NORTH,Professor Karen Miller
698,698,Dr.,Olivia,Anderson,Consumer,Married,Female,1992-03-19,2005-03-13,,EAST,Dr. Olivia Anderson
699,699,Ms.,Megan,Garcia,Consumer,Widowed,Male,1979-02-19,2010-03-02,,NORTH,Ms. Megan Garcia
700,700,Dr.,Diana,Thomas,Corporate,Divorced,Male,1991-05-19,2003-10-31,,SOUTH,Dr. Diana Thomas
1,701,Professor,Yvonne,Harris,SME,Single,Female,1996-05-27,2024-01-15,,WEST,Professor Yvonne Harris
2,702,Dr.,Victor,Brown,Corporate,Widowed,Male,1988-01-24,2024-01-15,,SOUTH,Dr. Victor Brown
3,703,Mrs.,Catherine,Jackson,SME,Married,Male,1986-05-18,2024-01-15,,SOUTH,Mrs. Catherine Jackson
4,704,Dr.,Rachel,Jones,Consumer,Married,Male,1980-01-17,2024-01-15,,EAST,Dr. Rachel Jones
5,705,Ms.,Victor,Garcia,Consumer,Widowed,Female,1970-09-01,2024-01-15,,NORTH,Ms. Victor Garcia
6,706,Professor,Olivia,Brown,SME,Divorced,Female,1995-07-18,2024-01-15,,NORTH,Professor Olivia Brown
7,707,Mr.,Quinn,Dillon,Consumer,Single,Male,1984-09-07,2024-01-15,,WEST,Mr. Quinn Dillon
8,708,Dr.,Yvonne,Tyson,Consumer,Divorced,Male,1989-04-15,2024-01-15,,SOUTH,Dr. Yvonne Tyson
9,709,Professor,Brian,Smith,Consumer,Married,Male,1984-11-04,2024-01-15,,NORTH,Professor Brian Smith
10,710,Professor,Wendy,Davis,SME,Widowed,Female,1992-10-04,2024-01-15,,EAST,Professor Wendy Davis
11,711,Mrs.,James,Tyson,Corporate,Single,Male,1982-09-20,2024-01-15,,NORTH,Mrs. James Tyson
12,712,Dr.,Ursula,Potter,SME,Widowed,Male,1999-05-17,2024-01-15,,NORTH,Dr. Ursula Potter
13,713,Mr.,Liam,Garcia,Consumer,Widowed,Female,1987-07-08,2024-01-15,,SOUTH,Mr. Liam Garcia
14,714,Mrs.,Rachel,Garcia,Consumer,Widowed,Female,1987-01-25,2024-01-15,,SOUTH,Mrs. Rachel Garcia
15,715,Professor,Charles,Dillon,SME,Widowed,Female,1997-05-20,2024-01-15,,EAST,Professor Charles Dillon
16,716,Dr.,Rachel,Jones,SME,Widowed,Female,1976-11-26,2024-01-15,,SOUTH,Dr. Rachel Jones
17,717,Ms.,Quinn,Kirby,Consumer,Widowed,Male,1998-11-09,2024-01-15,,WEST,Ms. Quinn Kirby
18,718,Professor,Aaron,Jackson,SME,Married,Male,1986-07-16,2024-01-15,,NORTH,Professor Aaron Jackson
19,719,Ms.,Catherine,Smith,SME,Divorced,Female,1987-02-02,2024-01-15,,EAST,Ms. Catherine Smith
20,720,Dr.,Samuel,Johnson,Consumer,Single,Male,1982-07-17,2024-01-15,,NORTH,Dr. Samuel Johnson
21,721,Ms.,Brian,Thomas,Corporate,Divorced,Male,1993-06-27,2024-01-15,,WEST,Ms. Brian Thomas
22,722,Dr.,Samuel,Jackson,Consumer,Married,Female,1997-06-04,2024-01-15,,SOUTH,Dr. Samuel Jackson
23,723,Mrs.,Ursula,Davis,SME,Married,Female,1987-07-23,2024-01-15,,NORTH,Mrs. Ursula Davis
24,724,Mrs.,Rachel,Kirby,Consumer,Divorced,Female,1977-05-17,2024-01-15,,WEST,Mrs. Rachel Kirby
25,725,Mr.,Victor,Taylor,Consumer,Divorced,Female,1977-12-24,2024-01-15,,NORTH,Mr. Victor Taylor
26,726,Dr.,Fiona,Kirby,Consumer,Widowed,Male,1979-12-21,2024-01-15,,NORTH,Dr. Fiona Kirby
27,727,Professor,Tina,Thomas,Consumer,Married,Male,1995-02-12,2024-01-15,,NORTH,Professor Tina Thomas
28,728,Ms.,Liam,Smith,SME,Widowed,Female,1987-04-30,2024-01-15,,SOUTH,Ms. Liam Smith
29,729,Mr.,Tina,Taylor,Corporate,Divorced,Female,1980-01-22,2024-01-15,,NORTH,Mr. Tina Taylor
30,730,Mrs.,James,Dillon,SME,Single,Male,1975-01-29,2024-01-15,,EAST,Mrs. James Dillon
31,731,Professor,Patrick,Garcia,Consumer,Married,Female,1996-02-09,2024-01-15,,SOUTH,Professor Patrick Garcia
32,732,Ms.,Zachary,Johnson,Consumer,Divorced,Male,1987-09-12,2024-01-15,,WEST,Ms. Zachary Johnson
33,733,Mr.,Karen,Anderson,Corporate,Single,Female,1984-09-14,2024-01-15,,NORTH,Mr. Karen Anderson
34,734,Mr.,Gwendolyn,Garcia,Corporate,Married,Female,1991-05-07,2024-01-15,,WEST,Mr. Gwendolyn Garcia
35,735,Mrs.,Zachary,White,Corporate,Divorced,Male,1970-09-21,2024-01-15,,EAST,Mrs. Zachary White
36,736,Mrs.,Wendy,Dillon,Consumer,Divorced,Male,1971-07-31,2024-01-15,,NORTH,Mrs. Wendy Dillon
37,737,Mrs.,Olivia,Jackson,SME,Single,Female,1995-03-10,2024-01-15,,NORTH,Mrs. Olivia Jackson
38,738,Professor,Xander,Jones,Corporate,Single,Female,1986-03-12,2024-01-15,,EAST,Professor Xander Jones
39,739,Mrs.,Brian,Thompson,SME,Divorced,Female,1977-04-21,2024-01-15,,WEST,Mrs. Brian Thompson
40,740,Ms.,Rachel,White,Corporate,Single,Female,1996-03-06,2024-01-15,,WEST,Ms. Rachel White
41,741,Dr.,Rachel,Harris,Corporate,Divorced,Male,1976-03-14,2024-01-15,,SOUTH,Dr. Rachel Harris
42,742,Ms.,Quinn,Taylor,SME,Divorced,Female,1996-05-23,2024-01-15,,SOUTH,Ms. Quinn Taylor
43,743,Ms.,Zachary,Taylor,SME,Divorced,Male,1992-07-09,2024-01-15,,SOUTH,Ms. Zachary Taylor
44,744,Ms.,Tina,Brown,Consumer,Widowed,Female,1971-02-21,2024-01-15,,WEST,Ms. Tina Brown
45,745,Mr.,Catherine,Johnson,Consumer,Married,Female,1986-09-17,2024-01-15,,WEST,Mr. Catherine Johnson
46,746,Professor,Ursula,Davis,Consumer,Married,Male,1998-10-30,2024-01-15,,WEST,Professor Ursula Davis
47,747,Ms.,Brian,Taylor,Consumer,Married,Male,1984-07-14,2024-01-15,,EAST,Ms. Brian Taylor
48,748,Dr.,Bonnie,Thompson,Consumer,Widowed,Male,2000-08-04,2024-01-15,,NORTH,Dr. Bonnie Thompson
49,749,Ms.,James,Anderson,SME,Widowed,Female,1996-04-22,2024-01-15,,EAST,Ms. James Anderson
50,750,Mrs.,Patrick,Davis,Corporate,Widowed,Female,1983-02-17,2024-01-15,,SOUTH,Mrs. Patrick Davis
51,1354,Mr.,Aaron,Dillon,Consumer,Married,Male,1985-02-15,2024-04-12,2024-04-12,EAST,Mr. Aaron Dillon
1,751,Mr.,Gwendolyn,Garcia,Consumer,Widowed,Female,1990-12-06,2024-02-20,,WEST,Mr. Gwendolyn Garcia
2,752,Mr.,Diana,Tyson,SME,Single,Male,1975-01-21,2024-02-20,,WEST,Mr. Diana Tyson
3,753,Dr.,Diana,Jones,Consumer,Single,Male,1997-09-13,2024-02-20,,SOUTH,Dr. Diana Jones
4,754,Dr.,Edward,Taylor,SME,Widowed,Male,1978-11-18,2024-02-20,,EAST,Dr. Edward Taylor
5,755,Mr.,James,Kirby,Consumer,Widowed,Female,1985-02-17,2024-02-20,,WEST,Mr. James Kirby
6,756,Professor,Aaron,Garcia,Corporate,Divorced,Male,1976-09-17,2024-02-20,,WEST,Professor Aaron Garcia
7,757,Mrs.,Diana,Williams,Corporate,Single,Female,1998-01-19,2024-02-20,,NORTH,Mrs. Diana Williams
8,758,Ms.,Brian,Smith,SME,Divorced,Male,1976-09-25,2024-02-20,,WEST,Ms. Brian Smith
9,759,Dr.,Edward,Smith,SME,Married,Female,1985-09-12,2024-02-20,,NORTH,Dr. Edward Smith
10,760,Mr.,Zachary,Dillon,Consumer,Married,Female,1975-10-02,2024-02-20,,SOUTH,Mr. Zachary Dillon
11,761,Mr.,Yvonne,Brown,Consumer,Widowed,Male,1976-05-13,2024-02-20,,SOUTH,Mr. Yvonne Brown
12,762,Mrs.,Nathan,Thomas,SME,Divorced,Female,1987-05-18,2024-02-20,,NORTH,Mrs. Nathan Thomas
13,763,Mrs.,Gwendolyn,Smith,Corporate,Single,Male,1971-02-25,2024-02-20,,NORTH,Mrs. Gwendolyn Smith
14,764,Dr.,Bonnie,White,Consumer,Divorced,Male,1991-07-03,2024-02-20,,WEST,Dr. Bonnie White
15,765,Professor,Patrick,Wilson,Consumer,Married,Male,1989-11-16,2024-02-20,,WEST,Professor Patrick Wilson
16,766,Dr.,Nathan,Kirby,Consumer,Widowed,Male,1975-10-31,2024-02-20,,EAST,Dr. Nathan Kirby
17,767,Ms.,Quinn,Dillon,Consumer,Divorced,Female,1981-09-17,2024-02-20,,WEST,Ms. Quinn Dillon
18,768,Mr.,Henry,Anderson,Consumer,Married,Male,1975-08-05,2024-02-20,,WEST,Mr. Henry Anderson
19,769,Professor,Liam,Jackson,Corporate,Widowed,Female,1988-12-25,2024-02-20,,EAST,Professor Liam Jackson
20,770,Professor,Charles,Thomas,Corporate,Divorced,Female,1982-10-15,2024-02-20,,NORTH,Professor Charles Thomas
21,771,Mrs.,Henry,Wilson,Corporate,Single,Male,1981-04-07,2024-02-20,,SOUTH,Mrs. Henry Wilson
22,772,Dr.,Aaron,Brown,Consumer,Single,Male,1993-01-24,2024-02-20,,SOUTH,Dr. Aaron Brown
23,773,Mr.,Gwendolyn,Smith,SME,Widowed,Male,1974-07-03,2024-02-20,,EAST,Mr. Gwendolyn Smith
24,774,Dr.,Irene,Williams,Corporate,Married,Female,1993-02-27,2024-02-20,,SOUTH,Dr. Irene Williams
25,775,Professor,Aaron,Thompson,Consumer,Divorced,Female,1974-10-26,2024-02-20,,EAST,Professor Aaron Thompson
26,776,Professor,Aaron,Brown,Corporate,Single,Female,1973-10-15,2024-02-20,,WEST,Professor Aaron Brown
27,777,Professor,Bonnie,White,Corporate,Single,Male,1972-06-01,2024-02-20,,WEST,Professor Bonnie White
28,778,Mrs.,Karen,Williams,Consumer,Divorced,Female,1993-10-21,2024-02-20,,SOUTH,Mrs. Karen Williams
29,779,Dr.,James,Miller,Corporate,Married,Male,1978-10-26,2024-02-20,,NORTH,Dr. James Miller
30,780,Mr.,Samuel,White,Consumer,Divorced,Female,1990-01-16,2024-02-20,,EAST,Mr. Samuel White
31,781,Dr.,Tina,Wilson,Corporate,Single,Male,1975-05-29,2024-02-20,,SOUTH,Dr. Tina Wilson
32,782,Ms.,Gwendolyn,Miller,SME,Widowed,Male,1989-09-18,2024-02-20,,EAST,Ms. Gwendolyn Miller
33,783,Dr.,Catherine,Jackson,Corporate,Married,Male,1985-11-05,2024-02-20,,NORTH,Dr. Catherine Jackson
34,784,Professor,Henry,Jones,SME,Widowed,Male,1971-06-10,2024-02-20,,EAST,Professor Henry Jones
35,785,Ms.,Megan,White,Corporate,Single,Female,1984-10-26,2024-02-20,,EAST,Ms. Megan White
36,786,Mr.,Zachary,Brown,Consumer,Widowed,Female,1999-11-25,2024-02-20,,EAST,Mr. Zachary Brown
37,787,Mr.,Irene,Johnson,Consumer,Divorced,Male,1994-05-25,2024-02-20,,SOUTH,Mr. Irene Johnson
38,788,Professor,Yvonne,Dillon,SME,Divorced,Male,1984-02-18,2024-02-20,,EAST,Professor Yvonne Dillon
39,789,Mr.,Karen,Garcia,Consumer,Divorced,Male,1996-06-13,2024-02-20,,WEST,Mr. Karen Garcia
40,790,Professor,Allison,Martin,Corporate,Widowed,Male,1999-01-26,2024-02-20,,NORTH,Professor Allison Martin
41,791,Mrs.,Olivia,Kirby,Corporate,Single,Female,1987-02-23,2024-02-20,,EAST,Mrs. Olivia Kirby
42,792,Mr.,Nathan,Jackson,Consumer,Married,Male,1991-10-03,2024-02-20,,NORTH,Mr. Nathan Jackson
43,793,Mr.,Patrick,Martin,SME,Divorced,Male,1980-06-19,2024-02-20,,NORTH,Mr. Patrick Martin
44,794,Ms.,Nathan,Garcia,Consumer,Divorced,Male,1997-05-22,2024-02-20,,WEST,Ms. Nathan Garcia
45,795,Mr.,Charles,Wilson,Consumer,Widowed,Male,1971-03-08,2024-02-20,,SOUTH,Mr. Charles Wilson
46,796,Dr.,Bonnie,Thompson,Corporate,Married,Male,1973-12-29,2024-02-20,,WEST,Dr. Bonnie Thompson
47,797,Mr.,Allison,Garcia,SME,Single,Female,1974-04-07,2024-02-20,,SOUTH,Mr. Allison Garcia
48,798,Mrs.,Liam,Tyson,SME,Widowed,Male,1975-01-09,2024-02-20,,EAST,Mrs. Liam Tyson
49,799,Dr.,Aaron,Potter,SME,Divorced,Male,1973-03-02,2024-02-20,,EAST,Dr. Aaron Potter
50,800,Ms.,James,Potter,Consumer,Married,Male,1990-03-30,2024-02-20,,SOUTH,Ms. James Potter
51,1354,Mr.,Aaron,Dillon,Consumer,Divorced,Male,1985-02-15,2024-04-13,2099-12-31,EAST,Mr. Aaron Dillon
1,1,Mrs.,Aaron,Wilson,SME,Single,Male,1970-01-10,2003-02-17,,EAST,Mrs. Aaron Wilson
2,2,Mr.,Bonnie,Smith,SME,Single,Male,1969-08-13,2005-03-20,,SOUTH,Mr. Bonnie Smith
3,3,Mister.,Bonnie,Potter,SME,Married,Female,1974-12-16,2000-02-23,,SOUTH,Mister. Bonnie Potter
4,4,Mrs.,Irene,Jones,Corporate,Single,Male,1980-03-13,2002-04-17,,NORTH,Mrs. Irene Jones
5,5,Professor,Brian,Thomas,SME,Widowed,Male,1973-09-24,2000-12-21,,NORTH,Professor Brian Thomas
6,6,Ms.,Charles,Potter,SME,Married,Male,1982-06-12,2012-12-12,,SOUTH,Ms. Charles Potter
7,7,Ms.,Victor,Davis,Corporate,Single,Female,1957-02-27,2005-03-22,,EAST,Ms. Victor Davis
8,8,Mrs.,Ursula,Thomas,SME,Married,Female,1983-03-19,2007-12-20,,SOUTH,Mrs. Ursula Thomas
9,9,Mrs.,Tina,Dillon,Corporate,Married,Female,1997-12-02,2005-06-28,,EAST,Mrs. Tina Dillon
10,10,Mrs.,Ursula,Potter,Consumer,Married,Female,1979-02-04,2001-04-03,,NORTH,Mrs. Ursula Potter
11,11,Mrs.,Irene,Williams,SME,Married,Female,2000-11-19,2007-01-21,,SOUTH,Mrs. Irene Williams
12,12,Dr.,Catherine,Dillon,Consumer,Married,Female,1962-10-26,2005-12-09,,SOUTH,Dr. Catherine Dillon
13,13,Dr.,Catherine,Kirby,SME,Married,Female,1982-06-23,2004-12-01,,SOUTH,Dr. Catherine Kirby
14,14,Mr.,Gwendolyn,Tyson,SME,Married,Female,1963-09-18,2014-01-27,,EAST,Mr. Gwendolyn Tyson
15,15,Professor,Megan,Jackson,SME,Divorced,Male,1991-12-29,2011-11-13,,EAST,Professor Megan Jackson
16,16,Ms.,Victor,Potter,Corporate,Divorced,Male,1980-07-08,2002-07-02,,EAST,Ms. Victor Potter
17,17,Professor,Aaron,Wilson,SME,Single,Female,1966-01-11,2011-05-21,,SOUTH,Professor Aaron Wilson
18,18,Mrs.,Edward,Thomas,SME,Single,Female,1998-05-23,2011-11-23,,WEST,Mrs. Edward Thomas
19,19,Ms.,Aaron,Brown,Consumer,Single,Male,1977-08-03,2005-05-15,,SOUTH,Ms. Aaron Brown
20,20,Mr.,Xander,Martin,SME,Married,Female,1997-10-16,2002-10-27,,EAST,Mr. Xander Martin
21,21,Professor,Irene,Thompson,SME,Married,Female,1987-12-18,2004-10-01,,WEST,Professor Irene Thompson
22,22,Ms.,Victor,Dillon,Consumer,Widowed,Male,1989-04-21,2011-08-10,,SOUTH,Ms. Victor Dillon
23,23,Mr.,Charles,Taylor,Consumer,Married,Male,1999-09-11,2005-02-28,,WEST,Mr. Charles Taylor
24,24,Mr.,Henry,Williams,Corporate,Married,Female,1979-08-24,2001-08-03,,EAST,Mr. Henry Williams
25,25,Professor,Rachel,Jones,Corporate,Widowed,Male,1992-05-28,2005-06-13,,WEST,Professor Rachel Jones
26,26,Ms.,Diana,White,SME,Widowed,Male,1988-01-01,2009-03-21,,EAST,Ms. Diana White
27,27,Ms.,Bonnie,Jackson,Consumer,Married,Female,1959-10-21,2005-07-29,,EAST,Ms. Bonnie Jackson
28,28,Ms.,Nathan,Garcia,Corporate,Single,Male,1991-07-04,2005-08-08,,WEST,Ms. Nathan Garcia
29,29,Mr.,Ursula,Potter,Corporate,Married,Female,1958-05-15,2005-04-20,,EAST,Mr. Ursula Potter
30,30,Mr.,Gwendolyn,Jackson,Corporate,Single,Female,1964-10-08,2008-07-01,,SOUTH,Mr. Gwendolyn Jackson
31,31,Professor,James,White,Corporate,Married,Male,1993-08-30,2003-06-22,,SOUTH,Professor James White
32,32,Mr.,Samuel,Potter,SME,Single,Female,1978-02-19,2001-04-13,,EAST,Mr. Samuel Potter
33,33,Mr.,Bonnie,Thompson,SME,Single,Male,1966-09-03,2001-07-15,,WEST,Mr. Bonnie Thompson
34,34,Mrs.,Diana,Kirby,Corporate,Single,Female,1953-07-26,2013-11-21,,SOUTH,Mrs. Diana Kirby
35,35,Mrs.,Gwendolyn,Taylor,SME,Married,Female,1973-10-30,2008-11-16,,NORTH,Mrs. Gwendolyn Taylor
36,36,Mr.,Karen,Williams,Consumer,Single,Male,1991-02-12,2013-12-06,,SOUTH,Mr. Karen Williams
37,37,Mr.,Edward,Thomas,Consumer,Divorced,Female,1971-12-01,2008-04-15,,NORTH,Mr. Edward Thomas
38,38,Professor,Tina,Dillon,SME,Divorced,Male,1950-09-14,2014-12-24,,NORTH,Professor Tina Dillon
39,39,Mr.,Irene,Brown,Corporate,Divorced,Male,1999-08-20,2003-06-27,,WEST,Mr. Irene Brown
40,40,Ms.,Gwendolyn,Dillon,Consumer,Divorced,Male,1995-05-06,2010-12-16,,NORTH,Ms. Gwendolyn Dillon
41,41,Mr.,Allison,Wilson,SME,Married,Female,1950-04-27,2007-06-25,,SOUTH,Mr. Allison Wilson
42,42,Professor,Xander,Harris,Consumer,Single,Male,1988-05-15,2012-07-30,,WEST,Professor Xander Harris
43,43,Ms.,Rachel,Johnson,Consumer,Widowed,Male,1999-07-28,2003-04-28,,WEST,Ms. Rachel Johnson
44,44,Ms.,Liam,Johnson,SME,Married,Male,1968-11-05,2015-04-19,,NORTH,Ms. Liam Johnson
45,45,Dr.,Yvonne,Potter,Consumer,Married,Female,1963-11-13,2005-04-23,,NORTH,Dr. Yvonne Potter
46,46,Dr.,Fiona,Taylor,SME,Married,Male,1972-04-06,2005-12-25,,EAST,Dr. Fiona Taylor
47,47,Dr.,Brian,Johnson,Corporate,Widowed,Female,1969-12-15,2004-06-22,,SOUTH,Dr. Brian Johnson
48,48,Mrs.,Henry,Smith,Consumer,Divorced,Female,1985-09-30,2007-05-13,,WEST,Mrs. Henry Smith
49,49,Dr.,Ursula,Thompson,Consumer,Single,Female,1998-02-08,2007-06-05,,NORTH,Dr. Ursula Thompson
50,50,Mr.,Samuel,Wilson,Corporate,Widowed,Female,1959-09-23,2013-05-19,,WEST,Mr. Samuel Wilson
51,51,Mr.,Tina,Thompson,Corporate,Married,Male,1984-07-23,2012-12-06,,SOUTH,Mr. Tina Thompson
52,52,Professor,Aaron,Thompson,Consumer,Widowed,Female,1967-09-05,2008-03-02,,SOUTH,Professor Aaron Thompson
53,53,Ms.,Victor,Brown,Corporate,Widowed,Female,1995-07-01,2006-12-08,,NORTH,Ms. Victor Brown
54,54,Mrs.,Rachel,Jones,SME,Widowed,Male,1987-09-21,2014-11-30,,NORTH,Mrs. Rachel Jones
55,55,Mr.,Megan,Potter,Corporate,Married,Female,1977-04-06,2006-06-08,,NORTH,Mr. Megan Potter
56,56,Mrs.,Olivia,Harris,SME,Married,Male,1995-11-11,2010-08-12,,SOUTH,Mrs. Olivia Harris
57,57,Professor,Quinn,Dillon,SME,Married,Female,1980-01-27,2002-02-04,,NORTH,Professor Quinn Dillon
58,58,Mrs.,Zachary,Miller,Corporate,Married,Male,1952-03-11,2001-01-13,,WEST,Mrs. Zachary Miller
59,59,Professor,Nathan,Dillon,Corporate,Widowed,Female,1967-06-12,2015-08-14,,SOUTH,Professor Nathan Dillon
60,60,Mr.,Edward,Dillon,Consumer,Married,Female,1959-07-25,2009-07-14,,WEST,Mr. Edward Dillon
61,61,Mr.,Rachel,Davis,SME,Widowed,Female,1990-12-14,2002-12-28,,EAST,Mr. Rachel Davis
62,62,Dr.,Tina,Thompson,SME,Married,Female,1999-02-25,2009-12-31,,SOUTH,Dr. Tina Thompson
63,63,Ms.,Irene,Davis,Corporate,Married,Female,1996-10-07,2010-11-13,,SOUTH,Ms. Irene Davis
64,64,Mrs.,Wendy,Anderson,SME,Divorced,Male,1974-05-18,2007-07-14,,EAST,Mrs. Wendy Anderson
65,65,Dr.,Edward,Davis,Consumer,Married,Female,1963-09-17,2015-11-04,,WEST,Dr. Edward Davis
66,66,Dr.,Karen,Potter,Corporate,Married,Female,1987-04-21,2001-05-25,,SOUTH,Dr. Karen Potter
67,67,Dr.,Brian,Kirby,Corporate,Divorced,Female,1992-10-16,2000-02-18,,EAST,Dr. Brian Kirby
68,68,Professor,Rachel,Potter,Corporate,Married,Female,1969-10-14,2010-12-13,,SOUTH,Professor Rachel Potter
69,69,Ms.,Aaron,Jackson,Consumer,Widowed,Male,1986-04-10,2003-09-14,,SOUTH,Ms. Aaron Jackson
70,70,Mr.,Samuel,Kirby,Consumer,Widowed,Female,1957-07-13,2014-06-01,,SOUTH,Mr. Samuel Kirby
71,71,Dr.,Bonnie,Wilson,Corporate,Widowed,Female,1979-05-15,2004-09-29,,WEST,Dr. Bonnie Wilson
72,72,Ms.,Irene,White,SME,Single,Male,1957-05-07,2010-07-19,,SOUTH,Ms. Irene White
73,73,Mr.,Henry,Dillon,Consumer,Married,Male,1953-08-12,2000-09-11,,NORTH,Mr. Henry Dillon
74,74,Dr.,Henry,Jones,Corporate,Married,Female,1960-04-06,2012-08-25,,WEST,Dr. Henry Jones
75,75,Professor,Fiona,Tyson,Consumer,Divorced,Male,1960-04-11,2003-09-03,,NORTH,Professor Fiona Tyson
76,76,Dr.,Samuel,Jackson,Consumer,Married,Female,1967-10-17,2001-09-14,,NORTH,Dr. Samuel Jackson
77,77,Mr.,Zachary,Kirby,SME,Widowed,Female,1981-02-24,2011-12-13,,EAST,Mr. Zachary Kirby
78,78,Ms.,Quinn,Dillon,Consumer,Widowed,Female,1951-02-19,2009-06-03,,EAST,Ms. Quinn Dillon
79,79,Mrs.,Ursula,Harris,SME,Divorced,Female,1989-01-26,2003-12-13,,NORTH,Mrs. Ursula Harris
80,80,Ms.,Nathan,Kirby,Corporate,Single,Female,1978-12-01,2005-07-04,,SOUTH,Ms. Nathan Kirby
81,81,Professor,Yvonne,Harris,Corporate,Single,Female,1984-01-01,2007-07-18,,WEST,Professor Yvonne Harris
82,82,Ms.,Patrick,Miller,SME,Divorced,Female,1973-03-06,2007-08-20,,WEST,Ms. Patrick Miller
83,83,Mr.,Quinn,Miller,SME,Widowed,Male,1971-08-27,2009-02-11,,EAST,Mr. Quinn Miller
84,84,Dr.,Ursula,Martin,Consumer,Divorced,Female,1951-07-20,2002-02-01,,SOUTH,Dr. Ursula Martin
85,85,Ms.,James,Kirby,Corporate,Divorced,Female,1992-06-16,2012-05-31,,WEST,Ms. James Kirby
86,86,Ms.,Wendy,Harris,Consumer,Married,Male,1977-07-05,2005-08-21,,NORTH,Ms. Wendy Harris
87,87,Mrs.,Diana,Potter,Corporate,Widowed,Female,1967-03-09,2004-11-07,,NORTH,Mrs. Diana Potter
88,88,Ms.,Allison,Miller,Corporate,Married,Male,1970-05-30,2008-02-04,,EAST,Ms. Allison Miller
89,89,Mr.,Irene,Johnson,SME,Married,Female,1999-08-24,2006-07-21,,WEST,Mr. Irene Johnson
90,90,Professor,Brian,Smith,Corporate,Widowed,Female,1975-07-06,2010-07-12,,EAST,Professor Brian Smith
91,91,Dr.,Bonnie,Wilson,Corporate,Widowed,Male,1960-03-27,2001-06-19,,WEST,Dr. Bonnie Wilson
92,92,Professor,Edward,Jones,Consumer,Married,Female,1977-04-05,2001-11-28,,EAST,Professor Edward Jones
93,93,Dr.,Yvonne,Thompson,SME,Divorced,Female,1990-06-02,2009-12-05,,WEST,Dr. Yvonne Thompson
94,94,Mr.,Samuel,Tyson,Corporate,Married,Male,1958-11-26,2004-08-29,,NORTH,Mr. Samuel Tyson
95,95,Professor,Henry,Garcia,Corporate,Single,Female,1956-09-25,2003-07-06,,WEST,Professor Henry Garcia
96,96,Mrs.,James,Johnson,SME,Divorced,Female,1975-11-06,2015-11-09,,SOUTH,Mrs. James Johnson
97,97,Ms.,Victor,Davis,SME,Single,Male,1967-10-01,2009-07-14,,EAST,Ms. Victor Davis
98,98,Mr.,Irene,Jones,SME,Divorced,Female,1955-05-09,2003-09-21,,WEST,Mr. Irene Jones
99,99,Ms.,Diana,Harris,Corporate,Widowed,Male,1986-02-10,2006-02-08,,SOUTH,Ms. Diana Harris
100,100,Ms.,Catherine,White,Consumer,Single,Male,1972-06-18,2000-07-30,,EAST,Ms. Catherine White
101,101,Mrs.,Samuel,Johnson,Corporate,Widowed,Male,1992-03-18,2011-08-22,,NORTH,Mrs. Samuel Johnson
102,102,Mr.,Ursula,Martin,Corporate,Widowed,Female,1992-03-02,2007-10-21,,SOUTH,Mr. Ursula Martin
103,103,Ms.,Brian,Garcia,Corporate,Widowed,Female,1986-12-06,2015-07-23,,EAST,Ms. Brian Garcia
104,104,Ms.,Olivia,Williams,Corporate,Single,Male,1972-08-23,2007-04-02,,EAST,Ms. Olivia Williams
105,105,Mrs.,Nathan,Johnson,SME,Widowed,Female,1996-07-06,2008-02-11,,SOUTH,Mrs. Nathan Johnson
106,106,Professor,Gwendolyn,Wilson,SME,Widowed,Female,1961-10-03,2006-06-17,,EAST,Professor Gwendolyn Wilson
107,107,Professor,Aaron,Dillon,Corporate,Married,Male,1971-06-21,2015-12-02,,EAST,Professor Aaron Dillon
108,108,Mr.,Charles,Davis,Corporate,Married,Female,1991-05-26,2002-08-20,,SOUTH,Mr. Charles Davis
109,109,Dr.,Nathan,Martin,Corporate,Married,Male,1971-11-13,2010-03-30,,NORTH,Dr. Nathan Martin
110,110,Ms.,Brian,Williams,Consumer,Divorced,Female,1987-03-24,2007-08-16,,WEST,Ms. Brian Williams
111,111,Professor,Allison,Kirby,SME,Widowed,Female,1993-12-05,2003-05-02,,NORTH,Professor Allison Kirby
112,112,Professor,Karen,Potter,Consumer,Divorced,Male,1983-11-04,2010-03-19,,NORTH,Professor Karen Potter
113,113,Mr.,Henry,White,Corporate,Widowed,Male,1978-07-19,2010-08-10,,SOUTH,Mr. Henry White
114,114,Professor,Bonnie,Jones,Consumer,Widowed,Female,1979-10-14,2002-04-02,,SOUTH,Professor Bonnie Jones
115,115,Dr.,Xander,Jones,Corporate,Widowed,Female,1963-11-07,2001-09-04,,EAST,Dr. Xander Jones
116,116,Ms.,Ursula,Williams,SME,Divorced,Female,1997-11-15,2008-07-10,,SOUTH,Ms. Ursula Williams
117,117,Mrs.,Tina,Williams,Corporate,Single,Male,1975-10-13,2005-02-06,,EAST,Mrs. Tina Williams
118,118,Ms.,Olivia,Garcia,Consumer,Divorced,Female,1952-08-06,2001-01-11,,EAST,Ms. Olivia Garcia
119,119,Mrs.,Liam,White,SME,Widowed,Male,1971-11-28,2011-11-30,,NORTH,Mrs. Liam White
120,120,Professor,Fiona,Williams,Corporate,Married,Male,1984-04-27,2013-11-24,,WEST,Professor Fiona Williams
121,121,Ms.,Olivia,Dillon,Corporate,Single,Female,1991-03-26,2005-09-22,,WEST,Ms. Olivia Dillon
122,122,Ms.,Charles,Harris,SME,Widowed,Female,1976-11-02,2014-05-01,,WEST,Ms. Charles Harris
123,123,Mrs.,Brian,Anderson,Consumer,Single,Female,1984-07-06,2010-11-02,,SOUTH,Mrs. Brian Anderson
124,124,Ms.,Samuel,Anderson,Corporate,Widowed,Male,1951-12-20,2014-10-06,,NORTH,Ms. Samuel Anderson
125,125,Ms.,Tina,Martin,Consumer,Divorced,Male,1970-08-24,2013-08-13,,EAST,Ms. Tina Martin
126,126,Mr.,Victor,Jones,Consumer,Widowed,Female,1953-07-15,2006-12-05,,NORTH,Mr. Victor Jones
127,127,Ms.,Charles,Anderson,Consumer,Married,Female,1987-04-12,2003-12-09,,WEST,Ms. Charles Anderson
128,128,Ms.,Allison,Garcia,Consumer,Divorced,Female,1993-03-25,2006-08-14,,NORTH,Ms. Allison Garcia
129,129,Dr.,Edward,Davis,Corporate,Single,Male,2000-01-01,2008-03-15,,EAST,Dr. Edward Davis
130,130,Dr.,Rachel,Brown,SME,Divorced,Female,1983-01-25,2015-02-02,,NORTH,Dr. Rachel Brown
131,131,Dr.,Diana,Davis,SME,Divorced,Male,1952-03-31,2013-11-23,,NORTH,Dr. Diana Davis
132,132,Ms.,Ursula,Harris,Consumer,Married,Male,1986-08-19,2002-08-13,,EAST,Ms. Ursula Harris
133,133,Mr.,Patrick,Brown,Corporate,Married,Female,1971-01-24,2012-01-21,,NORTH,Mr. Patrick Brown
134,134,Dr.,Victor,Potter,Corporate,Single,Female,1963-11-12,2009-04-21,,NORTH,Dr. Victor Potter
135,135,Mrs.,Bonnie,Thomas,Corporate,Married,Male,1989-10-11,2009-12-21,,NORTH,Mrs. Bonnie Thomas
136,136,Ms.,Rachel,Dillon,Consumer,Divorced,Male,1955-06-08,2008-12-05,,NORTH,Ms. Rachel Dillon
137,137,Professor,Charles,Miller,Consumer,Divorced,Male,1951-12-01,2001-02-18,,SOUTH,Professor Charles Miller
138,138,Mrs.,Charles,Potter,Consumer,Divorced,Male,1969-05-17,2005-03-23,,WEST,Mrs. Charles Potter
139,139,Mrs.,Brian,Jones,Consumer,Married,Male,1998-06-19,2005-08-15,,NORTH,Mrs. Brian Jones
140,140,Mrs.,Aaron,Thomas,Corporate,Married,Male,1979-01-18,2000-05-09,,WEST,Mrs. Aaron Thomas
141,141,Professor,Xander,White,Corporate,Widowed,Female,1960-03-13,2001-06-04,,WEST,Professor Xander White
142,142,Mrs.,Olivia,Thompson,Corporate,Divorced,Male,1953-11-21,2014-10-11,,EAST,Mrs. Olivia Thompson
143,143,Dr.,Patrick,Jackson,Consumer,Widowed,Male,1959-09-08,2010-12-30,,EAST,Dr. Patrick Jackson
144,144,Mr.,Tina,Jones,Corporate,Divorced,Female,1961-04-28,2006-03-02,,NORTH,Mr. Tina Jones
145,145,Dr.,Quinn,Tyson,SME,Single,Male,1958-11-24,2015-09-27,,SOUTH,Dr. Quinn Tyson
146,146,Dr.,Olivia,Davis,Corporate,Widowed,Male,1980-05-29,2010-03-04,,SOUTH,Dr. Olivia Davis
147,147,Ms.,Nathan,Taylor,Consumer,Widowed,Male,1983-08-01,2003-06-04,,NORTH,Ms. Nathan Taylor
148,148,Mr.,Charles,White,SME,Single,Female,1983-06-07,2002-12-01,,EAST,Mr. Charles White
149,149,Dr.,Nathan,Thomas,Corporate,Divorced,Male,1954-08-13,2006-06-14,,EAST,Dr. Nathan Thomas
150,150,Mrs.,Edward,Martin,Consumer,Divorced,Female,1959-09-17,2007-11-08,,WEST,Mrs. Edward Martin
151,151,Professor,Zachary,White,Consumer,Divorced,Male,1999-12-13,2000-08-03,,WEST,Professor Zachary White
152,152,Ms.,Wendy,Anderson,Consumer,Married,Female,1981-06-29,2000-02-20,,NORTH,Ms. Wendy Anderson
153,153,Mr.,Edward,Dillon,Corporate,Married,Female,1958-03-26,2011-11-24,,EAST,Mr. Edward Dillon
154,154,Ms.,Karen,Garcia,Consumer,Single,Male,1977-12-16,2007-04-11,,SOUTH,Ms. Karen Garcia
155,155,Mr.,Yvonne,Tyson,SME,Widowed,Female,1957-04-27,2006-02-07,,WEST,Mr. Yvonne Tyson
156,156,Dr.,Tina,Harris,Corporate,Single,Female,1974-07-05,2004-10-31,,SOUTH,Dr. Tina Harris
157,157,Dr.,James,Kirby,Consumer,Divorced,Male,1997-04-10,2014-12-18,,EAST,Dr. James Kirby
158,158,Mr.,Tina,Johnson,Consumer,Married,Female,1968-05-04,2006-10-05,,SOUTH,Mr. Tina Johnson
159,159,Mr.,Karen,Brown,Consumer,Married,Female,1994-08-16,2009-08-28,,NORTH,Mr. Karen Brown
160,160,Ms.,Quinn,Potter,Corporate,Single,Male,1956-06-19,2008-11-26,,WEST,Ms. Quinn Potter
161,161,Professor,Charles,Taylor,SME,Widowed,Female,1988-07-06,2012-11-10,,SOUTH,Professor Charles Taylor
162,162,Mr.,Diana,Jackson,SME,Widowed,Female,1979-02-20,2003-11-08,,NORTH,Mr. Diana Jackson
163,163,Mrs.,Nathan,Brown,SME,Widowed,Male,1989-02-01,2013-03-17,,EAST,Mrs. Nathan Brown
164,164,Ms.,Brian,Anderson,Consumer,Married,Male,1969-11-17,2007-06-21,,SOUTH,Ms. Brian Anderson
165,165,Ms.,Catherine,Thomas,Consumer,Single,Female,1963-04-02,2005-04-19,,WEST,Ms. Catherine Thomas
166,166,Mrs.,Fiona,Tyson,Corporate,Widowed,Female,1956-10-05,2003-12-22,,WEST,Mrs. Fiona Tyson
167,167,Ms.,Brian,Dillon,Corporate,Single,Female,1963-07-18,2009-11-11,,NORTH,Ms. Brian Dillon
168,168,Professor,Zachary,Wilson,Corporate,Single,Female,1955-01-15,2007-11-23,,NORTH,Professor Zachary Wilson
169,169,Ms.,Bonnie,Johnson,SME,Single,Female,1975-10-03,2001-09-20,,SOUTH,Ms. Bonnie Johnson
170,170,Mr.,Samuel,Potter,Corporate,Married,Female,1990-05-07,2012-10-27,,SOUTH,Mr. Samuel Potter
171,171,Mr.,Bonnie,Harris,Consumer,Married,Male,1980-10-23,2001-11-21,,WEST,Mr. Bonnie Harris
172,172,Professor,Olivia,Thompson,Corporate,Divorced,Female,1964-03-29,2008-02-29,,SOUTH,Professor Olivia Thompson
173,173,Professor,Yvonne,Taylor,Consumer,Divorced,Female,1954-09-12,2014-02-24,,SOUTH,Professor Yvonne Taylor
174,174,Ms.,Rachel,Jackson,Corporate,Married,Male,1972-08-10,2014-09-22,,EAST,Ms. Rachel Jackson
175,175,Dr.,Liam,Anderson,Corporate,Single,Female,1961-07-27,2013-05-06,,WEST,Dr. Liam Anderson
176,176,Professor,Allison,Jones,SME,Widowed,Female,1958-05-21,2014-06-28,,NORTH,Professor Allison Jones
177,177,Mrs.,Liam,Anderson,Consumer,Widowed,Male,1969-03-20,2007-08-31,,EAST,Mrs. Liam Anderson
178,178,Ms.,Edward,Williams,SME,Single,Female,1959-01-28,2011-05-21,,WEST,Ms. Edward Williams
179,179,Mrs.,Tina,Jackson,SME,Married,Female,1964-07-22,2004-01-21,,WEST,Mrs. Tina Jackson
180,180,Mrs.,Nathan,Thomas,SME,Divorced,Female,1989-11-07,2013-09-10,,EAST,Mrs. Nathan Thomas
181,181,Ms.,Rachel,Davis,SME,Divorced,Female,1992-01-29,2004-05-08,,WEST,Ms. Rachel Davis
182,182,Dr.,Yvonne,Anderson,Consumer,Widowed,Male,1995-02-13,2011-10-30,,SOUTH,Dr. Yvonne Anderson
183,183,Mr.,Brian,Wilson,SME,Single,Male,1993-02-11,2008-04-28,,WEST,Mr. Brian Wilson
184,184,Ms.,Charles,Garcia,Corporate,Married,Male,1990-04-24,2011-07-07,,NORTH,Ms. Charles Garcia
185,185,Ms.,Allison,Harris,Corporate,Single,Female,1952-05-23,2009-04-21,,WEST,Ms. Allison Harris
186,186,Ms.,Megan,Williams,Consumer,Divorced,Female,1970-02-22,2000-08-18,,WEST,Ms. Megan Williams
187,187,Ms.,Edward,Johnson,SME,Married,Female,1992-05-21,2015-08-12,,WEST,Ms. Edward Johnson
188,188,Mr.,Tina,Smith,Consumer,Married,Female,1951-09-15,2005-09-27,,SOUTH,Mr. Tina Smith
189,189,Mrs.,Yvonne,Anderson,Consumer,Single,Female,1977-01-07,2002-09-25,,EAST,Mrs. Yvonne Anderson
190,190,Dr.,Charles,Brown,SME,Married,Male,1998-02-03,2000-05-14,,SOUTH,Dr. Charles Brown
191,191,Professor,Nathan,Smith,Consumer,Widowed,Male,1981-08-27,2005-05-24,,NORTH,Professor Nathan Smith
192,192,Professor,Charles,Thompson,Corporate,Single,Female,1995-07-08,2011-05-21,,NORTH,Professor Charles Thompson
193,193,Ms.,Ursula,Jackson,Consumer,Divorced,Female,1972-10-03,2000-05-13,,EAST,Ms. Ursula Jackson
194,194,Mr.,Xander,Dillon,Corporate,Single,Female,1979-10-31,2002-12-28,,WEST,Mr. Xander Dillon
195,195,Dr.,Allison,Harris,SME,Single,Female,1966-05-09,2003-01-09,,WEST,Dr. Allison Harris
196,196,Mr.,James,Miller,Corporate,Divorced,Female,1967-11-24,2000-12-09,,EAST,Mr. James Miller
197,197,Mrs.,Irene,Johnson,SME,Single,Female,1975-09-02,2008-01-03,,SOUTH,Mrs. Irene Johnson
198,198,Dr.,Diana,Thomas,Corporate,Widowed,Male,1985-11-20,2009-11-11,,NORTH,Dr. Diana Thomas
199,199,Ms.,Wendy,Martin,SME,Single,Female,1996-08-02,2005-12-24,,SOUTH,Ms. Wendy Martin
200,200,Mrs.,Nathan,Tyson,Consumer,Divorced,Male,1998-12-09,2006-08-03,,EAST,Mrs. Nathan Tyson
201,201,Ms.,Victor,Anderson,Consumer,Widowed,Female,1990-01-02,2013-07-07,,NORTH,Ms. Victor Anderson
202,202,Ms.,Olivia,Johnson,Consumer,Single,Female,1989-01-08,2006-02-27,,NORTH,Ms. Olivia Johnson
203,203,Mr.,Quinn,Garcia,Consumer,Widowed,Male,1962-10-23,2013-08-17,,NORTH,Mr. Quinn Garcia
204,204,Ms.,Henry,Dillon,SME,Single,Male,1982-06-28,2008-08-02,,EAST,Ms. Henry Dillon
205,205,Dr.,Liam,Thomas,SME,Married,Female,1956-11-24,2012-11-14,,SOUTH,Dr. Liam Thomas
206,206,Ms.,Karen,Dillon,SME,Single,Male,1972-05-24,2002-07-18,,SOUTH,Ms. Karen Dillon
207,207,Professor,Quinn,Jackson,SME,Divorced,Female,1960-07-25,2005-11-14,,SOUTH,Professor Quinn Jackson
208,208,Dr.,Tina,Anderson,Consumer,Married,Female,1967-12-17,2002-10-01,,WEST,Dr. Tina Anderson
209,209,Mr.,Catherine,Harris,SME,Divorced,Male,1978-09-03,2014-12-23,,WEST,Mr. Catherine Harris
210,210,Mrs.,Catherine,Anderson,Consumer,Married,Male,1965-08-14,2008-02-09,,NORTH,Mrs. Catherine Anderson
211,211,Mr.,Henry,Martin,Corporate,Divorced,Male,1982-05-18,2012-06-04,,WEST,Mr. Henry Martin
212,212,Dr.,Charles,Anderson,Corporate,Widowed,Male,1992-12-10,2011-10-16,,EAST,Dr. Charles Anderson
213,213,Mr.,Karen,Dillon,Consumer,Divorced,Male,1990-05-15,2010-06-13,,WEST,Mr. Karen Dillon
214,214,Mr.,Nathan,Thompson,Corporate,Married,Male,1961-02-20,2011-08-15,,WEST,Mr. Nathan Thompson
215,215,Ms.,Karen,Davis,Corporate,Single,Male,1996-07-21,2006-05-15,,WEST,Ms. Karen Davis
216,216,Ms.,Edward,Dillon,SME,Married,Male,1997-11-11,2002-02-04,,NORTH,Ms. Edward Dillon
217,217,Professor,Victor,Tyson,Consumer,Single,Male,1980-04-16,2012-08-22,,WEST,Professor Victor Tyson
218,218,Ms.,Ursula,Kirby,SME,Widowed,Male,1968-11-29,2012-10-30,,EAST,Ms. Ursula Kirby
219,219,Professor,Catherine,Dillon,Corporate,Divorced,Male,1975-12-27,2014-05-25,,SOUTH,Professor Catherine Dillon
220,220,Mr.,James,Harris,Corporate,Widowed,Female,1955-05-18,2003-07-18,,SOUTH,Mr. James Harris
221,221,Professor,Gwendolyn,Taylor,SME,Divorced,Female,1962-11-21,2007-01-04,,SOUTH,Professor Gwendolyn Taylor
222,222,Professor,Edward,Thomas,Consumer,Divorced,Female,2000-05-22,2002-05-19,,SOUTH,Professor Edward Thomas
223,223,Mrs.,Irene,Harris,Corporate,Single,Female,1962-08-22,2002-03-04,,EAST,Mrs. Irene Harris
224,224,Ms.,Henry,Garcia,Corporate,Married,Female,1978-01-21,2004-04-04,,SOUTH,Ms. Henry Garcia
225,225,Dr.,Catherine,Anderson,SME,Widowed,Female,1952-01-30,2002-01-07,,SOUTH,Dr. Catherine Anderson
226,226,Ms.,Gwendolyn,Kirby,Corporate,Divorced,Female,1954-05-14,2001-02-18,,WEST,Ms. Gwendolyn Kirby
227,227,Mr.,Rachel,Smith,SME,Divorced,Female,1988-08-29,2003-01-02,,NORTH,Mr. Rachel Smith
228,228,Dr.,Liam,Johnson,Corporate,Married,Female,1954-08-04,2012-10-15,,SOUTH,Dr. Liam Johnson
229,229,Dr.,Megan,Thompson,Consumer,Single,Male,1999-05-01,2006-04-10,,EAST,Dr. Megan Thompson
230,230,Professor,Liam,Taylor,SME,Married,Female,1982-10-20,2003-03-27,,SOUTH,Professor Liam Taylor
231,231,Mrs.,Bonnie,Johnson,Consumer,Widowed,Male,1979-11-18,2010-08-16,,EAST,Mrs. Bonnie Johnson
232,232,Mrs.,Tina,Taylor,SME,Divorced,Female,1985-04-03,2013-10-29,,NORTH,Mrs. Tina Taylor
233,233,Ms.,Wendy,Kirby,Corporate,Divorced,Male,1992-08-09,2000-05-16,,SOUTH,Ms. Wendy Kirby
234,234,Mr.,Samuel,Anderson,SME,Married,Male,1992-07-30,2005-12-15,,SOUTH,Mr. Samuel Anderson
235,235,Professor,Fiona,Thompson,Consumer,Married,Male,1984-02-10,2003-04-25,,SOUTH,Professor Fiona Thompson
236,236,Ms.,Aaron,Harris,SME,Widowed,Male,1987-07-28,2003-05-25,,WEST,Ms. Aaron Harris
237,237,Dr.,Quinn,Tyson,SME,Married,Male,1955-08-03,2015-10-30,,SOUTH,Dr. Quinn Tyson
238,238,Professor,Victor,Martin,Corporate,Married,Female,1983-10-22,2007-01-14,,NORTH,Professor Victor Martin
239,239,Ms.,Victor,Dillon,Corporate,Married,Female,1993-06-09,2004-04-24,,NORTH,Ms. Victor Dillon
240,240,Mrs.,James,Anderson,Corporate,Widowed,Female,1993-11-14,2007-02-10,,WEST,Mrs. James Anderson
241,241,Professor,Diana,Kirby,Consumer,Divorced,Female,1984-01-24,2008-11-06,,NORTH,Professor Diana Kirby
242,242,Ms.,James,Williams,SME,Divorced,Female,1989-09-08,2014-09-17,,EAST,Ms. James Williams
243,243,Ms.,Gwendolyn,Potter,Consumer,Divorced,Male,2000-06-03,2015-08-13,,WEST,Ms. Gwendolyn Potter
244,244,Professor,Henry,Johnson,Consumer,Married,Male,1970-03-31,2014-04-23,,WEST,Professor Henry Johnson
245,245,Mr.,Karen,Martin,Corporate,Married,Female,1962-05-02,2000-02-12,,SOUTH,Mr. Karen Martin
246,246,Ms.,Ursula,Miller,Consumer,Single,Male,1978-10-25,2006-05-27,,SOUTH,Ms. Ursula Miller
247,247,Mrs.,Fiona,White,Consumer,Widowed,Female,1953-04-05,2008-11-26,,EAST,Mrs. Fiona White
248,248,Professor,Aaron,Anderson,Corporate,Divorced,Female,1959-08-18,2007-07-07,,EAST,Professor Aaron Anderson
249,249,Dr.,Brian,Thompson,Corporate,Single,Male,1974-06-24,2004-04-28,,WEST,Dr. Brian Thompson
250,250,Mrs.,Ursula,Wilson,SME,Divorced,Male,1951-04-07,2007-07-24,,SOUTH,Mrs. Ursula Wilson
251,251,Dr.,Tina,Dillon,Consumer,Divorced,Female,1988-05-15,2011-07-23,,WEST,Dr. Tina Dillon
252,252,Dr.,Fiona,Jones,Corporate,Single,Female,1979-01-12,2005-07-25,,EAST,Dr. Fiona Jones
253,253,Ms.,Olivia,Wilson,Corporate,Single,Female,1977-02-02,2013-01-23,,WEST,Ms. Olivia Wilson
254,254,Dr.,Bonnie,Brown,SME,Widowed,Female,1977-07-11,2003-08-01,,WEST,Dr. Bonnie Brown
255,255,Ms.,Ursula,Anderson,Corporate,Married,Male,1969-10-24,2004-11-30,,EAST,Ms. Ursula Anderson
256,256,Ms.,Xander,Tyson,SME,Widowed,Male,1987-04-23,2015-09-29,,SOUTH,Ms. Xander Tyson
257,257,Mr.,Victor,Tyson,Consumer,Divorced,Male,1997-02-22,2010-01-07,,WEST,Mr. Victor Tyson
258,258,Professor,Allison,Potter,Consumer,Married,Female,1968-02-20,2012-11-04,,EAST,Professor Allison Potter
259,259,Professor,Diana,Miller,Consumer,Widowed,Female,1993-11-08,2002-01-14,,SOUTH,Professor Diana Miller
260,260,Dr.,Quinn,White,SME,Widowed,Female,2000-08-04,2001-04-17,,WEST,Dr. Quinn White
261,261,Mr.,Megan,Wilson,Consumer,Single,Female,1969-07-20,2012-12-20,,EAST,Mr. Megan Wilson
262,262,Professor,Wendy,Williams,Consumer,Widowed,Female,1955-05-29,2001-07-19,,NORTH,Professor Wendy Williams
263,263,Dr.,Fiona,Jones,Corporate,Widowed,Female,1983-08-06,2008-07-30,,SOUTH,Dr. Fiona Jones
264,264,Mrs.,Victor,Potter,SME,Married,Female,1981-03-14,2002-08-29,,EAST,Mrs. Victor Potter
265,265,Mr.,Xander,Davis,SME,Widowed,Female,1952-01-15,2006-09-10,,WEST,Mr. Xander Davis
266,266,Mrs.,Allison,Davis,Corporate,Married,Male,1991-04-29,2007-10-06,,SOUTH,Mrs. Allison Davis
267,267,Professor,Bonnie,White,Consumer,Married,Male,1951-05-28,2005-05-25,,EAST,Professor Bonnie White
268,268,Mr.,Olivia,Tyson,Corporate,Widowed,Male,1971-12-16,2000-12-28,,EAST,Mr. Olivia Tyson
269,269,Mrs.,Yvonne,Johnson,SME,Married,Female,1995-03-17,2006-06-27,,WEST,Mrs. Yvonne Johnson
270,270,Mrs.,Henry,Anderson,Corporate,Widowed,Female,1996-10-06,2004-12-15,,NORTH,Mrs. Henry Anderson
271,271,Mrs.,Rachel,Kirby,Consumer,Widowed,Female,1988-04-29,2012-06-19,,EAST,Mrs. Rachel Kirby
272,272,Ms.,Zachary,Thompson,Corporate,Married,Female,1987-05-09,2009-02-26,,SOUTH,Ms. Zachary Thompson
273,273,Dr.,Yvonne,Potter,SME,Divorced,Male,1971-08-15,2005-01-20,,WEST,Dr. Yvonne Potter
274,274,Dr.,Bonnie,Potter,Corporate,Married,Male,1987-05-15,2012-07-01,,SOUTH,Dr. Bonnie Potter
275,275,Mr.,Gwendolyn,Taylor,SME,Single,Male,1990-05-09,2008-04-27,,NORTH,Mr. Gwendolyn Taylor
276,276,Professor,Irene,Jackson,SME,Married,Male,1953-07-19,2001-08-19,,EAST,Professor Irene Jackson
277,277,Ms.,Gwendolyn,Taylor,SME,Married,Male,1951-05-18,2004-10-01,,SOUTH,Ms. Gwendolyn Taylor
278,278,Mrs.,Henry,Tyson,Corporate,Divorced,Female,1985-08-01,2005-05-14,,SOUTH,Mrs. Henry Tyson
279,279,Ms.,Rachel,Dillon,SME,Divorced,Female,1977-09-02,2005-11-12,,SOUTH,Ms. Rachel Dillon
280,280,Ms.,Diana,Martin,Corporate,Divorced,Male,1968-03-23,2008-04-24,,SOUTH,Ms. Diana Martin
281,281,Mr.,Xander,Jones,Corporate,Widowed,Male,1973-05-25,2012-05-29,,WEST,Mr. Xander Jones
282,282,Dr.,Karen,Davis,Corporate,Divorced,Female,1972-01-18,2011-03-14,,WEST,Dr. Karen Davis
283,283,Ms.,Olivia,Garcia,Consumer,Widowed,Male,1965-03-09,2003-02-20,,SOUTH,Ms. Olivia Garcia
284,284,Mr.,Allison,Williams,SME,Married,Male,1950-07-29,2009-04-01,,EAST,Mr. Allison Williams
285,285,Mr.,Wendy,Jones,Corporate,Widowed,Male,1969-08-16,2011-05-05,,EAST,Mr. Wendy Jones
286,286,Mr.,Victor,Martin,Consumer,Widowed,Male,1950-08-05,2011-12-08,,SOUTH,Mr. Victor Martin
287,287,Mr.,Rachel,Anderson,Consumer,Widowed,Male,1995-01-21,2015-08-26,,NORTH,Mr. Rachel Anderson
288,288,Mrs.,Quinn,Jones,Corporate,Divorced,Female,1967-03-22,2013-11-25,,EAST,Mrs. Quinn Jones
289,289,Dr.,Charles,Thomas,SME,Married,Male,1991-03-07,2012-09-02,,SOUTH,Dr. Charles Thomas
290,290,Mr.,Victor,Williams,Corporate,Widowed,Female,1958-05-22,2009-02-02,,NORTH,Mr. Victor Williams
291,291,Mrs.,Ursula,Smith,SME,Widowed,Female,1957-06-02,2011-03-18,,EAST,Mrs. Ursula Smith
292,292,Mr.,Catherine,Thompson,Corporate,Widowed,Male,1970-08-12,2004-09-27,,EAST,Mr. Catherine Thompson
293,293,Professor,Victor,Wilson,Consumer,Single,Female,2000-07-22,2014-10-05,,EAST,Professor Victor Wilson
294,294,Mrs.,Gwendolyn,Kirby,Consumer,Divorced,Male,1985-09-25,2001-09-22,,EAST,Mrs. Gwendolyn Kirby
295,295,Ms.,Victor,Potter,SME,Single,Female,1984-06-08,2003-02-20,,SOUTH,Ms. Victor Potter
296,296,Mrs.,Diana,White,Corporate,Widowed,Male,1956-10-26,2007-08-22,,EAST,Mrs. Diana White
297,297,Dr.,Zachary,Harris,Corporate,Widowed,Male,1970-06-20,2007-12-24,,NORTH,Dr. Zachary Harris
298,298,Ms.,Charles,Tyson,Consumer,Single,Female,1972-02-10,2015-12-29,,SOUTH,Ms. Charles Tyson
299,299,Mrs.,Megan,Dillon,Consumer,Divorced,Male,1984-12-15,2007-02-07,,WEST,Mrs. Megan Dillon
300,300,Ms.,James,Harris,Consumer,Married,Male,1974-03-15,2002-04-17,,EAST,Ms. James Harris
301,301,Professor,Olivia,Potter,Consumer,Single,Male,1995-12-22,2009-02-24,,SOUTH,Professor Olivia Potter
302,302,Professor,Rachel,Williams,Corporate,Single,Female,1979-02-08,2008-08-21,,NORTH,Professor Rachel Williams
303,303,Professor,Yvonne,Williams,SME,Married,Female,1971-10-12,2012-10-29,,SOUTH,Professor Yvonne Williams
304,304,Ms.,Edward,Wilson,Consumer,Married,Male,1974-01-30,2011-01-22,,WEST,Ms. Edward Wilson
305,305,Ms.,Irene,White,Corporate,Divorced,Male,1993-06-11,2001-09-22,,SOUTH,Ms. Irene White
306,306,Mrs.,Tina,Tyson,Corporate,Married,Male,1991-01-29,2002-05-26,,SOUTH,Mrs. Tina Tyson
307,307,Dr.,Karen,Tyson,Corporate,Divorced,Male,1979-07-26,2009-11-15,,SOUTH,Dr. Karen Tyson
308,308,Mrs.,Karen,Tyson,Corporate,Married,Female,1992-12-22,2007-01-17,,NORTH,Mrs. Karen Tyson
309,309,Dr.,Xander,Dillon,Corporate,Widowed,Female,1971-10-01,2007-04-23,,NORTH,Dr. Xander Dillon
310,310,Mrs.,Diana,Kirby,SME,Single,Female,1998-12-14,2004-01-13,,NORTH,Mrs. Diana Kirby
311,311,Mr.,Olivia,Anderson,Consumer,Widowed,Female,1986-09-15,2015-02-04,,WEST,Mr. Olivia Anderson
312,312,Dr.,Irene,Jones,SME,Widowed,Female,1983-10-28,2001-08-28,,WEST,Dr. Irene Jones
313,313,Dr.,Rachel,Thompson,SME,Divorced,Male,1998-10-10,2000-10-28,,SOUTH,Dr. Rachel Thompson
314,314,Ms.,Yvonne,Davis,SME,Single,Female,1964-12-03,2014-07-06,,EAST,Ms. Yvonne Davis
315,315,Mr.,Zachary,White,Consumer,Divorced,Male,1950-12-12,2002-03-18,,NORTH,Mr. Zachary White
316,316,Dr.,Liam,Jackson,Consumer,Divorced,Female,1994-11-25,2003-05-19,,SOUTH,Dr. Liam Jackson
317,317,Mr.,James,White,Corporate,Divorced,Female,1960-05-31,2003-03-06,,EAST,Mr. James White
318,318,Professor,Zachary,Miller,Consumer,Widowed,Female,1993-04-29,2007-10-24,,SOUTH,Professor Zachary Miller
319,319,Ms.,Karen,Williams,Consumer,Single,Female,1954-01-04,2015-12-10,,SOUTH,Ms. Karen Williams
320,320,Mrs.,Victor,Garcia,Corporate,Married,Female,1996-04-17,2003-11-30,,EAST,Mrs. Victor Garcia
321,321,Mrs.,Henry,Jackson,Corporate,Widowed,Male,1966-09-21,2014-05-13,,SOUTH,Mrs. Henry Jackson
322,322,Dr.,Olivia,Kirby,Consumer,Married,Female,1984-11-19,2000-02-06,,WEST,Dr. Olivia Kirby
323,323,Professor,Samuel,Brown,Consumer,Divorced,Female,1966-10-10,2008-03-15,,EAST,Professor Samuel Brown
324,324,Professor,Irene,Martin,SME,Widowed,Female,1978-02-12,2013-05-22,,EAST,Professor Irene Martin
325,325,Dr.,Liam,Thomas,SME,Divorced,Male,1965-06-24,2015-02-09,,EAST,Dr. Liam Thomas
326,326,Mrs.,Karen,Brown,Corporate,Married,Male,1977-05-25,2002-08-16,,WEST,Mrs. Karen Brown
327,327,Mrs.,Nathan,Tyson,Corporate,Married,Male,1984-06-04,2009-06-27,,SOUTH,Mrs. Nathan Tyson
328,328,Mrs.,Patrick,Anderson,SME,Widowed,Male,1966-10-14,2007-01-21,,WEST,Mrs. Patrick Anderson
329,329,Mrs.,Aaron,Martin,Corporate,Widowed,Female,1967-07-04,2008-08-11,,NORTH,Mrs. Aaron Martin
330,330,Dr.,Wendy,Harris,Consumer,Single,Female,1965-01-02,2001-11-08,,SOUTH,Dr. Wendy Harris
331,331,Professor,Irene,Davis,SME,Widowed,Female,1975-11-25,2003-10-09,,EAST,Professor Irene Davis
332,332,Ms.,Samuel,Brown,SME,Single,Female,1998-09-22,2008-03-24,,EAST,Ms. Samuel Brown
333,333,Mrs.,Nathan,Brown,Corporate,Widowed,Female,1976-09-16,2000-09-21,,WEST,Mrs. Nathan Brown
334,334,Mrs.,Olivia,Brown,SME,Divorced,Female,1968-10-30,2013-03-09,,EAST,Mrs. Olivia Brown
335,335,Mrs.,Tina,Jones,SME,Divorced,Female,1968-07-26,2001-05-01,,WEST,Mrs. Tina Jones
336,336,Ms.,Karen,Anderson,Consumer,Single,Female,1973-12-26,2011-07-16,,WEST,Ms. Karen Anderson
337,337,Mrs.,Irene,Dillon,SME,Married,Female,1961-11-27,2005-08-07,,EAST,Mrs. Irene Dillon
338,338,Dr.,Yvonne,Jackson,SME,Divorced,Female,1962-10-03,2012-12-13,,WEST,Dr. Yvonne Jackson
339,339,Mr.,Olivia,Williams,SME,Divorced,Female,1986-02-21,2011-07-25,,SOUTH,Mr. Olivia Williams
340,340,Professor,Patrick,Taylor,SME,Widowed,Female,1950-03-23,2002-02-02,,SOUTH,Professor Patrick Taylor
341,341,Dr.,Zachary,Potter,Corporate,Married,Female,1969-07-17,2009-08-20,,EAST,Dr. Zachary Potter
342,342,Ms.,Allison,Anderson,SME,Married,Female,1999-02-07,2012-12-17,,NORTH,Ms. Allison Anderson
343,343,Mr.,Catherine,Johnson,Consumer,Widowed,Male,1958-12-07,2014-01-16,,NORTH,Mr. Catherine Johnson
344,344,Mr.,Olivia,Harris,SME,Married,Female,1988-05-19,2004-07-15,,WEST,Mr. Olivia Harris
345,345,Mr.,Brian,Wilson,Corporate,Single,Male,1982-05-03,2005-08-13,,WEST,Mr. Brian Wilson
346,346,Ms.,Megan,Dillon,SME,Single,Male,1971-01-03,2009-08-17,,EAST,Ms. Megan Dillon
347,347,Mr.,Gwendolyn,Martin,SME,Married,Female,1961-11-27,2013-04-25,,EAST,Mr. Gwendolyn Martin
348,348,Mr.,Aaron,Taylor,Corporate,Married,Male,1987-11-21,2015-07-26,,EAST,Mr. Aaron Taylor
349,349,Mr.,Megan,Williams,Corporate,Divorced,Male,1959-04-05,2007-01-10,,WEST,Mr. Megan Williams
350,350,Mrs.,Yvonne,Jones,SME,Single,Male,1956-02-20,2011-11-24,,SOUTH,Mrs. Yvonne Jones
351,351,Mrs.,Liam,Miller,Consumer,Widowed,Male,1986-12-08,2013-10-25,,SOUTH,Mrs. Liam Miller
352,352,Professor,Edward,Brown,Corporate,Widowed,Male,1984-06-14,2007-11-19,,EAST,Professor Edward Brown
353,353,Mr.,Irene,Dillon,SME,Divorced,Male,1972-04-06,2012-05-30,,WEST,Mr. Irene Dillon
354,354,Professor,Gwendolyn,Thompson,Corporate,Widowed,Male,1995-09-18,2004-03-25,,NORTH,Professor Gwendolyn Thompson
355,355,Mr.,Patrick,Jackson,SME,Single,Male,1971-08-18,2011-03-16,,WEST,Mr. Patrick Jackson
356,356,Dr.,Karen,Jones,SME,Divorced,Male,2000-12-28,2009-06-09,,NORTH,Dr. Karen Jones
357,357,Mr.,Yvonne,Williams,Consumer,Divorced,Male,1956-01-22,2000-04-22,,SOUTH,Mr. Yvonne Williams
358,358,Professor,Zachary,Jackson,Corporate,Widowed,Female,1975-09-14,2014-02-05,,EAST,Professor Zachary Jackson
359,359,Professor,Ursula,Potter,Corporate,Single,Male,1963-09-13,2006-03-23,,EAST,Professor Ursula Potter
360,360,Professor,Zachary,Jones,Corporate,Single,Female,1979-04-25,2008-10-05,,WEST,Professor Zachary Jones
361,361,Mr.,Bonnie,Davis,SME,Widowed,Male,1988-12-24,2002-08-08,,WEST,Mr. Bonnie Davis
362,362,Mr.,Victor,Garcia,SME,Married,Male,1951-02-20,2015-11-17,,NORTH,Mr. Victor Garcia
363,363,Professor,Patrick,Thomas,Corporate,Married,Male,1996-05-27,2005-10-24,,WEST,Professor Patrick Thomas
364,364,Mr.,Xander,Brown,SME,Divorced,Male,1980-01-21,2009-08-18,,NORTH,Mr. Xander Brown
365,365,Mr.,Wendy,Kirby,Consumer,Divorced,Female,1994-07-06,2010-03-17,,NORTH,Mr. Wendy Kirby
366,366,Ms.,Liam,Garcia,Consumer,Single,Male,1959-03-26,2012-11-14,,WEST,Ms. Liam Garcia
367,367,Mrs.,Brian,Smith,Corporate,Divorced,Male,1954-02-15,2010-07-31,,EAST,Mrs. Brian Smith
368,368,Professor,Brian,Johnson,Consumer,Divorced,Female,1987-08-16,2005-01-13,,WEST,Professor Brian Johnson
369,369,Professor,Irene,Williams,Consumer,Single,Male,1983-06-13,2002-09-05,,NORTH,Professor Irene Williams
370,370,Dr.,Megan,Williams,Consumer,Divorced,Female,1975-04-30,2006-12-20,,EAST,Dr. Megan Williams
371,371,Ms.,Liam,Miller,Corporate,Married,Female,2000-07-31,2006-10-25,,EAST,Ms. Liam Miller
372,372,Professor,Yvonne,Miller,Corporate,Single,Male,1971-12-29,2003-05-18,,SOUTH,Professor Yvonne Miller
373,373,Mr.,Rachel,Thomas,SME,Widowed,Female,1980-01-21,2000-01-12,,WEST,Mr. Rachel Thomas
374,374,Mrs.,Gwendolyn,Thompson,Consumer,Single,Female,1987-08-31,2011-01-13,,EAST,Mrs. Gwendolyn Thompson
375,375,Professor,Bonnie,Davis,Corporate,Divorced,Male,1987-01-22,2015-09-20,,EAST,Professor Bonnie Davis
376,376,Dr.,Quinn,Jones,Corporate,Single,Male,1956-09-18,2013-04-10,,EAST,Dr. Quinn Jones
377,377,Ms.,James,Wilson,Corporate,Divorced,Female,1985-04-03,2015-09-19,,WEST,Ms. James Wilson
378,378,Mrs.,Henry,Williams,Consumer,Single,Male,1962-03-19,2013-02-10,,NORTH,Mrs. Henry Williams
379,379,Ms.,Olivia,Harris,Consumer,Divorced,Female,1986-06-21,2002-09-16,,WEST,Ms. Olivia Harris
380,380,Mr.,Olivia,Wilson,SME,Divorced,Male,1958-02-10,2003-07-15,,NORTH,Mr. Olivia Wilson
381,381,Mrs.,Allison,Taylor,Corporate,Married,Female,1958-03-08,2015-12-13,,WEST,Mrs. Allison Taylor
382,382,Ms.,Victor,Anderson,Corporate,Widowed,Male,1965-08-07,2000-09-11,,EAST,Ms. Victor Anderson
383,383,Mrs.,Olivia,Brown,Consumer,Single,Male,1960-11-23,2000-04-07,,EAST,Mrs. Olivia Brown
384,384,Ms.,Allison,Jackson,Consumer,Divorced,Male,1957-07-16,2013-01-22,,WEST,Ms. Allison Jackson
385,385,Dr.,Gwendolyn,Dillon,Consumer,Divorced,Male,1961-07-22,2002-01-23,,EAST,Dr. Gwendolyn Dillon
386,386,Professor,Bonnie,Garcia,Consumer,Widowed,Female,1988-11-10,2008-11-09,,SOUTH,Professor Bonnie Garcia
387,387,Mrs.,Fiona,Thomas,Corporate,Divorced,Male,1966-10-16,2006-03-02,,SOUTH,Mrs. Fiona Thomas
388,388,Professor,Tina,Tyson,Corporate,Divorced,Female,1972-01-19,2014-07-08,,EAST,Professor Tina Tyson
389,389,Ms.,Bonnie,Williams,Consumer,Widowed,Male,1984-05-12,2003-01-29,,SOUTH,Ms. Bonnie Williams
390,390,Dr.,Megan,Thomas,SME,Divorced,Female,1998-11-07,2010-11-14,,EAST,Dr. Megan Thomas
391,391,Mr.,Irene,Garcia,Consumer,Married,Female,1978-08-10,2013-05-23,,SOUTH,Mr. Irene Garcia
392,392,Professor,Zachary,Martin,Consumer,Married,Male,1982-01-25,2013-02-05,,EAST,Professor Zachary Martin
393,393,Ms.,Victor,Davis,SME,Married,Female,1997-11-17,2001-04-03,,WEST,Ms. Victor Davis
394,394,Mrs.,Allison,Garcia,SME,Divorced,Female,1971-03-23,2013-04-15,,NORTH,Mrs. Allison Garcia
395,395,Professor,Wendy,Thomas,Corporate,Married,Female,2000-07-25,2003-03-10,,EAST,Professor Wendy Thomas
396,396,Mr.,Patrick,Johnson,Consumer,Married,Female,1955-01-15,2005-03-20,,WEST,Mr. Patrick Johnson
397,397,Mrs.,Karen,Tyson,Corporate,Married,Male,1961-09-15,2007-08-23,,EAST,Mrs. Karen Tyson
398,398,Mrs.,Edward,Kirby,Consumer,Divorced,Female,1959-12-14,2011-10-21,,EAST,Mrs. Edward Kirby
399,399,Ms.,Samuel,Brown,Consumer,Married,Female,1977-01-27,2007-03-27,,SOUTH,Ms. Samuel Brown
400,400,Mrs.,Ursula,Taylor,Consumer,Divorced,Male,2000-06-01,2015-07-22,,SOUTH,Mrs. Ursula Taylor
401,401,Mrs.,James,Anderson,SME,Widowed,Male,1965-12-11,2000-01-15,,SOUTH,Mrs. James Anderson
402,402,Professor,Tina,Taylor,Corporate,Single,Male,1969-10-26,2014-05-06,,WEST,Professor Tina Taylor
403,403,Mrs.,Xander,Williams,SME,Married,Male,1981-02-11,2007-03-02,,NORTH,Mrs. Xander Williams
404,404,Ms.,Olivia,Smith,Corporate,Single,Female,1968-10-23,2005-08-06,,NORTH,Ms. Olivia Smith
405,405,Mr.,Xander,Smith,Consumer,Widowed,Female,1984-08-16,2009-10-29,,EAST,Mr. Xander Smith
406,406,Ms.,Catherine,Jackson,Corporate,Single,Male,1998-12-27,2008-06-01,,SOUTH,Ms. Catherine Jackson
407,407,Mr.,Olivia,Williams,Corporate,Divorced,Male,1976-06-16,2000-06-13,,WEST,Mr. Olivia Williams
408,408,Dr.,Karen,Garcia,Corporate,Single,Female,1964-06-08,2001-09-06,,EAST,Dr. Karen Garcia
409,409,Mrs.,Nathan,Dillon,Consumer,Single,Female,1988-12-14,2003-07-10,,EAST,Mrs. Nathan Dillon
410,410,Professor,Gwendolyn,White,Corporate,Divorced,Male,1998-06-16,2005-12-13,,WEST,Professor Gwendolyn White
411,411,Professor,Bonnie,Jackson,Consumer,Married,Female,1999-04-25,2011-01-04,,EAST,Professor Bonnie Jackson
412,412,Ms.,Nathan,Williams,Consumer,Single,Male,1993-02-03,2004-06-23,,EAST,Ms. Nathan Williams
413,413,Mr.,Ursula,Anderson,Corporate,Divorced,Female,1992-06-26,2002-08-04,,WEST,Mr. Ursula Anderson
414,414,Mr.,Catherine,Wilson,Corporate,Married,Female,1998-10-25,2008-09-09,,SOUTH,Mr. Catherine Wilson
415,415,Mr.,Fiona,Harris,Corporate,Widowed,Male,1973-08-15,2009-11-11,,NORTH,Mr. Fiona Harris
416,416,Mrs.,Samuel,Johnson,SME,Divorced,Female,1958-09-04,2001-12-03,,NORTH,Mrs. Samuel Johnson
417,417,Dr.,Rachel,Johnson,SME,Widowed,Male,1996-11-18,2009-05-22,,WEST,Dr. Rachel Johnson
418,418,Dr.,James,Williams,Consumer,Married,Female,1953-02-11,2011-04-06,,SOUTH,Dr. James Williams
419,419,Mrs.,Fiona,Miller,Consumer,Widowed,Female,1961-04-27,2000-12-15,,WEST,Mrs. Fiona Miller
420,420,Mrs.,Allison,Dillon,Consumer,Single,Female,1973-02-19,2007-03-04,,WEST,Mrs. Allison Dillon
421,421,Ms.,Rachel,Taylor,SME,Single,Female,1996-08-16,2010-04-11,,SOUTH,Ms. Rachel Taylor
422,422,Mrs.,Nathan,Jones,Consumer,Single,Male,2000-10-31,2013-03-09,,EAST,Mrs. Nathan Jones
423,423,Ms.,Brian,Potter,SME,Widowed,Female,1986-11-12,2005-12-03,,NORTH,Ms. Brian Potter
424,424,Ms.,Bonnie,Garcia,Consumer,Widowed,Female,1986-02-25,2003-03-24,,SOUTH,Ms. Bonnie Garcia
425,425,Mr.,Wendy,Davis,Consumer,Divorced,Female,1992-08-19,2006-01-09,,NORTH,Mr. Wendy Davis
426,426,Dr.,James,Wilson,Corporate,Married,Female,1958-10-24,2005-02-10,,NORTH,Dr. James Wilson
427,427,Professor,Irene,White,Consumer,Widowed,Female,1958-01-04,2004-03-19,,NORTH,Professor Irene White
428,428,Ms.,Yvonne,Thompson,Consumer,Married,Female,1955-01-16,2011-07-23,,SOUTH,Ms. Yvonne Thompson
429,429,Professor,Edward,Thompson,Consumer,Married,Male,1952-08-06,2003-11-24,,SOUTH,Professor Edward Thompson
430,430,Mr.,Bonnie,Harris,Corporate,Married,Female,1982-05-01,2015-10-21,,WEST,Mr. Bonnie Harris
431,431,Mr.,Quinn,Jackson,Corporate,Divorced,Female,1952-09-28,2005-06-04,,SOUTH,Mr. Quinn Jackson
432,432,Professor,Brian,Martin,Consumer,Divorced,Female,1999-06-19,2007-11-05,,WEST,Professor Brian Martin
433,433,Dr.,James,Smith,Consumer,Married,Male,1954-06-15,2003-08-27,,EAST,Dr. James Smith
434,434,Dr.,Irene,Dillon,Corporate,Single,Male,1996-01-19,2000-06-13,,WEST,Dr. Irene Dillon
435,435,Mrs.,Tina,Smith,SME,Divorced,Female,1972-08-23,2013-08-23,,WEST,Mrs. Tina Smith
436,436,Ms.,Catherine,Jackson,Corporate,Married,Female,1991-03-07,2005-08-26,,SOUTH,Ms. Catherine Jackson
437,437,Mr.,Samuel,Brown,SME,Divorced,Female,1995-11-22,2014-11-09,,SOUTH,Mr. Samuel Brown
438,438,Dr.,Victor,Brown,SME,Divorced,Female,1955-09-23,2007-07-17,,NORTH,Dr. Victor Brown
439,439,Ms.,Irene,Dillon,Consumer,Married,Female,1966-11-25,2003-05-13,,NORTH,Ms. Irene Dillon
440,440,Mr.,Victor,Jones,Corporate,Divorced,Female,1994-08-15,2006-08-18,,NORTH,Mr. Victor Jones
441,441,Professor,Xander,Johnson,SME,Married,Female,1967-01-15,2007-09-12,,SOUTH,Professor Xander Johnson
442,442,Mrs.,Quinn,Anderson,Consumer,Divorced,Female,2000-01-31,2004-01-23,,NORTH,Mrs. Quinn Anderson
443,443,Professor,Xander,Wilson,SME,Divorced,Male,1966-06-04,2015-03-31,,WEST,Professor Xander Wilson
444,444,Ms.,Liam,Davis,Corporate,Divorced,Female,1987-09-22,2007-06-07,,WEST,Ms. Liam Davis
445,445,Dr.,Brian,Brown,Corporate,Single,Male,1954-10-25,2014-03-24,,SOUTH,Dr. Brian Brown
446,446,Professor,Brian,Jackson,Consumer,Single,Male,1976-10-07,2009-04-07,,EAST,Professor Brian Jackson
447,447,Professor,Karen,White,SME,Divorced,Male,1991-01-19,2003-03-19,,WEST,Professor Karen White
448,448,Mrs.,Patrick,Taylor,Consumer,Single,Female,1978-02-12,2014-03-25,,EAST,Mrs. Patrick Taylor
449,449,Professor,Gwendolyn,Garcia,Consumer,Single,Female,1964-03-19,2010-12-24,,NORTH,Professor Gwendolyn Garcia
450,450,Dr.,Megan,White,SME,Single,Male,1984-05-22,2000-02-08,,SOUTH,Dr. Megan White
451,451,Professor,Aaron,Taylor,SME,Single,Male,1967-02-05,2000-05-26,,NORTH,Professor Aaron Taylor
452,452,Ms.,Wendy,Thomas,SME,Widowed,Female,1961-07-26,2002-04-21,,WEST,Ms. Wendy Thomas
453,453,Ms.,Charles,Johnson,Corporate,Divorced,Male,1976-02-03,2010-03-23,,WEST,Ms. Charles Johnson
454,454,Ms.,Catherine,Martin,Consumer,Widowed,Male,1966-11-27,2003-09-12,,NORTH,Ms. Catherine Martin
455,455,Mrs.,Xander,Jones,Consumer,Married,Female,1951-12-20,2013-03-23,,WEST,Mrs. Xander Jones
456,456,Ms.,Megan,Dillon,SME,Single,Male,1997-12-22,2013-12-22,,EAST,Ms. Megan Dillon
457,457,Mr.,Ursula,Smith,Corporate,Widowed,Male,1960-05-22,2009-05-07,,EAST,Mr. Ursula Smith
458,458,Mrs.,Patrick,Jones,SME,Widowed,Male,1950-11-01,2006-10-02,,NORTH,Mrs. Patrick Jones
459,459,Mrs.,Tina,Tyson,Corporate,Single,Male,1987-07-30,2002-05-09,,NORTH,Mrs. Tina Tyson
460,460,Professor,Patrick,Miller,Corporate,Married,Female,1967-12-03,2005-11-24,,EAST,Professor Patrick Miller
461,461,Professor,Fiona,Johnson,Corporate,Widowed,Male,1994-07-13,2004-08-28,,NORTH,Professor Fiona Johnson
462,462,Mr.,Aaron,Williams,SME,Single,Male,1994-04-30,2003-05-06,,EAST,Mr. Aaron Williams
463,463,Mrs.,Catherine,Wilson,Corporate,Divorced,Male,1990-12-23,2006-08-22,,EAST,Mrs. Catherine Wilson
464,464,Mr.,Allison,Garcia,Corporate,Divorced,Male,1976-01-26,2008-01-29,,EAST,Mr. Allison Garcia
465,465,Mr.,Brian,Johnson,Corporate,Married,Female,1962-06-01,2014-11-17,,EAST,Mr. Brian Johnson
466,466,Mr.,Tina,Wilson,Consumer,Married,Female,1983-06-07,2007-09-08,,SOUTH,Mr. Tina Wilson
467,467,Dr.,Olivia,Wilson,Consumer,Married,Male,1992-11-27,2009-06-16,,SOUTH,Dr. Olivia Wilson
468,468,Mr.,Brian,Garcia,SME,Widowed,Female,1987-04-29,2013-04-01,,EAST,Mr. Brian Garcia
469,469,Ms.,Tina,Jackson,Corporate,Married,Female,1952-08-02,2015-05-09,,WEST,Ms. Tina Jackson
470,470,Dr.,Catherine,White,SME,Divorced,Female,1954-02-15,2001-06-02,,EAST,Dr. Catherine White
471,471,Professor,Wendy,Thompson,SME,Divorced,Male,2000-09-09,2005-01-08,,EAST,Professor Wendy Thompson
472,472,Dr.,Victor,Davis,Consumer,Widowed,Male,1981-01-07,2014-11-20,,SOUTH,Dr. Victor Davis
473,473,Professor,Ursula,Garcia,Consumer,Married,Female,1992-02-07,2011-02-13,,EAST,Professor Ursula Garcia
474,474,Ms.,Henry,Taylor,SME,Married,Female,1954-07-08,2011-05-15,,NORTH,Ms. Henry Taylor
475,475,Mr.,Allison,Davis,Consumer,Widowed,Female,1991-03-10,2009-12-17,,SOUTH,Mr. Allison Davis
476,476,Dr.,Karen,Brown,Corporate,Widowed,Male,1951-08-06,2002-04-20,,SOUTH,Dr. Karen Brown
477,477,Professor,Allison,Williams,SME,Married,Female,1977-04-30,2011-05-27,,EAST,Professor Allison Williams
478,478,Mrs.,Liam,Johnson,SME,Widowed,Female,1990-10-09,2007-06-12,,NORTH,Mrs. Liam Johnson
479,479,Mrs.,Diana,Brown,SME,Divorced,Female,1950-03-13,2007-08-28,,SOUTH,Mrs. Diana Brown
480,480,Mr.,Wendy,Brown,SME,Married,Female,1964-09-23,2011-01-16,,NORTH,Mr. Wendy Brown
481,481,Mrs.,Irene,Tyson,Consumer,Widowed,Female,1966-10-29,2002-09-16,,EAST,Mrs. Irene Tyson
482,482,Mr.,Wendy,Taylor,Corporate,Single,Female,1987-03-09,2001-01-15,,WEST,Mr. Wendy Taylor
483,483,Professor,Patrick,Smith,SME,Widowed,Female,1954-05-11,2012-05-29,,WEST,Professor Patrick Smith
484,484,Mrs.,Wendy,Kirby,SME,Widowed,Female,1961-07-08,2002-04-28,,WEST,Mrs. Wendy Kirby
485,485,Mrs.,Nathan,Tyson,Corporate,Divorced,Female,1974-07-19,2008-12-03,,SOUTH,Mrs. Nathan Tyson
486,486,Professor,Edward,White,SME,Divorced,Male,1995-12-17,2006-09-14,,WEST,Professor Edward White
487,487,Ms.,Gwendolyn,Tyson,SME,Married,Male,1980-12-23,2015-01-30,,WEST,Ms. Gwendolyn Tyson
488,488,Ms.,Wendy,Brown,SME,Widowed,Female,2000-06-11,2010-10-10,,NORTH,Ms. Wendy Brown
489,489,Professor,Zachary,Smith,Consumer,Widowed,Male,1959-07-21,2000-07-26,,SOUTH,Professor Zachary Smith
490,490,Mrs.,Gwendolyn,Wilson,Consumer,Divorced,Male,1975-09-18,2015-04-30,,EAST,Mrs. Gwendolyn Wilson
491,491,Mr.,Gwendolyn,Potter,SME,Single,Male,1982-03-07,2010-02-24,,NORTH,Mr. Gwendolyn Potter
492,492,Ms.,Henry,Thompson,Corporate,Widowed,Female,1954-03-20,2008-07-22,,SOUTH,Ms. Henry Thompson
493,493,Mrs.,Aaron,Wilson,SME,Divorced,Male,1989-10-01,2005-01-21,,EAST,Mrs. Aaron Wilson
494,494,Mrs.,James,Harris,SME,Married,Male,1956-09-06,2004-03-11,,WEST,Mrs. James Harris
495,495,Ms.,Bonnie,White,Consumer,Married,Female,1999-12-08,2005-12-04,,SOUTH,Ms. Bonnie White
496,496,Mrs.,Karen,Harris,SME,Divorced,Male,1953-08-01,2003-06-13,,EAST,Mrs. Karen Harris
497,497,Professor,Patrick,Kirby,SME,Divorced,Male,1982-02-15,2001-08-20,,NORTH,Professor Patrick Kirby
498,498,Professor,Quinn,Williams,Consumer,Widowed,Female,1964-04-19,2009-04-30,,WEST,Professor Quinn Williams
499,499,Ms.,Catherine,Miller,Consumer,Divorced,Female,1979-09-14,2008-02-03,,WEST,Ms. Catherine Miller
500,500,Dr.,Diana,Thomas,Consumer,Married,Female,1971-07-25,2014-05-28,,EAST,Dr. Diana Thomas
501,501,Dr.,Zachary,Brown,Consumer,Divorced,Female,1973-01-07,2012-02-12,,SOUTH,Dr. Zachary Brown
502,502,Ms.,Patrick,Johnson,Consumer,Single,Male,1967-04-10,2007-03-09,,SOUTH,Ms. Patrick Johnson
503,503,Mrs.,Ursula,Williams,Consumer,Widowed,Male,1969-02-15,2015-05-16,,EAST,Mrs. Ursula Williams
504,504,Mrs.,Ursula,Williams,Consumer,Divorced,Male,1952-02-18,2010-04-19,,SOUTH,Mrs. Ursula Williams
505,505,Ms.,Bonnie,Garcia,Corporate,Married,Female,2000-01-26,2001-07-31,,EAST,Ms. Bonnie Garcia
506,506,Dr.,Olivia,Dillon,Corporate,Single,Male,1988-11-06,2007-02-04,,SOUTH,Dr. Olivia Dillon
507,507,Mr.,Ursula,Tyson,Corporate,Single,Male,1954-01-31,2015-09-20,,EAST,Mr. Ursula Tyson
508,508,Professor,Zachary,Anderson,Corporate,Widowed,Female,1957-10-05,2006-04-25,,NORTH,Professor Zachary Anderson
509,509,Professor,Patrick,Garcia,SME,Widowed,Female,1969-09-22,2003-01-22,,EAST,Professor Patrick Garcia
510,510,Ms.,James,Dillon,Consumer,Married,Male,1951-01-01,2012-05-31,,WEST,Ms. James Dillon
511,511,Dr.,Samuel,Tyson,Corporate,Single,Male,1998-03-11,2012-04-12,,EAST,Dr. Samuel Tyson
512,512,Professor,Gwendolyn,White,Consumer,Married,Female,1962-10-12,2003-08-11,,NORTH,Professor Gwendolyn White
513,513,Professor,Diana,Garcia,SME,Widowed,Male,1954-11-18,2012-04-23,,WEST,Professor Diana Garcia
514,514,Ms.,Victor,Williams,Corporate,Widowed,Female,1958-10-23,2004-06-05,,NORTH,Ms. Victor Williams
515,515,Mrs.,Victor,Dillon,Consumer,Single,Female,1958-12-23,2006-05-24,,WEST,Mrs. Victor Dillon
516,516,Professor,Olivia,Taylor,SME,Married,Female,1977-06-04,2015-07-21,,SOUTH,Professor Olivia Taylor
517,517,Mr.,Nathan,Garcia,SME,Married,Female,1978-02-06,2005-07-09,,NORTH,Mr. Nathan Garcia
518,518,Mrs.,Allison,Thomas,Corporate,Widowed,Female,1979-09-30,2010-10-06,,NORTH,Mrs. Allison Thomas
519,519,Mr.,Patrick,Potter,Corporate,Single,Male,1965-10-08,2014-06-24,,NORTH,Mr. Patrick Potter
520,520,Mr.,Irene,Dillon,SME,Single,Female,1956-10-06,2000-06-01,,WEST,Mr. Irene Dillon
521,521,Ms.,Bonnie,Potter,SME,Widowed,Male,1998-10-04,2012-02-08,,WEST,Ms. Bonnie Potter
522,522,Professor,Megan,Davis,SME,Widowed,Male,1976-02-09,2003-01-01,,NORTH,Professor Megan Davis
523,523,Mr.,Liam,Thompson,SME,Married,Male,1971-06-07,2013-10-09,,SOUTH,Mr. Liam Thompson
524,524,Professor,Fiona,Garcia,SME,Married,Female,2000-10-05,2014-10-15,,SOUTH,Professor Fiona Garcia
525,525,Dr.,Bonnie,Davis,Corporate,Divorced,Male,1970-10-16,2001-05-29,,NORTH,Dr. Bonnie Davis
526,526,Professor,Victor,Miller,Corporate,Widowed,Male,1982-05-30,2008-09-14,,EAST,Professor Victor Miller
527,527,Mr.,Ursula,Taylor,SME,Divorced,Female,1996-10-10,2014-03-18,,EAST,Mr. Ursula Taylor
528,528,Dr.,Megan,Dillon,SME,Single,Female,1982-10-10,2013-03-07,,WEST,Dr. Megan Dillon
529,529,Dr.,Henry,Thompson,Corporate,Widowed,Male,1981-08-29,2007-09-27,,SOUTH,Dr. Henry Thompson
530,530,Mrs.,Olivia,Garcia,Consumer,Divorced,Male,1956-12-01,2011-07-17,,WEST,Mrs. Olivia Garcia
531,531,Professor,Fiona,Thomas,Corporate,Married,Female,1960-08-13,2014-10-29,,WEST,Professor Fiona Thomas
532,532,Dr.,Patrick,Martin,SME,Married,Female,1968-11-26,2013-04-01,,EAST,Dr. Patrick Martin
533,533,Mrs.,Henry,Johnson,SME,Single,Male,1964-06-15,2003-01-08,,EAST,Mrs. Henry Johnson
534,534,Mrs.,Fiona,Wilson,SME,Single,Female,1996-05-08,2009-02-03,,EAST,Mrs. Fiona Wilson
535,535,Professor,Gwendolyn,Harris,Consumer,Married,Female,1992-04-17,2010-10-20,,EAST,Professor Gwendolyn Harris
536,536,Mrs.,Zachary,Kirby,SME,Married,Female,1995-10-30,2005-12-06,,WEST,Mrs. Zachary Kirby
537,537,Mr.,Tina,Kirby,Consumer,Widowed,Male,1970-08-14,2008-06-25,,SOUTH,Mr. Tina Kirby
538,538,Professor,Gwendolyn,Thompson,Consumer,Single,Female,1987-08-30,2003-05-10,,EAST,Professor Gwendolyn Thompson
539,539,Professor,Catherine,Potter,SME,Widowed,Male,1960-07-17,2002-02-02,,EAST,Professor Catherine Potter
540,540,Dr.,Catherine,Dillon,Consumer,Divorced,Female,1996-11-01,2009-06-08,,EAST,Dr. Catherine Dillon
541,541,Dr.,Zachary,Martin,Corporate,Single,Male,1981-06-12,2013-03-18,,WEST,Dr. Zachary Martin
542,542,Mr.,Patrick,Davis,Corporate,Widowed,Male,1975-06-01,2013-06-02,,NORTH,Mr. Patrick Davis
543,543,Professor,Wendy,Smith,Corporate,Single,Male,1996-11-17,2002-08-23,,EAST,Professor Wendy Smith
544,544,Mr.,Nathan,Thomas,Corporate,Divorced,Female,1963-11-20,2009-07-22,,NORTH,Mr. Nathan Thomas
545,545,Dr.,Tina,Wilson,Consumer,Widowed,Female,1968-04-10,2009-04-08,,NORTH,Dr. Tina Wilson
546,546,Professor,Irene,Anderson,SME,Widowed,Male,1980-11-22,2015-10-28,,SOUTH,Professor Irene Anderson
547,547,Dr.,Xander,Davis,SME,Married,Female,1964-07-07,2002-04-01,,EAST,Dr. Xander Davis
548,548,Professor,Zachary,Potter,SME,Widowed,Male,1954-09-02,2003-08-09,,NORTH,Professor Zachary Potter
549,549,Dr.,Allison,Jones,Corporate,Single,Male,1989-01-22,2001-12-23,,EAST,Dr. Allison Jones
550,550,Mr.,Charles,Tyson,SME,Divorced,Male,1984-06-24,2008-12-26,,NORTH,Mr. Charles Tyson
551,551,Dr.,Ursula,Martin,Consumer,Divorced,Male,1950-12-17,2004-07-10,,WEST,Dr. Ursula Martin
552,552,Mr.,Tina,Garcia,Consumer,Single,Male,1982-04-10,2005-05-13,,WEST,Mr. Tina Garcia
553,553,Ms.,Yvonne,Jackson,SME,Married,Male,1985-06-14,2009-02-03,,NORTH,Ms. Yvonne Jackson
554,554,Ms.,Charles,Potter,Corporate,Divorced,Female,2000-02-29,2013-01-27,,EAST,Ms. Charles Potter
555,555,Dr.,Tina,Miller,Corporate,Single,Male,1986-03-29,2012-11-22,,WEST,Dr. Tina Miller
556,556,Professor,Quinn,Brown,Corporate,Divorced,Male,1956-06-29,2011-04-14,,SOUTH,Professor Quinn Brown
557,557,Professor,Catherine,Potter,Corporate,Widowed,Female,1972-06-10,2015-07-27,,NORTH,Professor Catherine Potter
558,558,Dr.,Yvonne,Taylor,Corporate,Single,Male,1991-05-02,2013-02-28,,WEST,Dr. Yvonne Taylor
559,559,Mrs.,Charles,Jackson,Corporate,Widowed,Male,1970-08-18,2007-01-30,,NORTH,Mrs. Charles Jackson
560,560,Mr.,Henry,Anderson,Consumer,Divorced,Male,1985-10-16,2015-02-09,,NORTH,Mr. Henry Anderson
561,561,Mrs.,Karen,Thomas,Corporate,Married,Male,1974-02-21,2004-02-06,,SOUTH,Mrs. Karen Thomas
562,562,Ms.,Xander,Davis,Consumer,Married,Female,1968-07-20,2005-02-20,,WEST,Ms. Xander Davis
563,563,Mr.,Yvonne,Brown,SME,Widowed,Male,1957-01-15,2015-02-27,,WEST,Mr. Yvonne Brown
564,564,Ms.,Brian,Martin,Corporate,Divorced,Male,1978-04-19,2011-01-16,,EAST,Ms. Brian Martin
565,565,Professor,Megan,Davis,Corporate,Widowed,Male,1961-07-04,2001-03-19,,NORTH,Professor Megan Davis
566,566,Dr.,Megan,Garcia,Corporate,Widowed,Male,1960-10-19,2015-08-30,,NORTH,Dr. Megan Garcia
567,567,Dr.,Victor,Miller,SME,Divorced,Female,1959-01-15,2007-04-19,,EAST,Dr. Victor Miller
568,568,Mrs.,Rachel,Wilson,Corporate,Divorced,Male,1974-03-03,2010-07-28,,WEST,Mrs. Rachel Wilson
569,569,Dr.,Nathan,Miller,Corporate,Widowed,Female,1983-05-27,2008-03-09,,SOUTH,Dr. Nathan Miller
570,570,Professor,Samuel,Jones,Consumer,Divorced,Female,1970-07-04,2002-03-29,,WEST,Professor Samuel Jones
571,571,Mrs.,Gwendolyn,Jones,Corporate,Married,Female,1992-06-07,2000-03-20,,SOUTH,Mrs. Gwendolyn Jones
572,572,Professor,Catherine,Dillon,Corporate,Widowed,Female,1997-11-27,2007-01-30,,WEST,Professor Catherine Dillon
573,573,Mrs.,Megan,Brown,Corporate,Divorced,Male,1955-05-22,2004-10-31,,EAST,Mrs. Megan Brown
574,574,Ms.,Xander,Taylor,Corporate,Divorced,Male,1982-05-21,2008-01-30,,SOUTH,Ms. Xander Taylor
575,575,Professor,Diana,Thomas,Corporate,Married,Female,1967-11-07,2012-12-08,,SOUTH,Professor Diana Thomas
576,576,Dr.,Victor,Thompson,SME,Widowed,Female,1990-02-05,2001-10-04,,NORTH,Dr. Victor Thompson
577,577,Mrs.,Ursula,Jones,Consumer,Widowed,Male,1980-04-08,2009-06-17,,SOUTH,Mrs. Ursula Jones
578,578,Ms.,Karen,Davis,SME,Divorced,Female,1978-06-06,2014-08-24,,WEST,Ms. Karen Davis
579,579,Ms.,Irene,Harris,Consumer,Widowed,Male,1996-09-26,2010-02-05,,SOUTH,Ms. Irene Harris
580,580,Ms.,Edward,Davis,Corporate,Married,Male,1957-03-08,2004-09-21,,EAST,Ms. Edward Davis
581,581,Professor,Charles,Martin,SME,Widowed,Male,1954-10-30,2000-08-03,,EAST,Professor Charles Martin
582,582,Mrs.,Irene,Tyson,Corporate,Widowed,Male,1957-07-25,2014-09-08,,EAST,Mrs. Irene Tyson
583,583,Dr.,Xander,Anderson,Consumer,Married,Male,1961-05-05,2002-12-11,,WEST,Dr. Xander Anderson
584,584,Dr.,Brian,Taylor,SME,Divorced,Female,1991-11-30,2012-02-15,,NORTH,Dr. Brian Taylor
585,585,Mrs.,Wendy,Potter,SME,Widowed,Female,1990-12-17,2014-02-25,,WEST,Mrs. Wendy Potter
586,586,Mrs.,Patrick,Potter,Corporate,Divorced,Female,1958-01-13,2009-11-28,,NORTH,Mrs. Patrick Potter
587,587,Mr.,Edward,Anderson,Corporate,Married,Female,1950-01-04,2011-09-27,,NORTH,Mr. Edward Anderson
588,588,Dr.,Rachel,Smith,Corporate,Single,Female,1992-10-19,2006-09-20,,SOUTH,Dr. Rachel Smith
589,589,Professor,Zachary,Smith,SME,Widowed,Female,1983-07-10,2004-03-24,,WEST,Professor Zachary Smith
590,590,Dr.,Henry,Garcia,Consumer,Divorced,Female,1983-12-12,2004-12-12,,SOUTH,Dr. Henry Garcia
591,591,Ms.,Quinn,Tyson,Corporate,Divorced,Male,1975-07-17,2014-07-18,,WEST,Ms. Quinn Tyson
592,592,Ms.,Fiona,Jones,SME,Widowed,Female,1959-11-26,2014-04-14,,EAST,Ms. Fiona Jones
593,593,Dr.,Wendy,Tyson,Consumer,Single,Male,1966-11-06,2007-03-11,,NORTH,Dr. Wendy Tyson
594,594,Ms.,Fiona,Brown,SME,Widowed,Male,1974-02-24,2002-10-21,,EAST,Ms. Fiona Brown
595,595,Mr.,Charles,Jones,Corporate,Divorced,Female,1994-04-13,2004-11-14,,WEST,Mr. Charles Jones
596,596,Mr.,Liam,Harris,Consumer,Married,Female,1979-08-18,2001-10-19,,SOUTH,Mr. Liam Harris
597,597,Dr.,Charles,Potter,Corporate,Divorced,Male,1966-04-17,2004-04-23,,SOUTH,Dr. Charles Potter
598,598,Dr.,Yvonne,Davis,Consumer,Single,Female,1989-09-27,2005-07-17,,EAST,Dr. Yvonne Davis
599,599,Dr.,Quinn,Miller,Corporate,Divorced,Male,1984-11-28,2015-04-14,,EAST,Dr. Quinn Miller
600,600,Professor,Xander,Potter,SME,Widowed,Female,1960-12-16,2005-09-06,,EAST,Professor Xander Potter
601,601,Mrs.,Liam,Johnson,Corporate,Widowed,Male,1960-02-18,2005-04-17,,WEST,Mrs. Liam Johnson
602,602,Professor,Zachary,Wilson,Consumer,Married,Male,1960-09-25,2008-11-16,,WEST,Professor Zachary Wilson
603,603,Mrs.,Wendy,Tyson,Consumer,Married,Female,1983-04-27,2002-01-03,,SOUTH,Mrs. Wendy Tyson
604,604,Ms.,Victor,Tyson,SME,Divorced,Male,1955-05-22,2001-05-04,,EAST,Ms. Victor Tyson
605,605,Mrs.,Edward,Martin,Corporate,Divorced,Male,1978-06-01,2012-07-10,,EAST,Mrs. Edward Martin
606,606,Ms.,Wendy,Jackson,Corporate,Single,Female,1962-02-01,2005-08-15,,EAST,Ms. Wendy Jackson
607,607,Mrs.,Rachel,Martin,Corporate,Divorced,Female,2000-11-03,2004-03-08,,NORTH,Mrs. Rachel Martin
608,608,Professor,Brian,Tyson,Corporate,Married,Female,1964-05-21,2001-07-18,,NORTH,Professor Brian Tyson
609,609,Dr.,Rachel,Thomas,SME,Widowed,Male,1950-01-24,2014-04-23,,NORTH,Dr. Rachel Thomas
610,610,Professor,Tina,Thomas,SME,Single,Female,1971-06-04,2007-03-12,,EAST,Professor Tina Thomas
611,611,Professor,Quinn,Martin,Corporate,Divorced,Female,1963-10-30,2013-10-01,,WEST,Professor Quinn Martin
612,612,Professor,Diana,Brown,Consumer,Married,Male,1955-12-25,2000-12-24,,NORTH,Professor Diana Brown
613,613,Mrs.,Diana,Martin,SME,Widowed,Female,1958-11-10,2000-09-17,,WEST,Mrs. Diana Martin
614,614,Mrs.,Bonnie,Thomas,SME,Married,Female,1956-05-11,2000-04-17,,NORTH,Mrs. Bonnie Thomas
615,615,Mr.,Olivia,Dillon,Corporate,Widowed,Male,1982-05-19,2012-07-07,,EAST,Mr. Olivia Dillon
616,616,Mr.,Quinn,Johnson,SME,Married,Male,1977-04-07,2001-09-30,,NORTH,Mr. Quinn Johnson
617,617,Professor,Xander,Davis,SME,Married,Male,1984-07-27,2004-04-01,,EAST,Professor Xander Davis
618,618,Dr.,Rachel,Potter,SME,Divorced,Female,1959-06-20,2014-04-28,,WEST,Dr. Rachel Potter
619,619,Mrs.,Catherine,Brown,SME,Widowed,Female,1966-03-09,2012-05-02,,SOUTH,Mrs. Catherine Brown
620,620,Dr.,Rachel,Tyson,Corporate,Divorced,Female,1981-08-10,2007-01-25,,WEST,Dr. Rachel Tyson
621,621,Professor,Allison,Taylor,Corporate,Married,Female,1971-08-06,2012-08-18,,SOUTH,Professor Allison Taylor
622,622,Dr.,Olivia,Harris,SME,Divorced,Male,1950-01-07,2000-10-10,,NORTH,Dr. Olivia Harris
623,623,Mr.,Catherine,Anderson,Corporate,Married,Male,1976-12-11,2004-12-22,,WEST,Mr. Catherine Anderson
624,624,Professor,Rachel,Thompson,Corporate,Single,Female,1963-11-18,2002-02-11,,NORTH,Professor Rachel Thompson
625,625,Ms.,Edward,Wilson,Corporate,Divorced,Male,1972-06-01,2005-03-23,,WEST,Ms. Edward Wilson
626,626,Mr.,Samuel,Miller,Corporate,Married,Male,1979-02-17,2010-10-27,,SOUTH,Mr. Samuel Miller
627,627,Dr.,Bonnie,Kirby,Corporate,Divorced,Female,1957-01-15,2001-04-03,,NORTH,Dr. Bonnie Kirby
628,628,Mrs.,Brian,Brown,Consumer,Widowed,Female,1951-01-10,2014-03-20,,SOUTH,Mrs. Brian Brown
629,629,Professor,Karen,Potter,Consumer,Married,Male,1963-06-03,2007-05-01,,EAST,Professor Karen Potter
630,630,Professor,Olivia,Tyson,Corporate,Married,Female,1995-04-13,2002-01-07,,SOUTH,Professor Olivia Tyson
631,631,Ms.,Edward,Jones,SME,Single,Female,1957-05-28,2010-09-03,,SOUTH,Ms. Edward Jones
632,632,Professor,Charles,Jackson,Consumer,Married,Female,1988-12-24,2015-08-26,,NORTH,Professor Charles Jackson
633,633,Professor,Patrick,Jackson,Consumer,Married,Male,1967-08-05,2012-08-02,,WEST,Professor Patrick Jackson
634,634,Ms.,Yvonne,White,Corporate,Widowed,Female,1958-01-14,2002-07-10,,NORTH,Ms. Yvonne White
635,635,Ms.,Gwendolyn,Taylor,Corporate,Married,Female,1952-03-04,2006-11-02,,NORTH,Ms. Gwendolyn Taylor
636,636,Mrs.,Olivia,Johnson,Consumer,Divorced,Male,1967-12-01,2015-05-16,,WEST,Mrs. Olivia Johnson
637,637,Mrs.,Xander,Johnson,Corporate,Single,Male,1963-04-02,2006-06-14,,EAST,Mrs. Xander Johnson
638,638,Mr.,Olivia,Martin,Consumer,Married,Female,1979-10-10,2004-09-08,,NORTH,Mr. Olivia Martin
639,639,Mr.,Tina,Jones,Corporate,Single,Male,1983-10-15,2013-01-27,,SOUTH,Mr. Tina Jones
640,640,Professor,James,Miller,SME,Widowed,Male,1974-05-04,2001-03-10,,EAST,Professor James Miller
641,641,Ms.,Megan,Wilson,SME,Divorced,Female,1959-09-06,2000-06-05,,EAST,Ms. Megan Wilson
642,642,Mr.,Megan,Thompson,Consumer,Single,Male,1978-04-20,2010-11-14,,WEST,Mr. Megan Thompson
643,643,Mr.,Rachel,Smith,Corporate,Divorced,Female,1972-03-12,2011-11-15,,SOUTH,Mr. Rachel Smith
644,644,Mr.,Xander,Garcia,Corporate,Divorced,Female,1981-02-10,2015-05-07,,SOUTH,Mr. Xander Garcia
645,645,Mr.,Quinn,Wilson,SME,Single,Female,1973-02-12,2008-09-06,,WEST,Mr. Quinn Wilson
646,646,Dr.,Edward,Taylor,SME,Widowed,Male,1962-04-25,2001-12-20,,WEST,Dr. Edward Taylor
647,647,Mrs.,Henry,Kirby,Corporate,Divorced,Male,1988-04-05,2007-01-03,,SOUTH,Mrs. Henry Kirby
648,648,Professor,Ursula,Jones,Consumer,Married,Female,1998-07-27,2015-05-05,,WEST,Professor Ursula Jones
649,649,Professor,Nathan,Jones,SME,Single,Male,1964-03-06,2007-02-13,,WEST,Professor Nathan Jones
650,650,Mr.,Karen,Jones,Corporate,Widowed,Female,1978-08-04,2009-04-14,,WEST,Mr. Karen Jones
651,651,Mr.,Edward,Miller,SME,Single,Female,1961-10-20,2004-02-22,,NORTH,Mr. Edward Miller
652,652,Mrs.,Tina,Davis,SME,Single,Female,1952-05-04,2008-01-22,,WEST,Mrs. Tina Davis
653,653,Dr.,Quinn,Tyson,Corporate,Widowed,Female,1983-07-20,2004-02-16,,WEST,Dr. Quinn Tyson
654,654,Mrs.,Fiona,Miller,Corporate,Single,Female,1952-11-22,2009-03-01,,WEST,Mrs. Fiona Miller
655,655,Mrs.,Xander,Miller,SME,Widowed,Female,1955-12-08,2003-12-21,,WEST,Mrs. Xander Miller
656,656,Mrs.,Brian,Harris,SME,Single,Female,1988-05-11,2009-01-29,,NORTH,Mrs. Brian Harris
657,657,Professor,Megan,Tyson,SME,Single,Male,1998-02-06,2011-10-12,,NORTH,Professor Megan Tyson
658,658,Mrs.,Olivia,Johnson,SME,Widowed,Male,1996-07-14,2012-01-24,,SOUTH,Mrs. Olivia Johnson
659,659,Mr.,Quinn,Dillon,Corporate,Widowed,Female,1967-01-13,2006-07-13,,SOUTH,Mr. Quinn Dillon
660,660,Dr.,Olivia,Garcia,SME,Single,Male,1976-05-31,2013-10-01,,NORTH,Dr. Olivia Garcia
661,661,Dr.,Allison,Dillon,Consumer,Single,Male,1958-02-11,2011-03-25,,SOUTH,Dr. Allison Dillon
662,662,Dr.,Nathan,Taylor,SME,Widowed,Male,1952-03-27,2004-01-05,,SOUTH,Dr. Nathan Taylor
663,663,Ms.,Charles,Wilson,Consumer,Single,Female,1964-09-17,2002-10-09,,SOUTH,Ms. Charles Wilson
664,664,Dr.,Charles,Thompson,Corporate,Married,Female,1995-11-27,2013-09-23,,NORTH,Dr. Charles Thompson
665,665,Ms.,Yvonne,Garcia,Consumer,Married,Male,2000-09-25,2014-10-16,,EAST,Ms. Yvonne Garcia
666,666,Dr.,Yvonne,Johnson,Corporate,Widowed,Male,1977-08-21,2006-12-10,,WEST,Dr. Yvonne Johnson
667,667,Professor,Allison,Kirby,Consumer,Divorced,Female,1950-04-26,2013-12-18,,EAST,Professor Allison Kirby
668,668,Professor,Brian,Martin,Consumer,Widowed,Male,1950-07-08,2013-08-20,,SOUTH,Professor Brian Martin
669,669,Dr.,Olivia,White,Consumer,Single,Female,1957-02-14,2013-06-26,,SOUTH,Dr. Olivia White
670,670,Mrs.,Bonnie,Garcia,Consumer,Divorced,Male,1954-12-10,2014-08-26,,WEST,Mrs. Bonnie Garcia
671,671,Professor,Victor,Kirby,Consumer,Single,Male,1976-10-10,2007-06-05,,EAST,Professor Victor Kirby
672,672,Ms.,Fiona,Garcia,SME,Widowed,Female,2000-06-08,2003-12-24,,SOUTH,Ms. Fiona Garcia
673,673,Ms.,Charles,Anderson,Corporate,Single,Male,1983-01-25,2008-07-01,,EAST,Ms. Charles Anderson
674,674,Mr.,Patrick,Jones,SME,Widowed,Male,1974-08-15,2007-05-20,,NORTH,Mr. Patrick Jones
675,675,Mr.,Tina,Johnson,SME,Widowed,Female,1997-06-15,2001-12-19,,WEST,Mr. Tina Johnson
676,676,Ms.,Tina,Taylor,Consumer,Divorced,Female,1997-02-19,2012-11-24,,SOUTH,Ms. Tina Taylor
677,677,Professor,Patrick,Garcia,Consumer,Divorced,Male,1970-11-17,2015-11-22,,SOUTH,Professor Patrick Garcia
678,678,Mr.,Aaron,Harris,Corporate,Widowed,Male,1968-08-07,2013-10-19,,EAST,Mr. Aaron Harris
679,679,Mrs.,Liam,Potter,SME,Married,Female,1951-01-06,2014-05-14,,NORTH,Mrs. Liam Potter
680,680,Ms.,Zachary,Williams,Consumer,Divorced,Male,1976-12-09,2011-05-13,,NORTH,Ms. Zachary Williams
681,681,Professor,Karen,Jackson,Corporate,Married,Female,1952-08-12,2003-12-09,,NORTH,Professor Karen Jackson
682,682,Mrs.,Patrick,Johnson,SME,Widowed,Female,1993-03-13,2003-06-26,,SOUTH,Mrs. Patrick Johnson
683,683,Mr.,Zachary,White,SME,Divorced,Male,1996-09-30,2006-09-18,,SOUTH,Mr. Zachary White
684,684,Ms.,Samuel,Taylor,Consumer,Divorced,Female,1955-12-10,2003-05-08,,WEST,Ms. Samuel Taylor
685,685,Mrs.,Ursula,Potter,Corporate,Single,Female,1984-12-13,2004-03-15,,SOUTH,Mrs. Ursula Potter
686,686,Mr.,Irene,White,Corporate,Divorced,Female,1994-08-05,2005-04-30,,EAST,Mr. Irene White
687,687,Mrs.,Quinn,Anderson,Consumer,Single,Male,1960-01-26,2008-05-23,,WEST,Mrs. Quinn Anderson
688,688,Dr.,Quinn,Smith,Corporate,Married,Female,1994-11-11,2003-06-16,,SOUTH,Dr. Quinn Smith
689,689,Mrs.,Yvonne,Taylor,Consumer,Married,Male,1958-10-25,2011-07-30,,NORTH,Mrs. Yvonne Taylor
690,690,Mr.,Megan,Thompson,SME,Single,Male,1950-05-15,2006-12-22,,SOUTH,Mr. Megan Thompson
691,691,Mr.,Olivia,Johnson,Consumer,Divorced,Female,1996-09-14,2014-10-12,,NORTH,Mr. Olivia Johnson
692,692,Mrs.,Karen,Miller,Corporate,Divorced,Male,1975-09-17,2006-03-16,,WEST,Mrs. Karen Miller
693,693,Ms.,Edward,Garcia,Consumer,Single,Female,1960-04-08,2000-05-04,,NORTH,Ms. Edward Garcia
694,694,Ms.,Irene,Jones,Corporate,Single,Female,1971-12-19,2003-11-04,,NORTH,Ms. Irene Jones
695,695,Mr.,Bonnie,Jones,Consumer,Single,Female,1992-03-26,2015-02-24,,SOUTH,Mr. Bonnie Jones
696,696,Dr.,Charles,White,SME,Widowed,Female,1966-01-21,2015-10-21,,EAST,Dr. Charles White
697,697,Professor,Karen,Miller,Consumer,Married,Female,1957-01-17,2010-06-11,,NORTH,Professor Karen Miller
698,698,Dr.,Olivia,Anderson,Consumer,Married,Female,1992-03-19,2005-03-13,,EAST,Dr. Olivia Anderson
699,699,Ms.,Megan,Garcia,Consumer,Widowed,Male,1979-02-19,2010-03-02,,NORTH,Ms. Megan Garcia
700,700,Dr.,Diana,Thomas,Corporate,Divorced,Male,1991-05-19,2003-10-31,,SOUTH,Dr. Diana Thomas
1,701,Professor,Yvonne,Harris,SME,Single,Female,1996-05-27,2024-01-15,,WEST,Professor Yvonne Harris
2,702,Dr.,Victor,Brown,Corporate,Widowed,Male,1988-01-24,2024-01-15,,SOUTH,Dr. Victor Brown
3,703,Mrs.,Catherine,Jackson,SME,Married,Male,1986-05-18,2024-01-15,,SOUTH,Mrs. Catherine Jackson
4,704,Dr.,Rachel,Jones,Consumer,Married,Male,1980-01-17,2024-01-15,,EAST,Dr. Rachel Jones
5,705,Ms.,Victor,Garcia,Consumer,Widowed,Female,1970-09-01,2024-01-15,,NORTH,Ms. Victor Garcia
6,706,Professor,Olivia,Brown,SME,Divorced,Female,1995-07-18,2024-01-15,,NORTH,Professor Olivia Brown
7,707,Mr.,Quinn,Dillon,Consumer,Single,Male,1984-09-07,2024-01-15,,WEST,Mr. Quinn Dillon
8,708,Dr.,Yvonne,Tyson,Consumer,Divorced,Male,1989-04-15,2024-01-15,,SOUTH,Dr. Yvonne Tyson
9,709,Professor,Brian,Smith,Consumer,Married,Male,1984-11-04,2024-01-15,,NORTH,Professor Brian Smith
10,710,Professor,Wendy,Davis,SME,Widowed,Female,1992-10-04,2024-01-15,,EAST,Professor Wendy Davis
11,711,Mrs.,James,Tyson,Corporate,Single,Male,1982-09-20,2024-01-15,,NORTH,Mrs. James Tyson
12,712,Dr.,Ursula,Potter,SME,Widowed,Male,1999-05-17,2024-01-15,,NORTH,Dr. Ursula Potter
13,713,Mr.,Liam,Garcia,Consumer,Widowed,Female,1987-07-08,2024-01-15,,SOUTH,Mr. Liam Garcia
14,714,Mrs.,Rachel,Garcia,Consumer,Widowed,Female,1987-01-25,2024-01-15,,SOUTH,Mrs. Rachel Garcia
15,715,Professor,Charles,Dillon,SME,Widowed,Female,1997-05-20,2024-01-15,,EAST,Professor Charles Dillon
16,716,Dr.,Rachel,Jones,SME,Widowed,Female,1976-11-26,2024-01-15,,SOUTH,Dr. Rachel Jones
17,717,Ms.,Quinn,Kirby,Consumer,Widowed,Male,1998-11-09,2024-01-15,,WEST,Ms. Quinn Kirby
18,718,Professor,Aaron,Jackson,SME,Married,Male,1986-07-16,2024-01-15,,NORTH,Professor Aaron Jackson
19,719,Ms.,Catherine,Smith,SME,Divorced,Female,1987-02-02,2024-01-15,,EAST,Ms. Catherine Smith
20,720,Dr.,Samuel,Johnson,Consumer,Single,Male,1982-07-17,2024-01-15,,NORTH,Dr. Samuel Johnson
21,721,Ms.,Brian,Thomas,Corporate,Divorced,Male,1993-06-27,2024-01-15,,WEST,Ms. Brian Thomas
22,722,Dr.,Samuel,Jackson,Consumer,Married,Female,1997-06-04,2024-01-15,,SOUTH,Dr. Samuel Jackson
23,723,Mrs.,Ursula,Davis,SME,Married,Female,1987-07-23,2024-01-15,,NORTH,Mrs. Ursula Davis
24,724,Mrs.,Rachel,Kirby,Consumer,Divorced,Female,1977-05-17,2024-01-15,,WEST,Mrs. Rachel Kirby
25,725,Mr.,Victor,Taylor,Consumer,Divorced,Female,1977-12-24,2024-01-15,,NORTH,Mr. Victor Taylor
26,726,Dr.,Fiona,Kirby,Consumer,Widowed,Male,1979-12-21,2024-01-15,,NORTH,Dr. Fiona Kirby
27,727,Professor,Tina,Thomas,Consumer,Married,Male,1995-02-12,2024-01-15,,NORTH,Professor Tina Thomas
28,728,Ms.,Liam,Smith,SME,Widowed,Female,1987-04-30,2024-01-15,,SOUTH,Ms. Liam Smith
29,729,Mr.,Tina,Taylor,Corporate,Divorced,Female,1980-01-22,2024-01-15,,NORTH,Mr. Tina Taylor
30,730,Mrs.,James,Dillon,SME,Single,Male,1975-01-29,2024-01-15,,EAST,Mrs. James Dillon
31,731,Professor,Patrick,Garcia,Consumer,Married,Female,1996-02-09,2024-01-15,,SOUTH,Professor Patrick Garcia
32,732,Ms.,Zachary,Johnson,Consumer,Divorced,Male,1987-09-12,2024-01-15,,WEST,Ms. Zachary Johnson
33,733,Mr.,Karen,Anderson,Corporate,Single,Female,1984-09-14,2024-01-15,,NORTH,Mr. Karen Anderson
34,734,Mr.,Gwendolyn,Garcia,Corporate,Married,Female,1991-05-07,2024-01-15,,WEST,Mr. Gwendolyn Garcia
35,735,Mrs.,Zachary,White,Corporate,Divorced,Male,1970-09-21,2024-01-15,,EAST,Mrs. Zachary White
36,736,Mrs.,Wendy,Dillon,Consumer,Divorced,Male,1971-07-31,2024-01-15,,NORTH,Mrs. Wendy Dillon
37,737,Mrs.,Olivia,Jackson,SME,Single,Female,1995-03-10,2024-01-15,,NORTH,Mrs. Olivia Jackson
38,738,Professor,Xander,Jones,Corporate,Single,Female,1986-03-12,2024-01-15,,EAST,Professor Xander Jones
39,739,Mrs.,Brian,Thompson,SME,Divorced,Female,1977-04-21,2024-01-15,,WEST,Mrs. Brian Thompson
40,740,Ms.,Rachel,White,Corporate,Single,Female,1996-03-06,2024-01-15,,WEST,Ms. Rachel White
41,741,Dr.,Rachel,Harris,Corporate,Divorced,Male,1976-03-14,2024-01-15,,SOUTH,Dr. Rachel Harris
42,742,Ms.,Quinn,Taylor,SME,Divorced,Female,1996-05-23,2024-01-15,,SOUTH,Ms. Quinn Taylor
43,743,Ms.,Zachary,Taylor,SME,Divorced,Male,1992-07-09,2024-01-15,,SOUTH,Ms. Zachary Taylor
44,744,Ms.,Tina,Brown,Consumer,Widowed,Female,1971-02-21,2024-01-15,,WEST,Ms. Tina Brown
45,745,Mr.,Catherine,Johnson,Consumer,Married,Female,1986-09-17,2024-01-15,,WEST,Mr. Catherine Johnson
46,746,Professor,Ursula,Davis,Consumer,Married,Male,1998-10-30,2024-01-15,,WEST,Professor Ursula Davis
47,747,Ms.,Brian,Taylor,Consumer,Married,Male,1984-07-14,2024-01-15,,EAST,Ms. Brian Taylor
48,748,Dr.,Bonnie,Thompson,Consumer,Widowed,Male,2000-08-04,2024-01-15,,NORTH,Dr. Bonnie Thompson
49,749,Ms.,James,Anderson,SME,Widowed,Female,1996-04-22,2024-01-15,,EAST,Ms. James Anderson
50,750,Mrs.,Patrick,Davis,Corporate,Widowed,Female,1983-02-17,2024-01-15,,SOUTH,Mrs. Patrick Davis
51,1354,Mr.,Aaron,Dillon,Consumer,Married,Male,1985-02-15,2024-04-12,2024-04-12,EAST,Mr. Aaron Dillon
1,751,Mr.,Gwendolyn,Garcia,Consumer,Widowed,Female,1990-12-06,2024-02-20,,WEST,Mr. Gwendolyn Garcia
2,752,Mr.,Diana,Tyson,SME,Single,Male,1975-01-21,2024-02-20,,WEST,Mr. Diana Tyson
3,753,Dr.,Diana,Jones,Consumer,Single,Male,1997-09-13,2024-02-20,,SOUTH,Dr. Diana Jones
4,754,Dr.,Edward,Taylor,SME,Widowed,Male,1978-11-18,2024-02-20,,EAST,Dr. Edward Taylor
5,755,Mr.,James,Kirby,Consumer,Widowed,Female,1985-02-17,2024-02-20,,WEST,Mr. James Kirby
6,756,Professor,Aaron,Garcia,Corporate,Divorced,Male,1976-09-17,2024-02-20,,WEST,Professor Aaron Garcia
7,757,Mrs.,Diana,Williams,Corporate,Single,Female,1998-01-19,2024-02-20,,NORTH,Mrs. Diana Williams
8,758,Ms.,Brian,Smith,SME,Divorced,Male,1976-09-25,2024-02-20,,WEST,Ms. Brian Smith
9,759,Dr.,Edward,Smith,SME,Married,Female,1985-09-12,2024-02-20,,NORTH,Dr. Edward Smith
10,760,Mr.,Zachary,Dillon,Consumer,Married,Female,1975-10-02,2024-02-20,,SOUTH,Mr. Zachary Dillon
11,761,Mr.,Yvonne,Brown,Consumer,Widowed,Male,1976-05-13,2024-02-20,,SOUTH,Mr. Yvonne Brown
12,762,Mrs.,Nathan,Thomas,SME,Divorced,Female,1987-05-18,2024-02-20,,NORTH,Mrs. Nathan Thomas
13,763,Mrs.,Gwendolyn,Smith,Corporate,Single,Male,1971-02-25,2024-02-20,,NORTH,Mrs. Gwendolyn Smith
14,764,Dr.,Bonnie,White,Consumer,Divorced,Male,1991-07-03,2024-02-20,,WEST,Dr. Bonnie White
15,765,Professor,Patrick,Wilson,Consumer,Married,Male,1989-11-16,2024-02-20,,WEST,Professor Patrick Wilson
16,766,Dr.,Nathan,Kirby,Consumer,Widowed,Male,1975-10-31,2024-02-20,,EAST,Dr. Nathan Kirby
17,767,Ms.,Quinn,Dillon,Consumer,Divorced,Female,1981-09-17,2024-02-20,,WEST,Ms. Quinn Dillon
18,768,Mr.,Henry,Anderson,Consumer,Married,Male,1975-08-05,2024-02-20,,WEST,Mr. Henry Anderson
19,769,Professor,Liam,Jackson,Corporate,Widowed,Female,1988-12-25,2024-02-20,,EAST,Professor Liam Jackson
20,770,Professor,Charles,Thomas,Corporate,Divorced,Female,1982-10-15,2024-02-20,,NORTH,Professor Charles Thomas
21,771,Mrs.,Henry,Wilson,Corporate,Single,Male,1981-04-07,2024-02-20,,SOUTH,Mrs. Henry Wilson
22,772,Dr.,Aaron,Brown,Consumer,Single,Male,1993-01-24,2024-02-20,,SOUTH,Dr. Aaron Brown
23,773,Mr.,Gwendolyn,Smith,SME,Widowed,Male,1974-07-03,2024-02-20,,EAST,Mr. Gwendolyn Smith
24,774,Dr.,Irene,Williams,Corporate,Married,Female,1993-02-27,2024-02-20,,SOUTH,Dr. Irene Williams
25,775,Professor,Aaron,Thompson,Consumer,Divorced,Female,1974-10-26,2024-02-20,,EAST,Professor Aaron Thompson
26,776,Professor,Aaron,Brown,Corporate,Single,Female,1973-10-15,2024-02-20,,WEST,Professor Aaron Brown
27,777,Professor,Bonnie,White,Corporate,Single,Male,1972-06-01,2024-02-20,,WEST,Professor Bonnie White
28,778,Mrs.,Karen,Williams,Consumer,Divorced,Female,1993-10-21,2024-02-20,,SOUTH,Mrs. Karen Williams
29,779,Dr.,James,Miller,Corporate,Married,Male,1978-10-26,2024-02-20,,NORTH,Dr. James Miller
30,780,Mr.,Samuel,White,Consumer,Divorced,Female,1990-01-16,2024-02-20,,EAST,Mr. Samuel White
31,781,Dr.,Tina,Wilson,Corporate,Single,Male,1975-05-29,2024-02-20,,SOUTH,Dr. Tina Wilson
32,782,Ms.,Gwendolyn,Miller,SME,Widowed,Male,1989-09-18,2024-02-20,,EAST,Ms. Gwendolyn Miller
33,783,Dr.,Catherine,Jackson,Corporate,Married,Male,1985-11-05,2024-02-20,,NORTH,Dr. Catherine Jackson
34,784,Professor,Henry,Jones,SME,Widowed,Male,1971-06-10,2024-02-20,,EAST,Professor Henry Jones
35,785,Ms.,Megan,White,Corporate,Single,Female,1984-10-26,2024-02-20,,EAST,Ms. Megan White
36,786,Mr.,Zachary,Brown,Consumer,Widowed,Female,1999-11-25,2024-02-20,,EAST,Mr. Zachary Brown
37,787,Mr.,Irene,Johnson,Consumer,Divorced,Male,1994-05-25,2024-02-20,,SOUTH,Mr. Irene Johnson
38,788,Professor,Yvonne,Dillon,SME,Divorced,Male,1984-02-18,2024-02-20,,EAST,Professor Yvonne Dillon
39,789,Mr.,Karen,Garcia,Consumer,Divorced,Male,1996-06-13,2024-02-20,,WEST,Mr. Karen Garcia
40,790,Professor,Allison,Martin,Corporate,Widowed,Male,1999-01-26,2024-02-20,,NORTH,Professor Allison Martin
41,791,Mrs.,Olivia,Kirby,Corporate,Single,Female,1987-02-23,2024-02-20,,EAST,Mrs. Olivia Kirby
42,792,Mr.,Nathan,Jackson,Consumer,Married,Male,1991-10-03,2024-02-20,,NORTH,Mr. Nathan Jackson
43,793,Mr.,Patrick,Martin,SME,Divorced,Male,1980-06-19,2024-02-20,,NORTH,Mr. Patrick Martin
44,794,Ms.,Nathan,Garcia,Consumer,Divorced,Male,1997-05-22,2024-02-20,,WEST,Ms. Nathan Garcia
45,795,Mr.,Charles,Wilson,Consumer,Widowed,Male,1971-03-08,2024-02-20,,SOUTH,Mr. Charles Wilson
46,796,Dr.,Bonnie,Thompson,Corporate,Married,Male,1973-12-29,2024-02-20,,WEST,Dr. Bonnie Thompson
47,797,Mr.,Allison,Garcia,SME,Single,Female,1974-04-07,2024-02-20,,SOUTH,Mr. Allison Garcia
48,798,Mrs.,Liam,Tyson,SME,Widowed,Male,1975-01-09,2024-02-20,,EAST,Mrs. Liam Tyson
49,799,Dr.,Aaron,Potter,SME,Divorced,Male,1973-03-02,2024-02-20,,EAST,Dr. Aaron Potter
50,800,Ms.,James,Potter,Consumer,Married,Male,1990-03-30,2024-02-20,,SOUTH,Ms. James Potter
51,1354,Mr.,Aaron,Dillon,Consumer,Divorced,Male,1985-02-15,2024-04-13,2099-12-31,EAST,Mr. Aaron Dillon
